Workbook

Sheet Summary
A1: Amazon_Now — In Stock % by run
A2: In Stock / (In Stock + Out of Stock). Excluded from both halves: rows with no reading, rows from a store marked Serviceable = No, and "Not Available" rows (the store does not carry the item — an assortment gap, not a stock-out). The 'Not carried' block below counts those.
A4: Pincode | B4: 2026-09-11 08:45 | C4: 2026-09-11 10:32 | D4: 2026-09-11 12:01 | E4: 2026-09-11 12:53 | F4: 2026-09-12 13:30 | G4: 2026-09-12 21:41 | H4: 2026-09-12 21:58 | I4: 2026-09-13 06:25 | J4: 2026-09-13 06:40 | K4: 2026-09-13 07:59 | L4: 2026-09-13 09:54 | M4: 2026-09-13 11:59
A5: 400051 | B5: =IFERROR(SUMPRODUCT(('2026-09-11 0845'!$A$2:$A$155="400051")*('2026-09-11 0845'!$D$2:$D$155="In Stock")*('2026-09-11 0845'!$E$2:$E$155<>"No"))/SUMPRODUCT(('2026-09-11 0845'!$A$2:$A$155="400051")*(('2026-09-11 0845'!$D$2:$D$155="In Stock")+('2026-09-11 0845'!$D$2:$D$155="Out of Stock"))*('2026-09-11 0845'!$E$2:$E$155<>"No")),"") | C5: =IFERROR(SUMPRODUCT(('2026-09-11 1032'!$A$2:$A$155="400051")*('2026-09-11 1032'!$D$2:$D$155="In Stock")*('2026-09-11 1032'!$E$2:$E$155<>"No"))/SUMPRODUCT(('2026-09-11 1032'!$A$2:$A$155="400051")*(('2026-09-11 1032'!$D$2:$D$155="In Stock")+('2026-09-11 1032'!$D$2:$D$155="Out of Stock"))*('2026-09-11 1032'!$E$2:$E$155<>"No")),"") | D5: =IFERROR(SUMPRODUCT(('2026-09-11 1201'!$A$2:$A$155="400051")*('2026-09-11 1201'!$D$2:$D$155="In Stock")*('2026-09-11 1201'!$E$2:$E$155<>"No"))/SUMPRODUCT(('2026-09-11 1201'!$A$2:$A$155="400051")*(('2026-09-11 1201'!$D$2:$D$155="In Stock")+('2026-09-11 1201'!$D$2:$D$155="Out of Stock"))*('2026-09-11 1201'!$E$2:$E$155<>"No")),"") | E5: =IFERROR(SUMPRODUCT(('2026-09-11 1253'!$A$2:$A$155="400051")*('2026-09-11 1253'!$D$2:$D$155="In Stock")*('2026-09-11 1253'!$E$2:$E$155<>"No"))/SUMPRODUCT(('2026-09-11 1253'!$A$2:$A$155="400051")*(('2026-09-11 1253'!$D$2:$D$155="In Stock")+('2026-09-11 1253'!$D$2:$D$155="Out of Stock"))*('2026-09-11 1253'!$E$2:$E$155<>"No")),"") | F5: =IFERROR(SUMPRODUCT(('2026-09-12 1330'!$A$2:$A$155="400051")*('2026-09-12 1330'!$D$2:$D$155="In Stock")*('2026-09-12 1330'!$E$2:$E$155<>"No"))/SUMPRODUCT(('2026-09-12 1330'!$A$2:$A$155="400051")*(('2026-09-12 1330'!$D$2:$D$155="In Stock")+('2026-09-12 1330'!$D$2:$D$155="Out of Stock"))*('2026-09-12 1330'!$E$2:$E$155<>"No")),"") | G5: =IFERROR(SUMPRODUCT(('2026-09-12 2141'!$A$2:$A$155="400051")*('2026-09-12 2141'!$D$2:$D$155="In Stock")*('2026-09-12 2141'!$E$2:$E$155<>"No"))/SUMPRODUCT(('2026-09-12 2141'!$A$2:$A$155="400051")*(('2026-09-12 2141'!$D$2:$D$155="In Stock")+('2026-09-12 2141'!$D$2:$D$155="Out of Stock"))*('2026-09-12 2141'!$E$2:$E$155<>"No")),"") | H5: =IFERROR(SUMPRODUCT(('2026-09-12 2158'!$A$2:$A$155="400051")*('2026-09-12 2158'!$D$2:$D$155="In Stock")*('2026-09-12 2158'!$E$2:$E$155<>"No"))/SUMPRODUCT(('2026-09-12 2158'!$A$2:$A$155="400051")*(('2026-09-12 2158'!$D$2:$D$155="In Stock")+('2026-09-12 2158'!$D$2:$D$155="Out of Stock"))*('2026-09-12 2158'!$E$2:$E$155<>"No")),"") | I5: =IFERROR(SUMPRODUCT(('2026-09-13 0625'!$A$2:$A$155="400051")*('2026-09-13 0625'!$D$2:$D$155="In Stock")*('2026-09-13 0625'!$E$2:$E$155<>"No"))/SUMPRODUCT(('2026-09-13 0625'!$A$2:$A$155="400051")*(('2026-09-13 0625'!$D$2:$D$155="In Stock")+('2026-09-13 0625'!$D$2:$D$155="Out of Stock"))*('2026-09-13 0625'!$E$2:$E$155<>"No")),"") | J5: =IFERROR(SUMPRODUCT(('2026-09-13 0640'!$A$2:$A$155="400051")*('2026-09-13 0640'!$D$2:$D$155="In Stock")*('2026-09-13 0640'!$E$2:$E$155<>"No"))/SUMPRODUCT(('2026-09-13 0640'!$A$2:$A$155="400051")*(('2026-09-13 0640'!$D$2:$D$155="In Stock")+('2026-09-13 0640'!$D$2:$D$155="Out of Stock"))*('2026-09-13 0640'!$E$2:$E$155<>"No")),"") | K5: =IFERROR(SUMPRODUCT(('2026-09-13 0759'!$A$2:$A$155="400051")*('2026-09-13 0759'!$D$2:$D$155="In Stock")*('2026-09-13 0759'!$E$2:$E$155<>"No"))/SUMPRODUCT(('2026-09-13 0759'!$A$2:$A$155="400051")*(('2026-09-13 0759'!$D$2:$D$155="In Stock")+('2026-09-13 0759'!$D$2:$D$155="Out of Stock"))*('2026-09-13 0759'!$E$2:$E$155<>"No")),"") | L5: =IFERROR(SUMPRODUCT(('2026-09-13 0954'!$A$2:$A$155="400051")*('2026-09-13 0954'!$D$2:$D$155="In Stock")*('2026-09-13 0954'!$E$2:$E$155<>"No"))/SUMPRODUCT(('2026-09-13 0954'!$A$2:$A$155="400051")*(('2026-09-13 0954'!$D$2:$D$155="In Stock")+('2026-09-13 0954'!$D$2:$D$155="Out of Stock"))*('2026-09-13 0954'!$E$2:$E$155<>"No")),"") | M5: =IFERROR(SUMPRODUCT(('2026-09-13 1159'!$A$2:$A$155="400051")*('2026-09-13 1159'!$D$2:$D$155="In Stock")*('2026-09-13 1159'!$E$2:$E$155<>"No"))/SUMPRODUCT(('2026-09-13 1159'!$A$2:$A$155="400051")*(('2026-09-13 1159'!$D$2:$D$155="In Stock")+('2026-09-13 1159'!$D$2:$D$155="Out of Stock"))*('2026-09-13 1159'!$E$2:$E$155<>"No")),"")
A6: All pincodes | B6: =IFERROR(SUMPRODUCT(('2026-09-11 0845'!$D$2:$D$155="In Stock")*('2026-09-11 0845'!$E$2:$E$155<>"No"))/SUMPRODUCT((('2026-09-11 0845'!$D$2:$D$155="In Stock")+('2026-09-11 0845'!$D$2:$D$155="Out of Stock"))*('2026-09-11 0845'!$E$2:$E$155<>"No")),"") | C6: =IFERROR(SUMPRODUCT(('2026-09-11 1032'!$D$2:$D$155="In Stock")*('2026-09-11 1032'!$E$2:$E$155<>"No"))/SUMPRODUCT((('2026-09-11 1032'!$D$2:$D$155="In Stock")+('2026-09-11 1032'!$D$2:$D$155="Out of Stock"))*('2026-09-11 1032'!$E$2:$E$155<>"No")),"") | D6: =IFERROR(SUMPRODUCT(('2026-09-11 1201'!$D$2:$D$155="In Stock")*('2026-09-11 1201'!$E$2:$E$155<>"No"))/SUMPRODUCT((('2026-09-11 1201'!$D$2:$D$155="In Stock")+('2026-09-11 1201'!$D$2:$D$155="Out of Stock"))*('2026-09-11 1201'!$E$2:$E$155<>"No")),"") | E6: =IFERROR(SUMPRODUCT(('2026-09-11 1253'!$D$2:$D$155="In Stock")*('2026-09-11 1253'!$E$2:$E$155<>"No"))/SUMPRODUCT((('2026-09-11 1253'!$D$2:$D$155="In Stock")+('2026-09-11 1253'!$D$2:$D$155="Out of Stock"))*('2026-09-11 1253'!$E$2:$E$155<>"No")),"") | F6: =IFERROR(SUMPRODUCT(('2026-09-12 1330'!$D$2:$D$155="In Stock")*('2026-09-12 1330'!$E$2:$E$155<>"No"))/SUMPRODUCT((('2026-09-12 1330'!$D$2:$D$155="In Stock")+('2026-09-12 1330'!$D$2:$D$155="Out of Stock"))*('2026-09-12 1330'!$E$2:$E$155<>"No")),"") | G6: =IFERROR(SUMPRODUCT(('2026-09-12 2141'!$D$2:$D$155="In Stock")*('2026-09-12 2141'!$E$2:$E$155<>"No"))/SUMPRODUCT((('2026-09-12 2141'!$D$2:$D$155="In Stock")+('2026-09-12 2141'!$D$2:$D$155="Out of Stock"))*('2026-09-12 2141'!$E$2:$E$155<>"No")),"") | H6: =IFERROR(SUMPRODUCT(('2026-09-12 2158'!$D$2:$D$155="In Stock")*('2026-09-12 2158'!$E$2:$E$155<>"No"))/SUMPRODUCT((('2026-09-12 2158'!$D$2:$D$155="In Stock")+('2026-09-12 2158'!$D$2:$D$155="Out of Stock"))*('2026-09-12 2158'!$E$2:$E$155<>"No")),"") | I6: =IFERROR(SUMPRODUCT(('2026-09-13 0625'!$D$2:$D$155="In Stock")*('2026-09-13 0625'!$E$2:$E$155<>"No"))/SUMPRODUCT((('2026-09-13 0625'!$D$2:$D$155="In Stock")+('2026-09-13 0625'!$D$2:$D$155="Out of Stock"))*('2026-09-13 0625'!$E$2:$E$155<>"No")),"") | J6: =IFERROR(SUMPRODUCT(('2026-09-13 0640'!$D$2:$D$155="In Stock")*('2026-09-13 0640'!$E$2:$E$155<>"No"))/SUMPRODUCT((('2026-09-13 0640'!$D$2:$D$155="In Stock")+('2026-09-13 0640'!$D$2:$D$155="Out of Stock"))*('2026-09-13 0640'!$E$2:$E$155<>"No")),"") | K6: =IFERROR(SUMPRODUCT(('2026-09-13 0759'!$D$2:$D$155="In Stock")*('2026-09-13 0759'!$E$2:$E$155<>"No"))/SUMPRODUCT((('2026-09-13 0759'!$D$2:$D$155="In Stock")+('2026-09-13 0759'!$D$2:$D$155="Out of Stock"))*('2026-09-13 0759'!$E$2:$E$155<>"No")),"") | L6: =IFERROR(SUMPRODUCT(('2026-09-13 0954'!$D$2:$D$155="In Stock")*('2026-09-13 0954'!$E$2:$E$155<>"No"))/SUMPRODUCT((('2026-09-13 0954'!$D$2:$D$155="In Stock")+('2026-09-13 0954'!$D$2:$D$155="Out of Stock"))*('2026-09-13 0954'!$E$2:$E$155<>"No")),"") | M6: =IFERROR(SUMPRODUCT(('2026-09-13 1159'!$D$2:$D$155="In Stock")*('2026-09-13 1159'!$E$2:$E$155<>"No"))/SUMPRODUCT((('2026-09-13 1159'!$D$2:$D$155="In Stock")+('2026-09-13 1159'!$D$2:$D$155="Out of Stock"))*('2026-09-13 1159'!$E$2:$E$155<>"No")),"")
A7: Not carried (excluded from the % above)
A8: Pincode | B8: 2026-09-11 08:45 | C8: 2026-09-11 10:32 | D8: 2026-09-11 12:01 | E8: 2026-09-11 12:53 | F8: 2026-09-12 13:30 | G8: 2026-09-12 21:41 | H8: 2026-09-12 21:58 | I8: 2026-09-13 06:25 | J8: 2026-09-13 06:40 | K8: 2026-09-13 07:59 | L8: 2026-09-13 09:54 | M8: 2026-09-13 11:59
A9: 400051 | B9: =IF(SUMPRODUCT(--('2026-09-11 0845'!$A$2:$A$155="400051"))=0,"",SUMPRODUCT(('2026-09-11 0845'!$A$2:$A$155="400051")*('2026-09-11 0845'!$D$2:$D$155="Not Available")*('2026-09-11 0845'!$E$2:$E$155<>"No"))) | C9: =IF(SUMPRODUCT(--('2026-09-11 1032'!$A$2:$A$155="400051"))=0,"",SUMPRODUCT(('2026-09-11 1032'!$A$2:$A$155="400051")*('2026-09-11 1032'!$D$2:$D$155="Not Available")*('2026-09-11 1032'!$E$2:$E$155<>"No"))) | D9: =IF(SUMPRODUCT(--('2026-09-11 1201'!$A$2:$A$155="400051"))=0,"",SUMPRODUCT(('2026-09-11 1201'!$A$2:$A$155="400051")*('2026-09-11 1201'!$D$2:$D$155="Not Available")*('2026-09-11 1201'!$E$2:$E$155<>"No"))) | E9: =IF(SUMPRODUCT(--('2026-09-11 1253'!$A$2:$A$155="400051"))=0,"",SUMPRODUCT(('2026-09-11 1253'!$A$2:$A$155="400051")*('2026-09-11 1253'!$D$2:$D$155="Not Available")*('2026-09-11 1253'!$E$2:$E$155<>"No"))) | F9: =IF(SUMPRODUCT(--('2026-09-12 1330'!$A$2:$A$155="400051"))=0,"",SUMPRODUCT(('2026-09-12 1330'!$A$2:$A$155="400051")*('2026-09-12 1330'!$D$2:$D$155="Not Available")*('2026-09-12 1330'!$E$2:$E$155<>"No"))) | G9: =IF(SUMPRODUCT(--('2026-09-12 2141'!$A$2:$A$155="400051"))=0,"",SUMPRODUCT(('2026-09-12 2141'!$A$2:$A$155="400051")*('2026-09-12 2141'!$D$2:$D$155="Not Available")*('2026-09-12 2141'!$E$2:$E$155<>"No"))) | H9: =IF(SUMPRODUCT(--('2026-09-12 2158'!$A$2:$A$155="400051"))=0,"",SUMPRODUCT(('2026-09-12 2158'!$A$2:$A$155="400051")*('2026-09-12 2158'!$D$2:$D$155="Not Available")*('2026-09-12 2158'!$E$2:$E$155<>"No"))) | I9: =IF(SUMPRODUCT(--('2026-09-13 0625'!$A$2:$A$155="400051"))=0,"",SUMPRODUCT(('2026-09-13 0625'!$A$2:$A$155="400051")*('2026-09-13 0625'!$D$2:$D$155="Not Available")*('2026-09-13 0625'!$E$2:$E$155<>"No"))) | J9: =IF(SUMPRODUCT(--('2026-09-13 0640'!$A$2:$A$155="400051"))=0,"",SUMPRODUCT(('2026-09-13 0640'!$A$2:$A$155="400051")*('2026-09-13 0640'!$D$2:$D$155="Not Available")*('2026-09-13 0640'!$E$2:$E$155<>"No"))) | K9: =IF(SUMPRODUCT(--('2026-09-13 0759'!$A$2:$A$155="400051"))=0,"",SUMPRODUCT(('2026-09-13 0759'!$A$2:$A$155="400051")*('2026-09-13 0759'!$D$2:$D$155="Not Available")*('2026-09-13 0759'!$E$2:$E$155<>"No"))) | L9: =IF(SUMPRODUCT(--('2026-09-13 0954'!$A$2:$A$155="400051"))=0,"",SUMPRODUCT(('2026-09-13 0954'!$A$2:$A$155="400051")*('2026-09-13 0954'!$D$2:$D$155="Not Available")*('2026-09-13 0954'!$E$2:$E$155<>"No"))) | M9: =IF(SUMPRODUCT(--('2026-09-13 1159'!$A$2:$A$155="400051"))=0,"",SUMPRODUCT(('2026-09-13 1159'!$A$2:$A$155="400051")*('2026-09-13 1159'!$D$2:$D$155="Not Available")*('2026-09-13 1159'!$E$2:$E$155<>"No")))
A10: All pincodes | B10: =SUMPRODUCT(('2026-09-11 0845'!$D$2:$D$155="Not Available")*('2026-09-11 0845'!$E$2:$E$155<>"No")) | C10: =SUMPRODUCT(('2026-09-11 1032'!$D$2:$D$155="Not Available")*('2026-09-11 1032'!$E$2:$E$155<>"No")) | D10: =SUMPRODUCT(('2026-09-11 1201'!$D$2:$D$155="Not Available")*('2026-09-11 1201'!$E$2:$E$155<>"No")) | E10: =SUMPRODUCT(('2026-09-11 1253'!$D$2:$D$155="Not Available")*('2026-09-11 1253'!$E$2:$E$155<>"No")) | F10: =SUMPRODUCT(('2026-09-12 1330'!$D$2:$D$155="Not Available")*('2026-09-12 1330'!$E$2:$E$155<>"No")) | G10: =SUMPRODUCT(('2026-09-12 2141'!$D$2:$D$155="Not Available")*('2026-09-12 2141'!$E$2:$E$155<>"No")) | H10: =SUMPRODUCT(('2026-09-12 2158'!$D$2:$D$155="Not Available")*('2026-09-12 2158'!$E$2:$E$155<>"No")) | I10: =SUMPRODUCT(('2026-09-13 0625'!$D$2:$D$155="Not Available")*('2026-09-13 0625'!$E$2:$E$155<>"No")) | J10: =SUMPRODUCT(('2026-09-13 0640'!$D$2:$D$155="Not Available")*('2026-09-13 0640'!$E$2:$E$155<>"No")) | K10: =SUMPRODUCT(('2026-09-13 0759'!$D$2:$D$155="Not Available")*('2026-09-13 0759'!$E$2:$E$155<>"No")) | L10: =SUMPRODUCT(('2026-09-13 0954'!$D$2:$D$155="Not Available")*('2026-09-13 0954'!$E$2:$E$155<>"No")) | M10: =SUMPRODUCT(('2026-09-13 1159'!$D$2:$D$155="Not Available")*('2026-09-13 1159'!$E$2:$E$155<>"No"))

Sheet 2026-09-11 0845
A1: Pincode | B1: Item | C1: ProductName | D1: is_out_of_stock | E1: Serviceable | F1: Quantity | G1: Base_Final quantity | H1: Base_Final unit | I1: Segment | J1: Grocery | K1: National / PL | L1: Product_Link | M1: Backup_Links | N1: Price | O1: MRP | P1: Weight | Q1: Seller | R1: ASIN | S1: StoreId | T1: Final_Qty | U1: Final_unit | V1: Pincode_Used | W1: Used_Link | X1: Captured_At
A2: 400051 | B2: Aashirvaad Select | Pure MP Sharbati Wheat Atta for Soft Makhmali Rotis | C2: Aashirvaad Select 100% MP Sharbati Atta | D2: In Stock | F2: 5 kg | G2: 5000 | H2: g | I2: Atta, Rice & Dal | J2: Atta | L2: https://www.amazon.in/dp/B00HUJQIZK | N2: 307 | O2: 384 | P2: 5 kg | Q2: Amazon Retail QCom | R2: B00HUJQIZK | S2: 15n9g3 | T2: 5000 | U2: g | V2: 400051 | W2: https://www.amazon.in/dp/B00HUJQIZK | X2: 2026-09-11 08:45:52
A3: 400051 | B3: Fortune Chakki Fresh Atta | F3: 5 kg | G3: 5000 | H3: g | I3: Atta, Rice & Dal | J3: Atta | L3: https://www.amazon.in/dp/B0H5BRQFFJ
A4: 400051 | B4: Fortune 100% Chana Dal Besan | C4: Fortune 100% Chana Dal Besan | D4: In Stock | F4: 1 kg | G4: 1000 | H4: g | I4: Atta, Rice & Dal | J4: Besan, Sooji & Maida | L4: https://www.amazon.in/dp/B015MJI4BU | N4: 118 | O4: 169 | P4: 1 kg | Q4: Amazon Retail QCom | R4: B015MJI4BU | S4: 15n9g3 | T4: 1000 | U4: g | V4: 400051 | W4: https://www.amazon.in/dp/B015MJI4BU | X4: 2026-09-11 08:45:52
A5: 400051 | B5: Rajdhani Sooji/Rava | F5: 1 kg | G5: 1000 | H5: g | I5: Atta, Rice & Dal | J5: Besan, Sooji & Maida | L5: https://www.amazon.in/dp/B00MOFO276
A6: 400051 | B6: Tata Sampann Unpolished Masoor Dal | C6: Tata Sampann Masoor Dal (Whole) | D6: In Stock | F6: 500 g | G6: 500 | H6: g | I6: Atta, Rice & Dal | J6: Moong & Masoor | L6: https://www.amazon.in/dp/B0752S522G | N6: 72 | O6: 79 | P6: 500 g | Q6: Amazon Retail QCom | R6: B0752S522G | S6: 15n9g3 | T6: 500 | U6: g | V6: 400051 | W6: https://www.amazon.in/dp/B0752S522G | X6: 2026-09-11 08:45:52
A7: 400051 | B7: Tata Sampann Unpolished Organic Moong Sabut | C7: Tata Sampann Green Moong Dal (Whole) | D7: In Stock | F7: 1 kg | G7: 1000 | H7: g | I7: Atta, Rice & Dal | J7: Moong & Masoor | L7: https://www.amazon.in/dp/B077X8MD39 | N7: 82 | O7: 93 | P7: 500 g | Q7: Amazon Retail QCom | R7: B077X8MD39 | S7: 15n9g3 | T7: 500 | U7: g | V7: 400051 | W7: https://www.amazon.in/dp/B077X8MD39 | X7: 2026-09-11 08:45:52
A8: 400051 | B8: Nutrela Soya Mini Chunks | C8: Nutrela Soya Mini Chunks | D8: In Stock | F8: 200 g | G8: 200 | H8: g | I8: Atta, Rice & Dal | J8: Rajma, Chhole & Others | L8: https://www.amazon.in/dp/B013SAX1NG | N8: 50 | O8: 55 | P8: 200 g | Q8: Amazon Retail QCom | R8: B013SAX1NG | S8: 15n9g3 | T8: 200 | U8: g | V8: 400051 | W8: https://www.amazon.in/dp/B013SAX1NG | X8: 2026-09-11 08:45:52
A9: 400051 | B9: Tata Sampann Unpolished Kabuli Chana (Big Size) | C9: Tata Sampann Kabuli Chana (Big Size) | D9: In Stock | F9: 500 g | G9: 500 | H9: g | I9: Atta, Rice & Dal | J9: Rajma, Chhole & Others | L9: https://www.amazon.in/dp/B07DCPTP6R | N9: 89 | O9: 104 | P9: 500 g | Q9: Amazon Retail QCom | R9: B07DCPTP6R | S9: 15n9g3 | T9: 500 | U9: g | V9: 400051 | W9: https://www.amazon.in/dp/B07DCPTP6R | X9: 2026-09-11 08:45:52
A10: 400051 | B10: Tata Sampann Unpolished Rajma | C10: Tata Sampann Rajma (Chitra) | D10: In Stock | F10: 500 g | G10: 500 | H10: g | I10: Atta, Rice & Dal | J10: Rajma, Chhole & Others | L10: https://www.amazon.in/dp/B077X8CS14 | N10: 93 | O10: 108 | P10: 500 g | Q10: Amazon Retail QCom | R10: B077X8CS14 | S10: 15n9g3 | T10: 500 | U10: g | V10: 400051 | W10: https://www.amazon.in/dp/B077X8CS14 | X10: 2026-09-11 08:45:52
A11: 400051 | B11: Daawat Super Basmati Rice (Long Grain) | C11: Daawat Super Basmati Rice | D11: In Stock | F11: 5 kg | G11: 5000 | H11: g | I11: Atta, Rice & Dal | J11: Rice | L11: https://www.amazon.in/dp/B00SWKBO0K | N11: 820 | O11: 995 | P11: 5 kg | Q11: Amazon Retail QCom | R11: B00SWKBO0K | S11: 15n9g3 | T11: 5000 | U11: g | V11: 400051 | W11: https://www.amazon.in/dp/B00SWKBO0K | X11: 2026-09-11 08:45:52
A12: 400051 | B12: India Gate Daily Premium Basmati Rice (Long Grain) | C12: India Gate Everyday Dubar Pure Basmati Rice | D12: In Stock | F12: 5 kg | G12: 5000 | H12: g | I12: Atta, Rice & Dal | J12: Rice | L12: https://www.amazon.in/dp/B0BBF1FT93 | N12: 379 | O12: 515 | P12: 5 kg | Q12: Amazon Retail QCom | R12: B0BBF1FT93 | S12: 15n9g3 | T12: 5000 | U12: g | V12: 400051 | W12: https://www.amazon.in/dp/B0BBF1FT93 | X12: 2026-09-11 08:45:52
A13: 400051 | B13: Tata Sampann Unpolished Chana Dal | C13: Tata Sampann Chana Dal (Split) | D13: In Stock | F13: 500 g | G13: 500 | H13: g | I13: Atta, Rice & Dal | J13: Toor, Urad & Chana | L13: https://www.amazon.in/dp/B077X8G5DK | N13: 61 | O13: 81 | P13: 500 g | Q13: Amazon Retail QCom | R13: B077X8G5DK | S13: 15n9g3 | T13: 500 | U13: g | V13: 400051 | W13: https://www.amazon.in/dp/B077X8G5DK | X13: 2026-09-11 08:45:52
A14: 400051 | B14: Tata Sampann Unpolished Toor Dal | C14: Vedaka Toor Dal (Split) | D14: In Stock | F14: 2 kg | G14: 2000 | H14: g | I14: Atta, Rice & Dal | J14: Toor, Urad & Chana | L14: https://www.amazon.in/dp/B0BSWQXJDL | N14: 306 | O14: 575 | P14: 2 kg | Q14: Amazon Retail QCom | R14: B0BSWQXJDL | S14: 15n9g3 | T14: 2000 | U14: g | V14: 400051 | W14: https://www.amazon.in/dp/B0BSWQXJDL | X14: 2026-09-11 08:45:52
A15: 400051 | B15: Nestle Cerelac Wheat Apple Baby Cereal (6 - 24 Months) | C15: Cerelac Baby Cereal with Milk | D15: In Stock | F15: 350 g | G15: 350 | H15: g | I15: Baby Care | J15: Baby Food | L15: https://www.amazon.in/dp/B00I4SYXIK | N15: 280 | P15: 350 g | Q15: Amazon Retail QCom | R15: B00I4SYXIK | S15: 15n9g3 | T15: 350 | U15: g | V15: 400051 | W15: https://www.amazon.in/dp/B00I4SYXIK | X15: 2026-09-11 08:45:52
A16: 400051 | B16: Himalaya Gentle Baby Wipes | F16: 2 x 72 wipes | G16: 144 | H16: pcs | I16: Baby Care | J16: Baby Wipes | L16: https://www.amazon.in/dp/B0GYPN214D
A17: 400051 | B17: Johnson's Baby Soap | F17: 3 pcs | G17: 3 | H17: pcs | I17: Baby Care | J17: Bathing Needs | L17: https://www.amazon.in/dp/B06XY98VPT
A18: 400051 | B18: Pampers Happy Sleep Pant Style Baby Diaper (M) | C18: Pampers Happy Sleep Pant Style Baby Diapers - M | D18: In Stock | F18: 48 pcs | G18: 48 | H18: pcs | I18: Baby Care | J18: Diapers & More | L18: https://www.amazon.in/dp/B0DSGHM8JW | N18: 476 | O18: 609 | P18: M, 48 Pcs | Q18: RK World Infocom Pvt Ltd QCom | R18: B0DSGHM8JW | S18: 15n9g3 | V18: 400051 | W18: https://www.amazon.in/dp/B0DSGHM8JW | X18: 2026-09-11 08:45:52
A19: 400051 | B19: Johnson's Baby Lotion | C19: Johnson's Baby Lotion | D19: In Stock | F19: 200 ml | G19: 200 | H19: ml | I19: Baby Care | J19: Skin & Hair Care | L19: https://www.amazon.in/dp/B07FHHCR44 | N19: 192 | O19: 220 | P19: 200 ml | Q19: RK World Infocom Pvt Ltd QCom | R19: B07FHHCR44 | S19: 15n9g3 | T19: 200 | U19: ml | V19: 400051 | W19: https://www.amazon.in/dp/B07FHHCR44 | X19: 2026-09-11 08:45:52
A20: 400051 | B20: Weikfield Double Action Baking Powder | F20: 100 g | G20: 100 | H20: g | I20: Bakery & Biscuits | J20: Baking Ingredients | L20: https://www.amazon.in/dp/B004KFHIBK
A21: 400051 | B21: Lotte Choco Pie | F21: 168 g | G21: 168 | H21: g | I21: Bakery & Biscuits | J21: Cakes & Rolls | L21: https://www.amazon.in/dp/B019RL0C4Q
A22: 400051 | B22: Britannia Original Bourbon Creme Biscuit | C22: Cadbury Bournvita Biscuits | D22: In Stock | F22: 150 g | G22: 150 | H22: g | I22: Bakery & Biscuits | J22: Cookies | L22: https://www.amazon.in/dp/B07FR2GVVK | N22: 29 | O22: 30 | P22: 111.6 g | Q22: Amazon Retail QCom | R22: B07FR2GVVK | S22: 15n9g3 | T22: 111.6 | U22: g | V22: 400051 | W22: https://www.amazon.in/dp/B07FR2GVVK | X22: 2026-09-11 08:45:54
A23: 400051 | B23: Britannia Good Day Cashew Biscuit | C23: Britannia Good Day Cashew Cookies | D23: In Stock | F23: 200 g | G23: 200 | H23: g | I23: Bakery & Biscuits | J23: Cookies | L23: https://www.amazon.in/dp/B01M1RKTRK | N23: 82 | O23: 130 | P23: 526 g | Q23: Amazon Retail QCom | R23: B01M1RKTRK | S23: 15n9g3 | T23: 526 | U23: g | V23: 400051 | W23: https://www.amazon.in/dp/B01M1RKTRK | X23: 2026-09-11 08:45:54
A24: 400051 | B24: Malkist Cheese Flavoured Cracker Biscuit - Family Pack | F24: 144 g | G24: 144 | H24: g | I24: Bakery & Biscuits | J24: Cream Biscuits | L24: https://www.amazon.in/dp/B0F2G8Q5SX
A25: 400051 | B25: Britannia Marie Gold Marie Biscuits (208 g) | C25: Britannia Marie Gold Biscuits | D25: In Stock | F25: 208 g | G25: 208 | H25: g | I25: Bakery & Biscuits | J25: Glucose & Marie | L25: https://www.amazon.in/dp/B00S9BSEB4 | N25: 40 | P25: 250 g | Q25: Amazon Retail QCom | R25: B00S9BSEB4 | S25: 15n9g3 | T25: 250 | U25: g | V25: 400051 | W25: https://www.amazon.in/dp/B00S9BSEB4 | X25: 2026-09-11 08:45:54
A26: 400051 | B26: Britannia NutriChoice Digestive High Fibre Biscuit - 250 g Family Pack | C26: Britannia Nutrichoice 5 Grain Digestive Biscuits | D26: In Stock | F26: 250 g | G26: 250 | H26: g | I26: Bakery & Biscuits | J26: Healthy & Digestive | L26: https://www.amazon.in/dp/B00RGE4OUA | N26: 54 | O26: 65 | P26: 200 g | Q26: Amazon Retail QCom | R26: B00RGE4OUA | S26: 15n9g3 | T26: 200 | U26: g | V26: 400051 | W26: https://www.amazon.in/dp/B00RGE4OUA | X26: 2026-09-11 08:45:54
A27: 400051 | B27: McVitie's Digestive High Fibre Biscuit | F27: 959.1 g | G27: 959.1 | H27: g | I27: Bakery & Biscuits | J27: Healthy & Digestive | L27: https://www.amazon.in/dp/B0H5QXXHLP
A28: 400051 | B28: Nivea Nourishing Body Lotion | F28: 600 ml | G28: 600 | H28: ml | I28: Beauty & Cosmetics | J28: Body & Skin Care | L28: https://www.amazon.in/dp/B099NNW9LL
A29: 400051 | B29: Maybelline New York Colossal Kajal (Deep Black) | C29: Maybelline The Colossal Kajal | D29: In Stock | F29: 0.35 g | G29: 0.35 | H29: g | I29: Beauty & Cosmetics | J29: Eye Makeup | L29: https://www.amazon.in/dp/B06WGZP21B | N29: 181 | O29: 220 | P29: 0.35 g | Q29: RK World Infocom Pvt Ltd QCom | R29: B06WGZP21B | S29: 15n9g3 | T29: 0.35 | U29: g | V29: 400051 | W29: https://www.amazon.in/dp/B06WGZP21B | X29: 2026-09-11 08:45:54
A30: 400051 | B30: Pond's Bright Beauty Serum Skin Treatment Cream 34 g | F30: 35 g | G30: 35 | H30: g | I30: Beauty & Cosmetics | J30: Face Care | L30: https://www.amazon.in/dp/B077ND8562
A31: 400051 | B31: Lakme Forever Matte Compact (Pearl) | C31: Lakme Forever Matte Compact | D31: In Stock | F31: 9 g | G31: 9 | H31: g | I31: Beauty & Cosmetics | J31: Face Cosmetics | L31: https://www.amazon.in/dp/B09C3Q2YFX | N31: 172 | O31: 245 | P31: 9 g | Q31: RK World Infocom Pvt Ltd QCom | R31: B09C3Q2YFX | S31: 15n9g3 | T31: 9 | U31: g | V31: 400051 | W31: https://www.amazon.in/dp/B09C3Q2YFX | X31: 2026-09-11 08:45:54
A32: 400051 | B32: Livon Anti-Frizz Hair Serum | C32: Livon Go Frizz Free Anti-Frizz Serum | D32: In Stock | F32: 50 ml | G32: 50 | H32: ml | I32: Beauty & Cosmetics | J32: Hair Styling & Treatment | L32: https://www.amazon.in/dp/B00CBRIKIE | N32: 139 | O32: 180 | P32: 50 ml | Q32: RK World Infocom Pvt Ltd QCom | R32: B00CBRIKIE | S32: 15n9g3 | T32: 50 | U32: ml | V32: 400051 | W32: https://www.amazon.in/dp/B00CBRIKIE | X32: 2026-09-11 08:45:54
A33: 400051 | B33: Nivea Essential Care Lip Balm | C33: Nivea Original Care Lip Balm | D33: In Stock | F33: 4.8 g | G33: 4.8 | H33: g | I33: Beauty & Cosmetics | J33: Lip & Eye Care | L33: https://www.amazon.in/dp/B007E9JC7W | N33: 137 | O33: 175 | P33: 4.8 g | Q33: RK World Infocom Pvt Ltd QCom | R33: B007E9JC7W | S33: 15n9g3 | T33: 4.8 | U33: g | V33: 400051 | W33: https://www.amazon.in/dp/B007E9JC7W | X33: 2026-09-11 08:45:54
A34: 400051 | B34: Lakme 9To5 Hya Matte Lipstick (Workday Rose) | F34: 3.6 g | G34: 3.6 | H34: g | I34: Beauty & Cosmetics | J34: Lip Cosmetics | L34: https://www.amazon.in/dp/B0DWH87545
A35: 400051 | B35: Lakme Nail Paint Remover | C35: Lakme Nail Enamel Remover | D35: In Stock | F35: 27 ml | G35: 27 | H35: ml | I35: Beauty & Cosmetics | J35: Nail Cosmetics | L35: https://www.amazon.in/dp/B006LXBF0E | N35: 99 | O35: 110 | P35: 27 ml | Q35: RK World Infocom Pvt Ltd QCom | R35: B006LXBF0E | S35: 15n9g3 | T35: 27 | U35: ml | V35: 400051 | W35: https://www.amazon.in/dp/B006LXBF0E | X35: 2026-09-11 08:45:54
A36: 400051 | B36: Licious Chicken Curry Cut (Small Pieces) | F36: 450 g | G36: 450 | H36: g | I36: Chicken, Meat & Fish | J36: Fresh Meat | L36: https://www.amazon.in/dp/B0BTYJ58W1
A37: 400051 | B37: Surf Excel Easy Wash Detergent Powder | C37: Surf Excel Easy Wash Detergent Powder | D37: In Stock | F37: 1 kg | G37: 1000 | H37: g | I37: Cleaning Essentials | J37: Detergent Powder & Bars | L37: https://www.amazon.in/dp/B01ITJ6642 | N37: 80 | O37: 85 | P37: 500 g | Q37: RK World Infocom Pvt Ltd QCom | R37: B01ITJ6642 | S37: 15n9g3 | T37: 500 | U37: g | V37: 400051 | W37: https://www.amazon.in/dp/B01ITJ6642 | X37: 2026-09-11 08:45:54
A38: 400051 | B38: Scotch Brite Scrub Pad | F38: 5 pcs | G38: 5 | H38: pcs | I38: Cleaning Essentials | J38: Dishwashing Accessories | L38: https://www.amazon.in/dp/B07H4YJLP4
A39: 400051 | B39: Vim Lemon Dishwash Bar (300 g) | C39: Vim Dishwash Bar Tub | D39: In Stock | F39: 300 g | G39: 300 | H39: g | I39: Cleaning Essentials | J39: Dishwashing Bars & Tubs | L39: https://www.amazon.in/dp/B00U2DVHD4 | N39: 55 | P39: 500 g | Q39: RK World Infocom Pvt Ltd QCom | R39: B00U2DVHD4 | S39: 15n9g3 | T39: 500 | U39: g | V39: 400051 | W39: https://www.amazon.in/dp/B00U2DVHD4 | X39: 2026-09-11 08:45:54
A40: 400051 | B40: Vim Lemon Dishwash Gel | C40: Vim Dishwash Liquid Gel | D40: In Stock | F40: 750 ml | G40: 750 | H40: ml | I40: Cleaning Essentials | J40: Dishwashing Gels & Tablets | L40: https://www.amazon.in/dp/B00M99II36 | N40: 189 | O40: 199 | P40: 750 ml | Q40: RK World Infocom Pvt Ltd QCom | R40: B00M99II36 | S40: 15n9g3 | T40: 750 | U40: ml | V40: 400051 | W40: https://www.amazon.in/dp/B00M99II36 | X40: 2026-09-11 08:45:54
A41: 400051 | B41: Comfort After Wash Fabric Conditioner (Lily Fresh) | C41: Comfort Lily Fresh Fabric Conditioner | D41: In Stock | F41: 860 ml | G41: 860 | H41: ml | I41: Cleaning Essentials | J41: Fabric Conditioner & Additives | L41: https://www.amazon.in/dp/B074NCW9PD | N41: 199 | O41: 245 | P41: 860 ml | Q41: RK World Infocom Pvt Ltd QCom | R41: B074NCW9PD | S41: 15n9g3 | T41: 860 | U41: ml | V41: 400051 | W41: https://www.amazon.in/dp/B074NCW9PD | X41: 2026-09-11 08:45:54
A42: 400051 | B42: Lizol Disinfectant Surface & Floor Cleaner (Citrus) 2 l | C42: Lizol Citrus Disinfectant Surface Cleaner | D42: In Stock | F42: 2 ltr | G42: 2000 | H42: ml | I42: Cleaning Essentials | J42: Floor & Surface Cleaners | L42: https://www.amazon.in/dp/B08CPRYLK4 | N42: 296 | O42: 329 | P42: 1.8 L | Q42: RK World Infocom Pvt Ltd QCom | R42: B08CPRYLK4 | S42: 15n9g3 | T42: 1800 | U42: ml | V42: 400051 | W42: https://www.amazon.in/dp/B08CPRYLK4 | X42: 2026-09-11 08:45:55
A43: 400051 | B43: Surf Excel Matic Top Load Liquid Detergent | C43: Surf Excel Matic Top Load Liquid Detergent | D43: In Stock | F43: 1 kg | G43: 1000 | H43: g | I43: Cleaning Essentials | J43: Liquid Detergents | L43: https://www.amazon.in/dp/B072QRVVDS | N43: 235 | P43: 1 L | Q43: RK World Infocom Pvt Ltd QCom | R43: B072QRVVDS | S43: 15n9g3 | T43: 1000 | U43: ml | V43: 400051 | W43: https://www.amazon.in/dp/B072QRVVDS | X43: 2026-09-11 08:45:55
A44: 400051 | B44: Harpic Disinfectant Liquid Toilet Cleaner - (Original) | C44: Harpic Power Plus Toilet Cleaner | D44: In Stock | F44: 1 ltr | G44: 1000 | H44: ml | I44: Cleaning Essentials | J44: Toilet & Bathroom Cleaners | L44: https://www.amazon.in/dp/B016D3J92M | N44: 390 | O44: 470 | P44: Pack of 2, 1 L Each | Q44: RK World Infocom Pvt Ltd QCom | R44: B016D3J92M | S44: 15n9g3 | V44: 400051 | W44: https://www.amazon.in/dp/B016D3J92M | X44: 2026-09-11 08:45:55
A45: 400051 | B45: Storia Tender Concentrate Coconut Water - No Added Sugar | C45: Storia Tender Coconut Water Pet Bottle | D45: In Stock | F45: 1 ltr | G45: 1000 | H45: ml | I45: Cold Drinks & Juices | J45: Coconut Water | L45: https://www.amazon.in/dp/B08753WZ51 | N45: 225 | O45: 360 | P45: Pack of 6, 200 ml Each | Q45: Amazon Retail QCom | R45: B08753WZ51 | S45: 15n9g3 | V45: 400051 | W45: https://www.amazon.in/dp/B08753WZ51 | X45: 2026-09-11 08:45:55
A46: 400051 | B46: Lipton Lemon Iced Tea | F46: 350 ml | G46: 350 | H46: ml | I46: Cold Drinks & Juices | J46: Cold Coffee & Ice Tea | L46: https://www.amazon.in/dp/B0CYX8SKVQ
A47: 400051 | B47: Nescafe Ready to Drink Cold Coffee, Iced Latte | F47: 180 ml | G47: 180 | H47: ml | I47: Cold Drinks & Juices | J47: Cold Coffee & Ice Tea | L47: https://www.amazon.in/dp/B0DSC9JQCG
A48: 400051 | B48: Hamdard Rooh Afza Rose Sharbat | F48: 750 ml | G48: 750 | H48: ml | I48: Cold Drinks & Juices | J48: Concentrates & Syrups | L48: https://www.amazon.in/dp/B06ZZMFB59
A49: 400051 | B49: Red Bull Energy Drink | F49: 250 ml | G49: 250 | H49: ml | I49: Cold Drinks & Juices | J49: Energy Drinks | L49: https://www.amazon.in/dp/B015T25C6K
A50: 400051 | B50: Real Activ Fibre+ Multi Fruit Juice | C50: Dabur Real Activ Mixed Fruit Juice | D50: In Stock | F50: 1 ltr | G50: 1000 | H50: ml | I50: Cold Drinks & Juices | J50: Fruit Juice | L50: https://www.amazon.in/dp/B0140TF93E | N50: 140.8 | O50: 160 | P50: 1 L | Q50: RK World Infocom Pvt Ltd QCom | R50: B0140TF93E | S50: 15n9g3 | T50: 1000 | U50: ml | V50: 400051 | W50: https://www.amazon.in/dp/B0140TF93E | X50: 2026-09-11 08:45:55
A51: 400051 | B51: Frooti Mango Drink | C51: Slice Mango Drink | D51: In Stock | F51: 150 ml | G51: 150 | H51: ml | I51: Cold Drinks & Juices | J51: Mango Drinks | L51: https://www.amazon.in/dp/B0140Q6M3S | N51: 70 | P51: 1.2 L | Q51: Amazon Retail QCom | R51: B0140Q6M3S | S51: 15n9g3 | T51: 1200 | U51: ml | V51: 400051 | W51: https://www.amazon.in/dp/B0140Q6M3S | X51: 2026-09-11 08:45:55
A52: 400051 | B52: Real Activ Apple Juice | C52: Dabur Real Activ Apple Fruit Juice Tetra Pack | D52: In Stock | F52: 1 ltr | G52: 1000 | H52: ml | I52: Cold Drinks & Juices | J52: Pure Juices | L52: https://www.amazon.in/dp/B013P5V00K | N52: 128 | O52: 160 | P52: 1 L | Q52: RK World Infocom Pvt Ltd QCom | R52: B013P5V00K | S52: 15n9g3 | T52: 1000 | U52: ml | V52: 400051 | W52: https://www.amazon.in/dp/B013P5V00K | X52: 2026-09-11 08:45:55
A53: 400051 | B53: Kinley Strong Soda Water | F53: 750 ml | G53: 750 | H53: ml | I53: Cold Drinks & Juices | J53: Soda & Mixers | L53: https://www.amazon.in/dp/B079GX9DDF
A54: 400051 | B54: Schweppes Indian Tonic Water | C54: Schweppes Indian Tonic Water | D54: In Stock | F54: 300 ml | G54: 300 | H54: ml | I54: Cold Drinks & Juices | J54: Soda & Mixers | L54: https://www.amazon.in/dp/B079H8QCDM | N54: 59 | O54: 60 | P54: 300 ml | Q54: Amazon Retail QCom | R54: B079H8QCDM | S54: 15n9g3 | T54: 300 | U54: ml | V54: 400051 | W54: https://www.amazon.in/dp/B079H8QCDM | X54: 2026-09-11 08:45:55
A55: 400051 | B55: Coca-Cola Cola Soft Drink | C55: Coca-Cola Original Taste Soft Drink | D55: In Stock | F55: 300 ml | G55: 300 | H55: ml | I55: Cold Drinks & Juices | J55: Soft Drinks | L55: https://www.amazon.in/dp/B08L4LPCZ8 | N55: 160 | P55: Pack of 8, 250 ml Each | Q55: Amazon Retail QCom | R55: B08L4LPCZ8 | S55: 15n9g3 | V55: 400051 | W55: https://www.amazon.in/dp/B08L4LPCZ8 | X55: 2026-09-11 08:45:55
A56: 400051 | B56: Pepsi Cola Soft Drink (2.25 l) | C56: Pepsi Soft Drink | D56: In Stock | F56: 2.25 ltr | G56: 2250 | H56: ml | I56: Cold Drinks & Juices | J56: Soft Drinks | L56: https://www.amazon.in/dp/B0140Q6HGA | N56: 85 | O56: 100 | P56: 2.25 L | Q56: Amazon Retail QCom | R56: B0140Q6HGA | S56: 15n9g3 | T56: 2250 | U56: ml | V56: 400051 | W56: https://www.amazon.in/dp/B0140Q6HGA | X56: 2026-09-11 08:45:55
A57: 400051 | B57: Bisleri Packaged Water (1 l) | C57: Bisleri Vedica Mineral Water Bottle | D57: In Stock | F57: 1 ltr | G57: 1000 | H57: ml | I57: Cold Drinks & Juices | J57: Water & Ice Cubes | L57: https://www.amazon.in/dp/B0DH2LZ9W9 | N57: 60 | P57: 1 L | Q57: Amazon Retail QCom | R57: B0DH2LZ9W9 | S57: 15n9g3 | T57: 1000 | U57: ml | V57: 400051 | W57: https://www.amazon.in/dp/B0DH2LZ9W9 | X57: 2026-09-11 08:45:55
A58: 400051 | B58: iD Idli & Dosa Batter - 1 kg | C58: iD Fresh Idly & Dosa Batter | D58: In Stock | F58: 1 kg | G58: 1000 | H58: g | I58: Dairy & Breakfast | J58: Batter | L58: https://www.amazon.in/dp/B01468O5AW | N58: 105 | P58: 1 kg | Q58: Amazon Retail QCom | R58: B01468O5AW | S58: 15n9g3 | T58: 1000 | U58: g | V58: 400051 | W58: https://www.amazon.in/dp/B01468O5AW | X58: 2026-09-11 08:45:55
A59: 400051 | B59: Britannia 100% Whole Wheat Bread (No Maida) | F59: 400 g | G59: 400 | H59: g | I59: Dairy & Breakfast | J59: Bread & Pav | L59: https://www.amazon.in/dp/B0B1D733ZV
A60: 400051 | B60: Britannia Pav | C60: Britannia Marie Gold Biscuits | D60: In Stock | F60: 250 g | G60: 250 | H60: g | I60: Dairy & Breakfast | J60: Bread & Pav | L60: https://www.amazon.in/dp/B00S9BSEB4 | N60: 40 | P60: 250 g | Q60: Amazon Retail QCom | R60: B00S9BSEB4 | S60: 15n9g3 | T60: 250 | U60: g | V60: 400051 | W60: https://www.amazon.in/dp/B00S9BSEB4 | X60: 2026-09-11 08:45:55
A61: 400051 | B61: The Health Factory Zero Maida Atta Bread (Wheat Bread) | C61: The Baker's Dozen Butter Garlic Toast | D61: In Stock | F61: 350 g | G61: 350 | H61: g | I61: Dairy & Breakfast | J61: Bread & Pav | L61: https://www.amazon.in/dp/B0BZZFR7WB | N61: 74 | O61: 119 | P61: 90g | Q61: Amazon Retail QCom | R61: B0BZZFR7WB | S61: 15n9g3 | T61: 90 | U61: g | V61: 400051 | W61: https://www.amazon.in/dp/B0BZZFR7WB | X61: 2026-09-11 08:45:55
A62: 400051 | B62: Amul Salted Butter | C62: Amul Salted Pasteurised Butter | D62: In Stock | F62: 100 g | G62: 100 | H62: g | I62: Dairy & Breakfast | J62: Butter & More | L62: https://www.amazon.in/dp/B01IBTCZNG | N62: 62 | O62: 63 | P62: 100 g | Q62: Amazon Retail QCom | R62: B01IBTCZNG | S62: 15n9g3 | T62: 100 | U62: g | V62: 400051 | W62: https://www.amazon.in/dp/B01IBTCZNG | X62: 2026-09-11 08:45:57
A63: 400051 | B63: Amul Cheese Cubes | C63: Amul Pure Milk Cheese Cubes | D63: In Stock | F63: 200 g | G63: 200 | H63: g | I63: Dairy & Breakfast | J63: Cheese | L63: https://www.amazon.in/dp/B018E0GO9S | N63: 132 | O63: 135 | P63: 200 g | Q63: Amazon Retail QCom | R63: B018E0GO9S | S63: 15n9g3 | T63: 200 | U63: g | V63: 400051 | W63: https://www.amazon.in/dp/B018E0GO9S | X63: 2026-09-11 08:45:57
A64: 400051 | B64: Amul Cheese Slices | C64: Amul A+ Cheese Slices | D64: In Stock | F64: 200 g | G64: 200 | H64: g | I64: Dairy & Breakfast | J64: Cheese | L64: https://www.amazon.in/dp/B00NNMKV4C | N64: 114 | O64: 170 | P64: 200 g | Q64: Amazon Retail QCom | R64: B00NNMKV4C | S64: 15n9g3 | T64: 200 | U64: g | V64: 400051 | W64: https://www.amazon.in/dp/B00NNMKV4C | X64: 2026-09-11 08:45:57
A65: 400051 | B65: Amul Fresh Cream | C65: Amul Whipping Cream | D65: In Stock | F65: 250 ml | G65: 250 | H65: ml | I65: Dairy & Breakfast | J65: Cream & Whitener | L65: https://www.amazon.in/dp/B07KJBJL3P | N65: 100 | P65: 250 ml | Q65: Amazon Retail QCom | R65: B07KJBJL3P | S65: 15n9g3 | T65: 250 | U65: ml | V65: 400051 | W65: https://www.amazon.in/dp/B07KJBJL3P | X65: 2026-09-11 08:45:57
A66: 400051 | B66: Amul Masti Set Cup Curd Tub | F66: 1 kg | G66: 1000 | H66: g | I66: Dairy & Breakfast | J66: Curd & Yogurt | L66: https://www.amazon.in/dp/B0DNK8XLVY
A67: 400051 | B67: Epigamia Alphonso Mango Flavoured Yogurt | F67: 75 g | G67: 75 | H67: g | I67: Dairy & Breakfast | J67: Curd & Yogurt | L67: https://www.amazon.in/dp/B0DW8P44H2
A68: 400051 | B68: Licious Farm Fresh Classic White Protein Rich Eggs | F68: 6 pcs | G68: 6 | H68: pcs | I68: Dairy & Breakfast | J68: Eggs | L68: https://www.amazon.in/dp/B07GSG6B9M
A69: 400051 | B69: Kellogg's Corn Flakes Original | C69: Kellogg's Original Corn Flakes | D69: In Stock | F69: 475 g | G69: 475 | H69: g | I69: Dairy & Breakfast | J69: Flakes & Kids Cereals | L69: https://www.amazon.in/dp/B00TIMOXFO | N69: 175 | O69: 195 | P69: 475 g | Q69: Amazon Retail QCom | R69: B00TIMOXFO | S69: 15n9g3 | T69: 475 | U69: g | V69: 400051 | W69: https://www.amazon.in/dp/B00TIMOXFO | X69: 2026-09-11 08:45:57
A70: 400051 | B70: Dabur Honey Squeezy | C70: Dabur Honey Squeezy Pack | D70: In Stock | F70: 450 g | G70: 450 | H70: g | I70: Dairy & Breakfast | J70: Honey & Chyawanprash | L70: https://www.amazon.in/dp/B07J57J784 | N70: 168 | O70: 249 | P70: Pack of 2, 225g Each | Q70: Amazon Retail QCom | R70: B07J57J784 | S70: 15n9g3 | V70: 400051 | W70: https://www.amazon.in/dp/B07J57J784 | X70: 2026-09-11 08:45:57
A71: 400051 | B71: Amul Sweet Lassi | C71: Amul Lassi Tetra Pack | D71: In Stock | F71: 200 ml | G71: 200 | H71: ml | I71: Dairy & Breakfast | J71: Lassi, Shakes & More | L71: https://www.amazon.in/dp/B00O8X3O9E | N71: 20 | P71: 200 ml | Q71: Amazon Retail QCom | R71: B00O8X3O9E | S71: 15n9g3 | T71: 200 | U71: ml | V71: 400051 | W71: https://www.amazon.in/dp/B00O8X3O9E | X71: 2026-09-11 08:45:57
A72: 400051 | B72: Amul Cow Milk | C72: Amul Taaza Homogenized Toned Milk | D72: In Stock | F72: 500 ml | G72: 500 | H72: ml | I72: Dairy & Breakfast | J72: Milk | L72: https://www.amazon.in/dp/B018VFFZSC | N72: 40 | P72: 500 ml | Q72: Amazon Retail QCom | R72: B018VFFZSC | S72: 15n9g3 | T72: 500 | U72: ml | V72: 400051 | W72: https://www.amazon.in/dp/B018VFFZSC | X72: 2026-09-11 08:45:57
A73: 400051 | B73: Amul Taaza Toned Milk | C73: Amul Taaza Homogenized Toned Milk | D73: In Stock | F73: 500 ml | G73: 500 | H73: ml | I73: Dairy & Breakfast | J73: Milk | L73: https://www.amazon.in/dp/B018VFFZSC | N73: 40 | P73: 500 ml | Q73: Amazon Retail QCom | R73: B018VFFZSC | S73: 15n9g3 | T73: 500 | U73: ml | V73: 400051 | W73: https://www.amazon.in/dp/B018VFFZSC | X73: 2026-09-11 08:45:57
A74: 400051 | B74: Kellogg's Fruit, Nut & Seeds Muesli | F74: 500 g | G74: 500 | H74: g | I74: Dairy & Breakfast | J74: Muesli & Granola | L74: https://www.amazon.in/dp/B083JMHX1D
A75: 400051 | B75: Quaker Rolled Instant Oats | C75: Quaker Rolled Oats | D75: In Stock | F75: 400 g | G75: 400 | H75: g | I75: Dairy & Breakfast | J75: Oats | L75: https://www.amazon.in/dp/B00O7XQPN2 | N75: 86 | P75: 400 g | Q75: Amazon Retail QCom | R75: B00O7XQPN2 | S75: 15n9g3 | T75: 400 | U75: g | V75: 400051 | W75: https://www.amazon.in/dp/B00O7XQPN2 | X75: 2026-09-11 08:45:57
A76: 400051 | B76: Amul Fresh Malai Paneer | C76: Amul Fresh Paneer | D76: In Stock | F76: 200 g | G76: 200 | H76: g | I76: Dairy & Breakfast | J76: Paneer & Tofu | L76: https://www.amazon.in/dp/B078KT9RB1 | N76: 95 | P76: 200 g | Q76: Amazon Retail QCom | R76: B078KT9RB1 | S76: 15n9g3 | T76: 200 | U76: g | V76: 400051 | W76: https://www.amazon.in/dp/B078KT9RB1 | X76: 2026-09-11 08:45:57
A77: 400051 | B77: Tata Sampann Thin Poha | C77: Tata Sampann Poha | D77: In Stock | F77: 500 g | G77: 500 | H77: g | I77: Dairy & Breakfast | J77: Poha, Daliya & Other Grains | L77: https://www.amazon.in/dp/B07V3CM9L8 | N77: 51 | O77: 57 | P77: 500 g | Q77: Amazon Retail QCom | R77: B07V3CM9L8 | S77: 15n9g3 | T77: 500 | U77: g | V77: 400051 | W77: https://www.amazon.in/dp/B07V3CM9L8 | X77: 2026-09-11 08:45:57
A78: 400051 | B78: MTR Roasted Vermicelli | C78: MTR Any Time Seviyan Vermicelli | D78: In Stock | F78: 850 g | G78: 850 | H78: g | I78: Dairy & Breakfast | J78: Vermicelli | L78: https://www.amazon.in/dp/B01682ORDO | N78: 81 | O78: 95 | P78: 850 g | Q78: Amazon Retail QCom | R78: B01682ORDO | S78: 15n9g3 | T78: 850 | U78: g | V78: 400051 | W78: https://www.amazon.in/dp/B01682ORDO | X78: 2026-09-11 08:45:57
A79: 400051 | B79: Happilo Premium Natural Californian Almonds | F79: 200 g | G79: 200 | H79: g | I79: Dry Fruits, Masala & Oil | J79: Dry Fruits | L79: https://www.amazon.in/dp/B01LY6B08A
A80: 400051 | B80: Amul Pure Ghee | F80: 1 ltr | G80: 1000 | H80: ml | I80: Dry Fruits, Masala & Oil | J80: Ghee & Vanaspati | L80: https://www.amazon.in/dp/B00TFEIXLA
A81: 400051 | B81: Sundrop Refined Sunflower Oil | F81: 1.75 l | G81: 1750 | H81: ml | I81: Dry Fruits, Masala & Oil | J81: Oil | L81: https://www.amazon.in/dp/B0GDQT3NNV
A82: 400051 | B82: Everest Kashmiri Red Chilli Powder | C82: Everest Kashmirilal Red Chilli Powder | D82: In Stock | F82: 100 g | G82: 100 | H82: g | I82: Dry Fruits, Masala & Oil | J82: Powdered Spice | L82: https://www.amazon.in/dp/B0152ROOE8 | N82: 127 | O82: 132 | P82: 100 g | Q82: Amazon Retail QCom | R82: B0152ROOE8 | S82: 15n9g3 | T82: 100 | U82: g | V82: 400051 | W82: https://www.amazon.in/dp/B0152ROOE8 | X82: 2026-09-11 08:45:58
A83: 400051 | B83: Everest Turmeric Powder/Haldi | C83: Everest Turmeric Powder | D83: In Stock | F83: 100 g | G83: 100 | H83: g | I83: Dry Fruits, Masala & Oil | J83: Powdered Spice | L83: https://www.amazon.in/dp/B00O0X79XY | N83: 86 | O83: 96 | P83: 200 g | Q83: Amazon Retail QCom | R83: B00O0X79XY | S83: 15n9g3 | T83: 200 | U83: g | V83: 400051 | W83: https://www.amazon.in/dp/B00O0X79XY | X83: 2026-09-11 08:45:58
A84: 400051 | B84: Madhur Pure & Hygienic Sulphurless Sugar | F84: 1 kg | G84: 1000 | H84: g | I84: Dry Fruits, Masala & Oil | J84: Salt, Sugar & Jaggery | L84: https://www.amazon.in/dp/B07575NCG8
A85: 400051 | B85: Tata Salt (Vacuum Evaporated Iodised) | C85: Tata Iodised Crystal Salt | D85: In Stock | F85: 1 kg | G85: 1000 | H85: g | I85: Dry Fruits, Masala & Oil | J85: Salt, Sugar & Jaggery | L85: https://www.amazon.in/dp/B075WJTWQV | N85: 22 | P85: 1 kg | Q85: Amazon Retail QCom | R85: B075WJTWQV | S85: 15n9g3 | T85: 1000 | U85: g | V85: 400051 | W85: https://www.amazon.in/dp/B075WJTWQV | X85: 2026-09-11 08:45:58
A86: 400051 | B86: Catch Cumin Seeds / Jeera Seeds | C86: Catch Cumin (Jeera) | D86: In Stock | F86: 100 g | G86: 100 | H86: g | I86: Dry Fruits, Masala & Oil | J86: Whole Spices | L86: https://www.amazon.in/dp/B0CRNR8SH8 | N86: 49 | O86: 75 | P86: 100g | Q86: Amazon Retail QCom | R86: B0CRNR8SH8 | S86: 15n9g3 | T86: 100 | U86: g | V86: 400051 | W86: https://www.amazon.in/dp/B0CRNR8SH8 | X86: 2026-09-11 08:45:58
A87: 400051 | B87: McCain French Fries | C87: McCain French Fries | D87: In Stock | F87: 1 kg | G87: 1000 | H87: g | I87: Instant & Frozen Food | J87: Frozen Veg Snacks | L87: https://www.amazon.in/dp/B0FPFRW17G | N87: 184 | O87: 307 | P87: 1 kg | Q87: Amazon Retail QCom | R87: B0FPFRW17G | S87: 15n9g3 | T87: 1000 | U87: g | V87: 400051 | W87: https://www.amazon.in/dp/B0FPFRW17G | X87: 2026-09-11 08:45:58
A88: 400051 | B88: Maggi 2 Minutes Instant Noodles Made With Quality Spices | C88: Maggi 2-Minute Masala Instant Noodles | D88: In Stock | F88: 450 g | G88: 450 | H88: g | I88: Instant & Frozen Food | J88: Noodles | L88: https://www.amazon.in/dp/B00U7GDO14 | N88: 78 | O88: 90 | P88: 420 g | Q88: Amazon Retail QCom | R88: B00U7GDO14 | S88: 15n9g3 | T88: 420 | U88: g | V88: 400051 | W88: https://www.amazon.in/dp/B00U7GDO14 | X88: 2026-09-11 08:45:58
A89: 400051 | B89: Haldiram's Bhujia | F89: 200 g | G89: 200 | H89: g | I89: Munchies | J89: Bhujia & Mixtures | L89: https://www.amazon.in/dp/B005OR9F0A
A90: 400051 | B90: Lay's India's Magic Masala Potato Chips | C90: Lay's India's Magic Masala Chips | D90: In Stock | F90: 73.7 g | G90: 73.7 | H90: g | I90: Munchies | J90: Chips & Crisps | L90: https://www.amazon.in/dp/B08Q96WS8G | N90: 38 | O90: 48 | P90: 80 g | Q90: Amazon Retail QCom | R90: B08Q96WS8G | S90: 15n9g3 | T90: 80 | U90: g | V90: 400051 | W90: https://www.amazon.in/dp/B08Q96WS8G | X90: 2026-09-11 08:45:58
A91: 400051 | B91: Mr. Makhana Black Salt Flavoured Makhana | C91: Mr Makhana Himalayan Salt & Pepper Makhana | D91: In Stock | F91: 55 g | G91: 55 | H91: g | I91: Munchies | J91: Makhana & More | L91: https://www.amazon.in/dp/B0CMV2M9J9 | N91: 130 | O91: 150 | P91: 55 g | Q91: Amazon Retail QCom | R91: B0CMV2M9J9 | S91: 15n9g3 | T91: 55 | U91: g | V91: 400051 | W91: https://www.amazon.in/dp/B0CMV2M9J9 | X91: 2026-09-11 08:45:58
A92: 400051 | B92: Doritos Cheese Nachos | C92: Doritos Cheese Nacho | D92: In Stock | F92: 71 g | G92: 71 | H92: g | I92: Munchies | J92: Nachos | L92: https://www.amazon.in/dp/B08Q9B4LP7 | N92: 39 | O92: 48 | P92: 75 g | Q92: Amazon Retail QCom | R92: B08Q9B4LP7 | S92: 15n9g3 | T92: 75 | U92: g | V92: 400051 | W92: https://www.amazon.in/dp/B08Q9B4LP7 | X92: 2026-09-11 08:45:58
A93: 400051 | B93: Haldiram's Boondi | C93: Haldiram's Khari Boondi | D93: In Stock | F93: 210 g | G93: 210 | H93: g | I93: Munchies | J93: Namkeen Snacks | L93: https://www.amazon.in/dp/B019BV5N8W | N93: 55 | P93: 200 g | Q93: Amazon Retail QCom | R93: B019BV5N8W | S93: 15n9g3 | T93: 200 | U93: g | V93: 400051 | W93: https://www.amazon.in/dp/B019BV5N8W | X93: 2026-09-11 08:45:58
A94: 400051 | B94: Act II Natural Microwave Popcorn | C94: Act II Butter Lover's Microwave Popcorn | D94: In Stock | F94: 33 g | G94: 33 | H94: g | I94: Munchies | J94: Popcorn | L94: https://www.amazon.in/dp/B00PLKSJPM | N94: 199 | O94: 235 | P94: 276 g | Q94: Amazon Retail QCom | R94: B00PLKSJPM | S94: 15n9g3 | T94: 276 | U94: g | V94: 400051 | W94: https://www.amazon.in/dp/B00PLKSJPM | X94: 2026-09-11 08:45:58
A95: 400051 | B95: Britannia Toastea Cake Rusk | C95: Britannia Toastea Premium Bake Rusk | D95: In Stock | F95: 100 g | G95: 100 | H95: g | I95: Munchies | J95: Rusks & Wafers | L95: https://www.amazon.in/dp/B09LQ9NTDS | N95: 39 | O95: 40 | P95: 183 g | Q95: Amazon Retail QCom | R95: B09LQ9NTDS | S95: 15n9g3 | T95: 183 | U95: g | V95: 400051 | W95: https://www.amazon.in/dp/B09LQ9NTDS | X95: 2026-09-11 08:45:58
A96: 400051 | B96: Kettle Studio Rock Sea Salt & English Vinegar Potato Chips | F96: 113 g | G96: 113 | H96: g | I96: Organic & Premium | J96: Snacks & Munchies | L96: https://www.amazon.in/dp/B0DGCRMB6G
A97: 400051 | B97: Marlboro Advance Compact | F97: 10 pcs | G97: 10 | H97: pcs | I97: Paan Corner | J97: Cigarettes | L97: https://www.amazon.in/dp/B0GZ5BT8SQ
A98: 400051 | B98: Nicotex Mint Plus Nicotine Gum | F98: 44 pcs | G98: 44 | H98: pcs | I98: Paan Corner | J98: Smoking Cessation | L98: https://www.amazon.in/dp/B0FPRDFMD6
A99: 400051 | B99: Dettol Original Bathing Bar | C99: Dettol Original Bathing Soap Bar | D99: In Stock | F99: 150 g | G99: 150 | H99: g | I99: Personal Care | J99: Bathing Soaps | L99: https://www.amazon.in/dp/B0DGLKH2RL | N99: 343 | O99: 440 | P99: Pack of 6, 150 g Each | Q99: RK World Infocom Pvt Ltd QCom | R99: B0DGLKH2RL | S99: 15n9g3 | V99: 400051 | W99: https://www.amazon.in/dp/B0DGLKH2RL | X99: 2026-09-11 08:45:58
A100: 400051 | B100: Nivea Men Fresh Active Men's Roll On | C100: Nivea Men Fresh Active Roll-On Deodorant | D100: In Stock | F100: 50 ml | G100: 50 | H100: ml | I100: Personal Care | J100: Deodorant & Talc | L100: https://www.amazon.in/dp/B007E9E9CK | N100: 174 | O100: 249 | P100: 50 ml | Q100: RK World Infocom Pvt Ltd QCom | R100: B007E9E9CK | S100: 15n9g3 | T100: 50 | U100: ml | V100: 400051 | W100: https://www.amazon.in/dp/B007E9E9CK | X100: 2026-09-11 08:45:58
...

Sheet 2026-09-11 1032
A1: Pincode | B1: Item | C1: ProductName | D1: is_out_of_stock | E1: Serviceable | F1: Segment | G1: Grocery | H1: Product_Link | I1: Price | J1: MRP | K1: Weight | L1: Seller | M1: ASIN | N1: StoreId | O1: Final_Qty | P1: Final_unit | Q1: Pincode_Used | R1: Used_Link | S1: Captured_At
A2: 400051 | B2: Aashirvaad Select | Pure MP Sharbati Wheat Atta for Soft Makhmali Rotis | C2: Aashirvaad Select 100% MP Sharbati Atta | D2: In Stock | E2: Yes | F2: Atta, Rice & Dal | G2: Atta | H2: https://www.amazon.in/dp/B00HUJQIZK | I2: 307 | J2: 384 | K2: 5 kg | L2: Amazon Retail QCom | M2: B00HUJQIZK | N2: 15n9g3 | O2: 5000 | P2: g | Q2: 400051 | R2: https://www.amazon.in/dp/B00HUJQIZK | S2: 2026-09-11 10:33:00
A3: 400051 | B3: Fortune Chakki Fresh Atta | F3: Atta, Rice & Dal | G3: Atta | H3: https://www.amazon.in/dp/B0H5BRQFFJ
A4: 400051 | B4: Fortune 100% Chana Dal Besan | C4: Fortune 100% Chana Dal Besan | D4: In Stock | E4: Yes | F4: Atta, Rice & Dal | G4: Besan, Sooji & Maida | H4: https://www.amazon.in/dp/B015MJI4BU | I4: 118 | J4: 169 | K4: 1 kg | L4: Amazon Retail QCom | M4: B015MJI4BU | N4: 15n9g3 | O4: 1000 | P4: g | Q4: 400051 | R4: https://www.amazon.in/dp/B015MJI4BU | S4: 2026-09-11 10:33:00
A5: 400051 | B5: Rajdhani Sooji/Rava | F5: Atta, Rice & Dal | G5: Besan, Sooji & Maida | H5: https://www.amazon.in/dp/B00MOFO276
A6: 400051 | B6: Tata Sampann Unpolished Masoor Dal | C6: Tata Sampann Masoor Dal (Whole) | D6: In Stock | E6: Yes | F6: Atta, Rice & Dal | G6: Moong & Masoor | H6: https://www.amazon.in/dp/B0752S522G | I6: 72 | J6: 79 | K6: 500 g | L6: Amazon Retail QCom | M6: B0752S522G | N6: 15n9g3 | O6: 500 | P6: g | Q6: 400051 | R6: https://www.amazon.in/dp/B0752S522G | S6: 2026-09-11 10:33:00
A7: 400051 | B7: Tata Sampann Unpolished Organic Moong Sabut | C7: Tata Sampann Green Moong Dal (Whole) | D7: In Stock | E7: Yes | F7: Atta, Rice & Dal | G7: Moong & Masoor | H7: https://www.amazon.in/dp/B077X8MD39 | I7: 82 | J7: 93 | K7: 500 g | L7: Amazon Retail QCom | M7: B077X8MD39 | N7: 15n9g3 | O7: 500 | P7: g | Q7: 400051 | R7: https://www.amazon.in/dp/B077X8MD39 | S7: 2026-09-11 10:33:00
A8: 400051 | B8: Nutrela Soya Mini Chunks | C8: Nutrela Soya Mini Chunks | D8: In Stock | E8: Yes | F8: Atta, Rice & Dal | G8: Rajma, Chhole & Others | H8: https://www.amazon.in/dp/B013SAX1NG | I8: 50 | J8: 55 | K8: 200 g | L8: Amazon Retail QCom | M8: B013SAX1NG | N8: 15n9g3 | O8: 200 | P8: g | Q8: 400051 | R8: https://www.amazon.in/dp/B013SAX1NG | S8: 2026-09-11 10:33:00
A9: 400051 | B9: Tata Sampann Unpolished Kabuli Chana (Big Size) | C9: Tata Sampann Kabuli Chana (Big Size) | D9: In Stock | E9: Yes | F9: Atta, Rice & Dal | G9: Rajma, Chhole & Others | H9: https://www.amazon.in/dp/B07DCPTP6R | I9: 89 | J9: 104 | K9: 500 g | L9: Amazon Retail QCom | M9: B07DCPTP6R | N9: 15n9g3 | O9: 500 | P9: g | Q9: 400051 | R9: https://www.amazon.in/dp/B07DCPTP6R | S9: 2026-09-11 10:33:00
A10: 400051 | B10: Tata Sampann Unpolished Rajma | C10: Tata Sampann Rajma (Chitra) | D10: In Stock | E10: Yes | F10: Atta, Rice & Dal | G10: Rajma, Chhole & Others | H10: https://www.amazon.in/dp/B077X8CS14 | I10: 93 | J10: 108 | K10: 500 g | L10: Amazon Retail QCom | M10: B077X8CS14 | N10: 15n9g3 | O10: 500 | P10: g | Q10: 400051 | R10: https://www.amazon.in/dp/B077X8CS14 | S10: 2026-09-11 10:33:00
A11: 400051 | B11: Daawat Super Basmati Rice (Long Grain) | C11: Daawat Super Basmati Rice | D11: In Stock | E11: Yes | F11: Atta, Rice & Dal | G11: Rice | H11: https://www.amazon.in/dp/B00SWKBO0K | I11: 820 | J11: 995 | K11: 5 kg | L11: Amazon Retail QCom | M11: B00SWKBO0K | N11: 15n9g3 | O11: 5000 | P11: g | Q11: 400051 | R11: https://www.amazon.in/dp/B00SWKBO0K | S11: 2026-09-11 10:33:00
A12: 400051 | B12: India Gate Daily Premium Basmati Rice (Long Grain) | C12: India Gate Everyday Dubar Pure Basmati Rice | D12: In Stock | E12: Yes | F12: Atta, Rice & Dal | G12: Rice | H12: https://www.amazon.in/dp/B0BBF1FT93 | I12: 379 | J12: 515 | K12: 5 kg | L12: Amazon Retail QCom | M12: B0BBF1FT93 | N12: 15n9g3 | O12: 5000 | P12: g | Q12: 400051 | R12: https://www.amazon.in/dp/B0BBF1FT93 | S12: 2026-09-11 10:33:00
A13: 400051 | B13: Tata Sampann Unpolished Chana Dal | C13: Tata Sampann Chana Dal (Split) | D13: In Stock | E13: Yes | F13: Atta, Rice & Dal | G13: Toor, Urad & Chana | H13: https://www.amazon.in/dp/B077X8G5DK | I13: 61 | J13: 81 | K13: 500 g | L13: Amazon Retail QCom | M13: B077X8G5DK | N13: 15n9g3 | O13: 500 | P13: g | Q13: 400051 | R13: https://www.amazon.in/dp/B077X8G5DK | S13: 2026-09-11 10:33:00
A14: 400051 | B14: Tata Sampann Unpolished Toor Dal | C14: Vedaka Toor Dal (Split) | D14: In Stock | E14: Yes | F14: Atta, Rice & Dal | G14: Toor, Urad & Chana | H14: https://www.amazon.in/dp/B0BSWQXJDL | I14: 306 | J14: 575 | K14: 2 kg | L14: Amazon Retail QCom | M14: B0BSWQXJDL | N14: 15n9g3 | O14: 2000 | P14: g | Q14: 400051 | R14: https://www.amazon.in/dp/B0BSWQXJDL | S14: 2026-09-11 10:33:00
A15: 400051 | B15: Nestle Cerelac Wheat Apple Baby Cereal (6 - 24 Months) | C15: Cerelac Baby Cereal with Milk | D15: In Stock | E15: Yes | F15: Baby Care | G15: Baby Food | H15: https://www.amazon.in/dp/B00I4SYXIK | I15: 280 | K15: 350 g | L15: Amazon Retail QCom | M15: B00I4SYXIK | N15: 15n9g3 | O15: 350 | P15: g | Q15: 400051 | R15: https://www.amazon.in/dp/B00I4SYXIK | S15: 2026-09-11 10:33:00
A16: 400051 | B16: Himalaya Gentle Baby Wipes | F16: Baby Care | G16: Baby Wipes | H16: https://www.amazon.in/dp/B0GYPN214D
A17: 400051 | B17: Johnson's Baby Soap | F17: Baby Care | G17: Bathing Needs | H17: https://www.amazon.in/dp/B06XY98VPT
A18: 400051 | B18: Pampers Happy Sleep Pant Style Baby Diaper (M) | C18: Pampers Happy Sleep Pant Style Baby Diapers - M | D18: In Stock | E18: Yes | F18: Baby Care | G18: Diapers & More | H18: https://www.amazon.in/dp/B0DSGHM8JW | I18: 476 | J18: 609 | K18: M, 48 Pcs | L18: RK World Infocom Pvt Ltd QCom | M18: B0DSGHM8JW | N18: 15n9g3 | Q18: 400051 | R18: https://www.amazon.in/dp/B0DSGHM8JW | S18: 2026-09-11 10:33:00
A19: 400051 | B19: Johnson's Baby Lotion | C19: Johnson's Baby Lotion | D19: In Stock | E19: Yes | F19: Baby Care | G19: Skin & Hair Care | H19: https://www.amazon.in/dp/B07FHHCR44 | I19: 192 | J19: 220 | K19: 200 ml | L19: RK World Infocom Pvt Ltd QCom | M19: B07FHHCR44 | N19: 15n9g3 | O19: 200 | P19: ml | Q19: 400051 | R19: https://www.amazon.in/dp/B07FHHCR44 | S19: 2026-09-11 10:33:00
A20: 400051 | B20: Weikfield Double Action Baking Powder | F20: Bakery & Biscuits | G20: Baking Ingredients | H20: https://www.amazon.in/dp/B004KFHIBK
A21: 400051 | B21: Lotte Choco Pie | F21: Bakery & Biscuits | G21: Cakes & Rolls | H21: https://www.amazon.in/dp/B019RL0C4Q
A22: 400051 | B22: Britannia Original Bourbon Creme Biscuit | C22: Cadbury Bournvita Biscuits | D22: In Stock | E22: Yes | F22: Bakery & Biscuits | G22: Cookies | H22: https://www.amazon.in/dp/B07FR2GVVK | I22: 29 | J22: 30 | K22: 111.6 g | L22: Amazon Retail QCom | M22: B07FR2GVVK | N22: 15n9g3 | O22: 111.6 | P22: g | Q22: 400051 | R22: https://www.amazon.in/dp/B07FR2GVVK | S22: 2026-09-11 10:33:02
A23: 400051 | B23: Britannia Good Day Cashew Biscuit | C23: Britannia Good Day Cashew Cookies | D23: In Stock | E23: Yes | F23: Bakery & Biscuits | G23: Cookies | H23: https://www.amazon.in/dp/B01M1RKTRK | I23: 82 | J23: 130 | K23: 526 g | L23: Amazon Retail QCom | M23: B01M1RKTRK | N23: 15n9g3 | O23: 526 | P23: g | Q23: 400051 | R23: https://www.amazon.in/dp/B01M1RKTRK | S23: 2026-09-11 10:33:02
A24: 400051 | B24: Malkist Cheese Flavoured Cracker Biscuit - Family Pack | F24: Bakery & Biscuits | G24: Cream Biscuits | H24: https://www.amazon.in/dp/B0F2G8Q5SX
A25: 400051 | B25: Britannia Marie Gold Marie Biscuits (208 g) | C25: Britannia Marie Gold Biscuits | D25: In Stock | E25: Yes | F25: Bakery & Biscuits | G25: Glucose & Marie | H25: https://www.amazon.in/dp/B00S9BSEB4 | I25: 40 | K25: 250 g | L25: Amazon Retail QCom | M25: B00S9BSEB4 | N25: 15n9g3 | O25: 250 | P25: g | Q25: 400051 | R25: https://www.amazon.in/dp/B00S9BSEB4 | S25: 2026-09-11 10:33:02
A26: 400051 | B26: Britannia NutriChoice Digestive High Fibre Biscuit - 250 g Family Pack | C26: Britannia Nutrichoice 5 Grain Digestive Biscuits | D26: In Stock | E26: Yes | F26: Bakery & Biscuits | G26: Healthy & Digestive | H26: https://www.amazon.in/dp/B00RGE4OUA | I26: 54 | J26: 65 | K26: 200 g | L26: Amazon Retail QCom | M26: B00RGE4OUA | N26: 15n9g3 | O26: 200 | P26: g | Q26: 400051 | R26: https://www.amazon.in/dp/B00RGE4OUA | S26: 2026-09-11 10:33:02
A27: 400051 | B27: McVitie's Digestive High Fibre Biscuit | F27: Bakery & Biscuits | G27: Healthy & Digestive | H27: https://www.amazon.in/dp/B0H5QXXHLP
A28: 400051 | B28: Nivea Nourishing Body Lotion | F28: Beauty & Cosmetics | G28: Body & Skin Care | H28: https://www.amazon.in/dp/B099NNW9LL
A29: 400051 | B29: Maybelline New York Colossal Kajal (Deep Black) | C29: Maybelline The Colossal Kajal | D29: In Stock | E29: Yes | F29: Beauty & Cosmetics | G29: Eye Makeup | H29: https://www.amazon.in/dp/B06WGZP21B | I29: 181 | J29: 220 | K29: 0.35 g | L29: RK World Infocom Pvt Ltd QCom | M29: B06WGZP21B | N29: 15n9g3 | O29: 0.35 | P29: g | Q29: 400051 | R29: https://www.amazon.in/dp/B06WGZP21B | S29: 2026-09-11 10:33:02
A30: 400051 | B30: Pond's Bright Beauty Serum Skin Treatment Cream 34 g | F30: Beauty & Cosmetics | G30: Face Care | H30: https://www.amazon.in/dp/B077ND8562
A31: 400051 | B31: Lakme Forever Matte Compact (Pearl) | C31: Lakme Forever Matte Compact | D31: In Stock | E31: Yes | F31: Beauty & Cosmetics | G31: Face Cosmetics | H31: https://www.amazon.in/dp/B09C3Q2YFX | I31: 172 | J31: 245 | K31: 9 g | L31: RK World Infocom Pvt Ltd QCom | M31: B09C3Q2YFX | N31: 15n9g3 | O31: 9 | P31: g | Q31: 400051 | R31: https://www.amazon.in/dp/B09C3Q2YFX | S31: 2026-09-11 10:33:02
A32: 400051 | B32: Livon Anti-Frizz Hair Serum | C32: Livon Go Frizz Free Anti-Frizz Serum | D32: In Stock | E32: Yes | F32: Beauty & Cosmetics | G32: Hair Styling & Treatment | H32: https://www.amazon.in/dp/B00CBRIKIE | I32: 139 | J32: 180 | K32: 50 ml | L32: RK World Infocom Pvt Ltd QCom | M32: B00CBRIKIE | N32: 15n9g3 | O32: 50 | P32: ml | Q32: 400051 | R32: https://www.amazon.in/dp/B00CBRIKIE | S32: 2026-09-11 10:33:02
A33: 400051 | B33: Nivea Essential Care Lip Balm | C33: Nivea Original Care Lip Balm | D33: In Stock | E33: Yes | F33: Beauty & Cosmetics | G33: Lip & Eye Care | H33: https://www.amazon.in/dp/B007E9JC7W | I33: 137 | J33: 175 | K33: 4.8 g | L33: RK World Infocom Pvt Ltd QCom | M33: B007E9JC7W | N33: 15n9g3 | O33: 4.8 | P33: g | Q33: 400051 | R33: https://www.amazon.in/dp/B007E9JC7W | S33: 2026-09-11 10:33:02
A34: 400051 | B34: Lakme 9To5 Hya Matte Lipstick (Workday Rose) | F34: Beauty & Cosmetics | G34: Lip Cosmetics | H34: https://www.amazon.in/dp/B0DWH87545
A35: 400051 | B35: Lakme Nail Paint Remover | C35: Lakme Nail Enamel Remover | D35: In Stock | E35: Yes | F35: Beauty & Cosmetics | G35: Nail Cosmetics | H35: https://www.amazon.in/dp/B006LXBF0E | I35: 99 | J35: 110 | K35: 27 ml | L35: RK World Infocom Pvt Ltd QCom | M35: B006LXBF0E | N35: 15n9g3 | O35: 27 | P35: ml | Q35: 400051 | R35: https://www.amazon.in/dp/B006LXBF0E | S35: 2026-09-11 10:33:02
A36: 400051 | B36: Licious Chicken Curry Cut (Small Pieces) | F36: Chicken, Meat & Fish | G36: Fresh Meat | H36: https://www.amazon.in/dp/B0BTYJ58W1
A37: 400051 | B37: Surf Excel Easy Wash Detergent Powder | C37: Surf Excel Easy Wash Detergent Powder | D37: In Stock | E37: Yes | F37: Cleaning Essentials | G37: Detergent Powder & Bars | H37: https://www.amazon.in/dp/B01ITJ6642 | I37: 80 | J37: 85 | K37: 500 g | L37: RK World Infocom Pvt Ltd QCom | M37: B01ITJ6642 | N37: 15n9g3 | O37: 500 | P37: g | Q37: 400051 | R37: https://www.amazon.in/dp/B01ITJ6642 | S37: 2026-09-11 10:33:02
A38: 400051 | B38: Scotch Brite Scrub Pad | F38: Cleaning Essentials | G38: Dishwashing Accessories | H38: https://www.amazon.in/dp/B07H4YJLP4
A39: 400051 | B39: Vim Lemon Dishwash Bar (300 g) | C39: Vim Dishwash Bar Tub | D39: In Stock | E39: Yes | F39: Cleaning Essentials | G39: Dishwashing Bars & Tubs | H39: https://www.amazon.in/dp/B00U2DVHD4 | I39: 55 | K39: 500 g | L39: RK World Infocom Pvt Ltd QCom | M39: B00U2DVHD4 | N39: 15n9g3 | O39: 500 | P39: g | Q39: 400051 | R39: https://www.amazon.in/dp/B00U2DVHD4 | S39: 2026-09-11 10:33:02
A40: 400051 | B40: Vim Lemon Dishwash Gel | C40: Vim Dishwash Liquid Gel | D40: In Stock | E40: Yes | F40: Cleaning Essentials | G40: Dishwashing Gels & Tablets | H40: https://www.amazon.in/dp/B00M99II36 | I40: 189 | J40: 199 | K40: 750 ml | L40: RK World Infocom Pvt Ltd QCom | M40: B00M99II36 | N40: 15n9g3 | O40: 750 | P40: ml | Q40: 400051 | R40: https://www.amazon.in/dp/B00M99II36 | S40: 2026-09-11 10:33:02
A41: 400051 | B41: Comfort After Wash Fabric Conditioner (Lily Fresh) | C41: Comfort Lily Fresh Fabric Conditioner | D41: In Stock | E41: Yes | F41: Cleaning Essentials | G41: Fabric Conditioner & Additives | H41: https://www.amazon.in/dp/B074NCW9PD | I41: 199 | J41: 245 | K41: 860 ml | L41: RK World Infocom Pvt Ltd QCom | M41: B074NCW9PD | N41: 15n9g3 | O41: 860 | P41: ml | Q41: 400051 | R41: https://www.amazon.in/dp/B074NCW9PD | S41: 2026-09-11 10:33:02
A42: 400051 | B42: Lizol Disinfectant Surface & Floor Cleaner (Citrus) 2 l | C42: Lizol Citrus Disinfectant Surface Cleaner | D42: In Stock | E42: Yes | F42: Cleaning Essentials | G42: Floor & Surface Cleaners | H42: https://www.amazon.in/dp/B08CPRYLK4 | I42: 295 | J42: 329 | K42: 1.8 L | L42: RK World Infocom Pvt Ltd QCom | M42: B08CPRYLK4 | N42: 15n9g3 | O42: 1800 | P42: ml | Q42: 400051 | R42: https://www.amazon.in/dp/B08CPRYLK4 | S42: 2026-09-11 10:33:04
A43: 400051 | B43: Surf Excel Matic Top Load Liquid Detergent | C43: Surf Excel Matic Top Load Liquid Detergent | D43: In Stock | E43: Yes | F43: Cleaning Essentials | G43: Liquid Detergents | H43: https://www.amazon.in/dp/B072QRVVDS | I43: 235 | K43: 1 L | L43: RK World Infocom Pvt Ltd QCom | M43: B072QRVVDS | N43: 15n9g3 | O43: 1000 | P43: ml | Q43: 400051 | R43: https://www.amazon.in/dp/B072QRVVDS | S43: 2026-09-11 10:33:04
A44: 400051 | B44: Harpic Disinfectant Liquid Toilet Cleaner - (Original) | C44: Harpic Power Plus Toilet Cleaner | D44: In Stock | E44: Yes | F44: Cleaning Essentials | G44: Toilet & Bathroom Cleaners | H44: https://www.amazon.in/dp/B016D3J92M | I44: 390 | J44: 470 | K44: Pack of 2, 1 L Each | L44: RK World Infocom Pvt Ltd QCom | M44: B016D3J92M | N44: 15n9g3 | Q44: 400051 | R44: https://www.amazon.in/dp/B016D3J92M | S44: 2026-09-11 10:33:04
A45: 400051 | B45: Storia Tender Concentrate Coconut Water - No Added Sugar | C45: Storia Tender Coconut Water Pet Bottle | D45: In Stock | E45: Yes | F45: Cold Drinks & Juices | G45: Coconut Water | H45: https://www.amazon.in/dp/B08753WZ51 | I45: 225 | J45: 360 | K45: Pack of 6, 200 ml Each | L45: Amazon Retail QCom | M45: B08753WZ51 | N45: 15n9g3 | Q45: 400051 | R45: https://www.amazon.in/dp/B08753WZ51 | S45: 2026-09-11 10:33:04
A46: 400051 | B46: Lipton Lemon Iced Tea | F46: Cold Drinks & Juices | G46: Cold Coffee & Ice Tea | H46: https://www.amazon.in/dp/B0CYX8SKVQ
A47: 400051 | B47: Nescafe Ready to Drink Cold Coffee, Iced Latte | F47: Cold Drinks & Juices | G47: Cold Coffee & Ice Tea | H47: https://www.amazon.in/dp/B0DSC9JQCG
A48: 400051 | B48: Hamdard Rooh Afza Rose Sharbat | F48: Cold Drinks & Juices | G48: Concentrates & Syrups | H48: https://www.amazon.in/dp/B06ZZMFB59
A49: 400051 | B49: Red Bull Energy Drink | F49: Cold Drinks & Juices | G49: Energy Drinks | H49: https://www.amazon.in/dp/B015T25C6K
A50: 400051 | B50: Real Activ Fibre+ Multi Fruit Juice | C50: Dabur Real Activ Mixed Fruit Juice | D50: In Stock | E50: Yes | F50: Cold Drinks & Juices | G50: Fruit Juice | H50: https://www.amazon.in/dp/B0140TF93E | I50: 140.8 | J50: 160 | K50: 1 L | L50: RK World Infocom Pvt Ltd QCom | M50: B0140TF93E | N50: 15n9g3 | O50: 1000 | P50: ml | Q50: 400051 | R50: https://www.amazon.in/dp/B0140TF93E | S50: 2026-09-11 10:33:04
A51: 400051 | B51: Frooti Mango Drink | C51: Slice Mango Drink | D51: In Stock | E51: Yes | F51: Cold Drinks & Juices | G51: Mango Drinks | H51: https://www.amazon.in/dp/B0140Q6M3S | I51: 70 | K51: 1.2 L | L51: Amazon Retail QCom | M51: B0140Q6M3S | N51: 15n9g3 | O51: 1200 | P51: ml | Q51: 400051 | R51: https://www.amazon.in/dp/B0140Q6M3S | S51: 2026-09-11 10:33:04
A52: 400051 | B52: Real Activ Apple Juice | C52: Dabur Real Activ Apple Fruit Juice Tetra Pack | D52: In Stock | E52: Yes | F52: Cold Drinks & Juices | G52: Pure Juices | H52: https://www.amazon.in/dp/B013P5V00K | I52: 128 | J52: 160 | K52: 1 L | L52: RK World Infocom Pvt Ltd QCom | M52: B013P5V00K | N52: 15n9g3 | O52: 1000 | P52: ml | Q52: 400051 | R52: https://www.amazon.in/dp/B013P5V00K | S52: 2026-09-11 10:33:04
A53: 400051 | B53: Kinley Strong Soda Water | F53: Cold Drinks & Juices | G53: Soda & Mixers | H53: https://www.amazon.in/dp/B079GX9DDF
A54: 400051 | B54: Schweppes Indian Tonic Water | C54: Schweppes Indian Tonic Water | D54: In Stock | E54: Yes | F54: Cold Drinks & Juices | G54: Soda & Mixers | H54: https://www.amazon.in/dp/B079H8QCDM | I54: 59 | J54: 60 | K54: 300 ml | L54: Amazon Retail QCom | M54: B079H8QCDM | N54: 15n9g3 | O54: 300 | P54: ml | Q54: 400051 | R54: https://www.amazon.in/dp/B079H8QCDM | S54: 2026-09-11 10:33:04
A55: 400051 | B55: Coca-Cola Cola Soft Drink | C55: Coca-Cola Original Taste Soft Drink | D55: In Stock | E55: Yes | F55: Cold Drinks & Juices | G55: Soft Drinks | H55: https://www.amazon.in/dp/B08L4LPCZ8 | I55: 160 | K55: Pack of 8, 250 ml Each | L55: Amazon Retail QCom | M55: B08L4LPCZ8 | N55: 15n9g3 | Q55: 400051 | R55: https://www.amazon.in/dp/B08L4LPCZ8 | S55: 2026-09-11 10:33:04
A56: 400051 | B56: Pepsi Cola Soft Drink (2.25 l) | C56: Pepsi Soft Drink | D56: In Stock | E56: Yes | F56: Cold Drinks & Juices | G56: Soft Drinks | H56: https://www.amazon.in/dp/B0140Q6HGA | I56: 85 | J56: 100 | K56: 2.25 L | L56: Amazon Retail QCom | M56: B0140Q6HGA | N56: 15n9g3 | O56: 2250 | P56: ml | Q56: 400051 | R56: https://www.amazon.in/dp/B0140Q6HGA | S56: 2026-09-11 10:33:04
A57: 400051 | B57: Bisleri Packaged Water (1 l) | C57: Bisleri Vedica Mineral Water Bottle | D57: In Stock | E57: Yes | F57: Cold Drinks & Juices | G57: Water & Ice Cubes | H57: https://www.amazon.in/dp/B0DH2LZ9W9 | I57: 60 | K57: 1 L | L57: Amazon Retail QCom | M57: B0DH2LZ9W9 | N57: 15n9g3 | O57: 1000 | P57: ml | Q57: 400051 | R57: https://www.amazon.in/dp/B0DH2LZ9W9 | S57: 2026-09-11 10:33:04
A58: 400051 | B58: iD Idli & Dosa Batter - 1 kg | C58: iD Fresh Idly & Dosa Batter | D58: In Stock | E58: Yes | F58: Dairy & Breakfast | G58: Batter | H58: https://www.amazon.in/dp/B01468O5AW | I58: 105 | K58: 1 kg | L58: Amazon Retail QCom | M58: B01468O5AW | N58: 15n9g3 | O58: 1000 | P58: g | Q58: 400051 | R58: https://www.amazon.in/dp/B01468O5AW | S58: 2026-09-11 10:33:04
A59: 400051 | B59: Britannia 100% Whole Wheat Bread (No Maida) | F59: Dairy & Breakfast | G59: Bread & Pav | H59: https://www.amazon.in/dp/B0B1D733ZV
A60: 400051 | B60: Britannia Pav | C60: Britannia Marie Gold Biscuits | D60: In Stock | E60: Yes | F60: Dairy & Breakfast | G60: Bread & Pav | H60: https://www.amazon.in/dp/B00S9BSEB4 | I60: 40 | K60: 250 g | L60: Amazon Retail QCom | M60: B00S9BSEB4 | N60: 15n9g3 | O60: 250 | P60: g | Q60: 400051 | R60: https://www.amazon.in/dp/B00S9BSEB4 | S60: 2026-09-11 10:33:04
A61: 400051 | B61: The Health Factory Zero Maida Atta Bread (Wheat Bread) | C61: The Baker's Dozen Butter Garlic Toast | D61: In Stock | E61: Yes | F61: Dairy & Breakfast | G61: Bread & Pav | H61: https://www.amazon.in/dp/B0BZZFR7WB | I61: 74 | J61: 119 | K61: 90g | L61: Amazon Retail QCom | M61: B0BZZFR7WB | N61: 15n9g3 | O61: 90 | P61: g | Q61: 400051 | R61: https://www.amazon.in/dp/B0BZZFR7WB | S61: 2026-09-11 10:33:04
A62: 400051 | B62: Amul Salted Butter | C62: Amul Salted Pasteurised Butter | D62: In Stock | E62: Yes | F62: Dairy & Breakfast | G62: Butter & More | H62: https://www.amazon.in/dp/B01IBTCZNG | I62: 62 | J62: 63 | K62: 100 g | L62: Amazon Retail QCom | M62: B01IBTCZNG | N62: 15n9g3 | O62: 100 | P62: g | Q62: 400051 | R62: https://www.amazon.in/dp/B01IBTCZNG | S62: 2026-09-11 10:33:05
A63: 400051 | B63: Amul Cheese Cubes | C63: Amul Pure Milk Cheese Cubes | D63: In Stock | E63: Yes | F63: Dairy & Breakfast | G63: Cheese | H63: https://www.amazon.in/dp/B018E0GO9S | I63: 132 | J63: 135 | K63: 200 g | L63: Amazon Retail QCom | M63: B018E0GO9S | N63: 15n9g3 | O63: 200 | P63: g | Q63: 400051 | R63: https://www.amazon.in/dp/B018E0GO9S | S63: 2026-09-11 10:33:05
A64: 400051 | B64: Amul Cheese Slices | C64: Amul A+ Cheese Slices | D64: In Stock | E64: Yes | F64: Dairy & Breakfast | G64: Cheese | H64: https://www.amazon.in/dp/B00NNMKV4C | I64: 114 | J64: 170 | K64: 200 g | L64: Amazon Retail QCom | M64: B00NNMKV4C | N64: 15n9g3 | O64: 200 | P64: g | Q64: 400051 | R64: https://www.amazon.in/dp/B00NNMKV4C | S64: 2026-09-11 10:33:05
A65: 400051 | B65: Amul Fresh Cream | C65: Amul Whipping Cream | D65: In Stock | E65: Yes | F65: Dairy & Breakfast | G65: Cream & Whitener | H65: https://www.amazon.in/dp/B07KJBJL3P | I65: 100 | K65: 250 ml | L65: Amazon Retail QCom | M65: B07KJBJL3P | N65: 15n9g3 | O65: 250 | P65: ml | Q65: 400051 | R65: https://www.amazon.in/dp/B07KJBJL3P | S65: 2026-09-11 10:33:05
A66: 400051 | B66: Amul Masti Set Cup Curd Tub | F66: Dairy & Breakfast | G66: Curd & Yogurt | H66: https://www.amazon.in/dp/B0DNK8XLVY
A67: 400051 | B67: Epigamia Alphonso Mango Flavoured Yogurt | F67: Dairy & Breakfast | G67: Curd & Yogurt | H67: https://www.amazon.in/dp/B0DW8P44H2
A68: 400051 | B68: Licious Farm Fresh Classic White Protein Rich Eggs | F68: Dairy & Breakfast | G68: Eggs | H68: https://www.amazon.in/dp/B07GSG6B9M
A69: 400051 | B69: Kellogg's Corn Flakes Original | C69: Kellogg's Original Corn Flakes | D69: In Stock | E69: Yes | F69: Dairy & Breakfast | G69: Flakes & Kids Cereals | H69: https://www.amazon.in/dp/B00TIMOXFO | I69: 175 | J69: 195 | K69: 475 g | L69: Amazon Retail QCom | M69: B00TIMOXFO | N69: 15n9g3 | O69: 475 | P69: g | Q69: 400051 | R69: https://www.amazon.in/dp/B00TIMOXFO | S69: 2026-09-11 10:33:05
A70: 400051 | B70: Dabur Honey Squeezy | C70: Dabur Honey Squeezy Pack | D70: In Stock | E70: Yes | F70: Dairy & Breakfast | G70: Honey & Chyawanprash | H70: https://www.amazon.in/dp/B07J57J784 | I70: 168 | J70: 249 | K70: Pack of 2, 225g Each | L70: Amazon Retail QCom | M70: B07J57J784 | N70: 15n9g3 | Q70: 400051 | R70: https://www.amazon.in/dp/B07J57J784 | S70: 2026-09-11 10:33:05
A71: 400051 | B71: Amul Sweet Lassi | C71: Amul Lassi Tetra Pack | D71: In Stock | E71: Yes | F71: Dairy & Breakfast | G71: Lassi, Shakes & More | H71: https://www.amazon.in/dp/B00O8X3O9E | I71: 20 | K71: 200 ml | L71: Amazon Retail QCom | M71: B00O8X3O9E | N71: 15n9g3 | O71: 200 | P71: ml | Q71: 400051 | R71: https://www.amazon.in/dp/B00O8X3O9E | S71: 2026-09-11 10:33:05
A72: 400051 | B72: Amul Cow Milk | C72: Amul Taaza Homogenized Toned Milk | D72: In Stock | E72: Yes | F72: Dairy & Breakfast | G72: Milk | H72: https://www.amazon.in/dp/B018VFFZSC | I72: 40 | K72: 500 ml | L72: Amazon Retail QCom | M72: B018VFFZSC | N72: 15n9g3 | O72: 500 | P72: ml | Q72: 400051 | R72: https://www.amazon.in/dp/B018VFFZSC | S72: 2026-09-11 10:33:05
A73: 400051 | B73: Amul Taaza Toned Milk | C73: Amul Taaza Homogenized Toned Milk | D73: In Stock | E73: Yes | F73: Dairy & Breakfast | G73: Milk | H73: https://www.amazon.in/dp/B018VFFZSC | I73: 40 | K73: 500 ml | L73: Amazon Retail QCom | M73: B018VFFZSC | N73: 15n9g3 | O73: 500 | P73: ml | Q73: 400051 | R73: https://www.amazon.in/dp/B018VFFZSC | S73: 2026-09-11 10:33:05
A74: 400051 | B74: Kellogg's Fruit, Nut & Seeds Muesli | F74: Dairy & Breakfast | G74: Muesli & Granola | H74: https://www.amazon.in/dp/B083JMHX1D
A75: 400051 | B75: Quaker Rolled Instant Oats | C75: Quaker Rolled Oats | D75: In Stock | E75: Yes | F75: Dairy & Breakfast | G75: Oats | H75: https://www.amazon.in/dp/B00O7XQPN2 | I75: 86 | K75: 400 g | L75: Amazon Retail QCom | M75: B00O7XQPN2 | N75: 15n9g3 | O75: 400 | P75: g | Q75: 400051 | R75: https://www.amazon.in/dp/B00O7XQPN2 | S75: 2026-09-11 10:33:05
A76: 400051 | B76: Amul Fresh Malai Paneer | C76: Amul Fresh Paneer | D76: In Stock | E76: Yes | F76: Dairy & Breakfast | G76: Paneer & Tofu | H76: https://www.amazon.in/dp/B078KT9RB1 | I76: 95 | K76: 200 g | L76: Amazon Retail QCom | M76: B078KT9RB1 | N76: 15n9g3 | O76: 200 | P76: g | Q76: 400051 | R76: https://www.amazon.in/dp/B078KT9RB1 | S76: 2026-09-11 10:33:05
A77: 400051 | B77: Tata Sampann Thin Poha | C77: Tata Sampann Poha | D77: In Stock | E77: Yes | F77: Dairy & Breakfast | G77: Poha, Daliya & Other Grains | H77: https://www.amazon.in/dp/B07V3CM9L8 | I77: 51 | J77: 57 | K77: 500 g | L77: Amazon Retail QCom | M77: B07V3CM9L8 | N77: 15n9g3 | O77: 500 | P77: g | Q77: 400051 | R77: https://www.amazon.in/dp/B07V3CM9L8 | S77: 2026-09-11 10:33:05
A78: 400051 | B78: MTR Roasted Vermicelli | C78: MTR Any Time Seviyan Vermicelli | D78: In Stock | E78: Yes | F78: Dairy & Breakfast | G78: Vermicelli | H78: https://www.amazon.in/dp/B01682ORDO | I78: 81 | J78: 95 | K78: 850 g | L78: Amazon Retail QCom | M78: B01682ORDO | N78: 15n9g3 | O78: 850 | P78: g | Q78: 400051 | R78: https://www.amazon.in/dp/B01682ORDO | S78: 2026-09-11 10:33:05
A79: 400051 | B79: Happilo Premium Natural Californian Almonds | F79: Dry Fruits, Masala & Oil | G79: Dry Fruits | H79: https://www.amazon.in/dp/B01LY6B08A
A80: 400051 | B80: Amul Pure Ghee | F80: Dry Fruits, Masala & Oil | G80: Ghee & Vanaspati | H80: https://www.amazon.in/dp/B00TFEIXLA
A81: 400051 | B81: Sundrop Refined Sunflower Oil | F81: Dry Fruits, Masala & Oil | G81: Oil | H81: https://www.amazon.in/dp/B0GDQT3NNV
A82: 400051 | B82: Everest Kashmiri Red Chilli Powder | C82: Everest Kashmirilal Red Chilli Powder | D82: In Stock | E82: Yes | F82: Dry Fruits, Masala & Oil | G82: Powdered Spice | H82: https://www.amazon.in/dp/B0152ROOE8 | I82: 127 | J82: 132 | K82: 100 g | L82: Amazon Retail QCom | M82: B0152ROOE8 | N82: 15n9g3 | O82: 100 | P82: g | Q82: 400051 | R82: https://www.amazon.in/dp/B0152ROOE8 | S82: 2026-09-11 10:33:07
A83: 400051 | B83: Everest Turmeric Powder/Haldi | C83: Everest Turmeric Powder | D83: In Stock | E83: Yes | F83: Dry Fruits, Masala & Oil | G83: Powdered Spice | H83: https://www.amazon.in/dp/B00O0X79XY | I83: 86 | J83: 96 | K83: 200 g | L83: Amazon Retail QCom | M83: B00O0X79XY | N83: 15n9g3 | O83: 200 | P83: g | Q83: 400051 | R83: https://www.amazon.in/dp/B00O0X79XY | S83: 2026-09-11 10:33:07
A84: 400051 | B84: Madhur Pure & Hygienic Sulphurless Sugar | F84: Dry Fruits, Masala & Oil | G84: Salt, Sugar & Jaggery | H84: https://www.amazon.in/dp/B07575NCG8
A85: 400051 | B85: Tata Salt (Vacuum Evaporated Iodised) | C85: Tata Iodised Crystal Salt | D85: In Stock | E85: Yes | F85: Dry Fruits, Masala & Oil | G85: Salt, Sugar & Jaggery | H85: https://www.amazon.in/dp/B075WJTWQV | I85: 22 | K85: 1 kg | L85: Amazon Retail QCom | M85: B075WJTWQV | N85: 15n9g3 | O85: 1000 | P85: g | Q85: 400051 | R85: https://www.amazon.in/dp/B075WJTWQV | S85: 2026-09-11 10:33:07
A86: 400051 | B86: Catch Cumin Seeds / Jeera Seeds | C86: Catch Cumin (Jeera) | D86: In Stock | E86: Yes | F86: Dry Fruits, Masala & Oil | G86: Whole Spices | H86: https://www.amazon.in/dp/B0CRNR8SH8 | I86: 49 | J86: 75 | K86: 100g | L86: Amazon Retail QCom | M86: B0CRNR8SH8 | N86: 15n9g3 | O86: 100 | P86: g | Q86: 400051 | R86: https://www.amazon.in/dp/B0CRNR8SH8 | S86: 2026-09-11 10:33:07
A87: 400051 | B87: McCain French Fries | C87: McCain French Fries | D87: In Stock | E87: Yes | F87: Instant & Frozen Food | G87: Frozen Veg Snacks | H87: https://www.amazon.in/dp/B0FPFRW17G | I87: 184 | J87: 307 | K87: 1 kg | L87: Amazon Retail QCom | M87: B0FPFRW17G | N87: 15n9g3 | O87: 1000 | P87: g | Q87: 400051 | R87: https://www.amazon.in/dp/B0FPFRW17G | S87: 2026-09-11 10:33:07
A88: 400051 | B88: Maggi 2 Minutes Instant Noodles Made With Quality Spices | C88: Maggi 2-Minute Masala Instant Noodles | D88: In Stock | E88: Yes | F88: Instant & Frozen Food | G88: Noodles | H88: https://www.amazon.in/dp/B00U7GDO14 | I88: 78 | J88: 90 | K88: 420 g | L88: Amazon Retail QCom | M88: B00U7GDO14 | N88: 15n9g3 | O88: 420 | P88: g | Q88: 400051 | R88: https://www.amazon.in/dp/B00U7GDO14 | S88: 2026-09-11 10:33:07
A89: 400051 | B89: Haldiram's Bhujia | F89: Munchies | G89: Bhujia & Mixtures | H89: https://www.amazon.in/dp/B005OR9F0A
A90: 400051 | B90: Lay's India's Magic Masala Potato Chips | C90: Lay's India's Magic Masala Chips | D90: In Stock | E90: Yes | F90: Munchies | G90: Chips & Crisps | H90: https://www.amazon.in/dp/B08Q96WS8G | I90: 38 | J90: 48 | K90: 80 g | L90: Amazon Retail QCom | M90: B08Q96WS8G | N90: 15n9g3 | O90: 80 | P90: g | Q90: 400051 | R90: https://www.amazon.in/dp/B08Q96WS8G | S90: 2026-09-11 10:33:07
A91: 400051 | B91: Mr. Makhana Black Salt Flavoured Makhana | C91: Mr Makhana Himalayan Salt & Pepper Makhana | D91: In Stock | E91: Yes | F91: Munchies | G91: Makhana & More | H91: https://www.amazon.in/dp/B0CMV2M9J9 | I91: 130 | J91: 150 | K91: 55 g | L91: Amazon Retail QCom | M91: B0CMV2M9J9 | N91: 15n9g3 | O91: 55 | P91: g | Q91: 400051 | R91: https://www.amazon.in/dp/B0CMV2M9J9 | S91: 2026-09-11 10:33:07
A92: 400051 | B92: Doritos Cheese Nachos | C92: Doritos Cheese Nacho | D92: In Stock | E92: Yes | F92: Munchies | G92: Nachos | H92: https://www.amazon.in/dp/B08Q9B4LP7 | I92: 39 | J92: 48 | K92: 75 g | L92: Amazon Retail QCom | M92: B08Q9B4LP7 | N92: 15n9g3 | O92: 75 | P92: g | Q92: 400051 | R92: https://www.amazon.in/dp/B08Q9B4LP7 | S92: 2026-09-11 10:33:07
A93: 400051 | B93: Haldiram's Boondi | C93: Haldiram's Khari Boondi | D93: In Stock | E93: Yes | F93: Munchies | G93: Namkeen Snacks | H93: https://www.amazon.in/dp/B019BV5N8W | I93: 55 | K93: 200 g | L93: Amazon Retail QCom | M93: B019BV5N8W | N93: 15n9g3 | O93: 200 | P93: g | Q93: 400051 | R93: https://www.amazon.in/dp/B019BV5N8W | S93: 2026-09-11 10:33:07
A94: 400051 | B94: Act II Natural Microwave Popcorn | C94: Act II Butter Lover's Microwave Popcorn | D94: In Stock | E94: Yes | F94: Munchies | G94: Popcorn | H94: https://www.amazon.in/dp/B00PLKSJPM | I94: 199 | J94: 235 | K94: 276 g | L94: Amazon Retail QCom | M94: B00PLKSJPM | N94: 15n9g3 | O94: 276 | P94: g | Q94: 400051 | R94: https://www.amazon.in/dp/B00PLKSJPM | S94: 2026-09-11 10:33:07
A95: 400051 | B95: Britannia Toastea Cake Rusk | C95: Britannia Toastea Premium Bake Rusk | D95: In Stock | E95: Yes | F95: Munchies | G95: Rusks & Wafers | H95: https://www.amazon.in/dp/B09LQ9NTDS | I95: 39 | J95: 40 | K95: 183 g | L95: Amazon Retail QCom | M95: B09LQ9NTDS | N95: 15n9g3 | O95: 183 | P95: g | Q95: 400051 | R95: https://www.amazon.in/dp/B09LQ9NTDS | S95: 2026-09-11 10:33:07
A96: 400051 | B96: Kettle Studio Rock Sea Salt & English Vinegar Potato Chips | F96: Organic & Premium | G96: Snacks & Munchies | H96: https://www.amazon.in/dp/B0DGCRMB6G
A97: 400051 | B97: Marlboro Advance Compact | F97: Paan Corner | G97: Cigarettes | H97: https://www.amazon.in/dp/B0GZ5BT8SQ
A98: 400051 | B98: Nicotex Mint Plus Nicotine Gum | F98: Paan Corner | G98: Smoking Cessation | H98: https://www.amazon.in/dp/B0FPRDFMD6
A99: 400051 | B99: Dettol Original Bathing Bar | C99: Dettol Original Bathing Soap Bar | D99: In Stock | E99: Yes | F99: Personal Care | G99: Bathing Soaps | H99: https://www.amazon.in/dp/B0DGLKH2RL | I99: 343 | J99: 440 | K99: Pack of 6, 150 g Each | L99: RK World Infocom Pvt Ltd QCom | M99: B0DGLKH2RL | N99: 15n9g3 | Q99: 400051 | R99: https://www.amazon.in/dp/B0DGLKH2RL | S99: 2026-09-11 10:33:07
A100: 400051 | B100: Nivea Men Fresh Active Men's Roll On | C100: Nivea Men Fresh Active Roll-On Deodorant | D100: In Stock | E100: Yes | F100: Personal Care | G100: Deodorant & Talc | H100: https://www.amazon.in/dp/B007E9E9CK | I100: 174 | J100: 249 | K100: 50 ml | L100: RK World Infocom Pvt Ltd QCom | M100: B007E9E9CK | N100: 15n9g3 | O100: 50 | P100: ml | Q100: 400051 | R100: https://www.amazon.in/dp/B007E9E9CK | S100: 2026-09-11 10:33:07
...

Sheet 2026-09-11 1201
A1: Pincode | B1: Item | C1: ProductName | D1: is_out_of_stock | E1: Serviceable | F1: Segment | G1: Grocery | H1: Product_Link | I1: Price | J1: MRP | K1: Weight | L1: Seller | M1: ASIN | N1: StoreId | O1: Final_Qty | P1: Final_unit | Q1: Pincode_Used | R1: Used_Link | S1: Captured_At
A2: 400051 | B2: Aashirvaad Select | Pure MP Sharbati Wheat Atta for Soft Makhmali Rotis | C2: Aashirvaad Select 100% MP Sharbati Atta | D2: In Stock | E2: Yes | F2: Atta, Rice & Dal | G2: Atta | H2: https://www.amazon.in/dp/B00HUJQIZK | I2: 307 | J2: 384 | K2: 5 kg | L2: Amazon Retail QCom | M2: B00HUJQIZK | N2: 15n9g3 | O2: 5000 | P2: g | Q2: 400051 | R2: https://www.amazon.in/dp/B00HUJQIZK | S2: 2026-09-11 12:01:21
A3: 400051 | B3: Fortune Chakki Fresh Atta | F3: Atta, Rice & Dal | G3: Atta | H3: https://www.amazon.in/dp/B0H5BRQFFJ
A4: 400051 | B4: Fortune 100% Chana Dal Besan | C4: Fortune 100% Chana Dal Besan | D4: In Stock | E4: Yes | F4: Atta, Rice & Dal | G4: Besan, Sooji & Maida | H4: https://www.amazon.in/dp/B015MJI4BU | I4: 118 | J4: 169 | K4: 1 kg | L4: Amazon Retail QCom | M4: B015MJI4BU | N4: 15n9g3 | O4: 1000 | P4: g | Q4: 400051 | R4: https://www.amazon.in/dp/B015MJI4BU | S4: 2026-09-11 12:01:21
A5: 400051 | B5: Rajdhani Sooji/Rava | F5: Atta, Rice & Dal | G5: Besan, Sooji & Maida | H5: https://www.amazon.in/dp/B00MOFO276
A6: 400051 | B6: Tata Sampann Unpolished Masoor Dal | C6: Tata Sampann Masoor Dal (Whole) | D6: In Stock | E6: Yes | F6: Atta, Rice & Dal | G6: Moong & Masoor | H6: https://www.amazon.in/dp/B0752S522G | I6: 72 | J6: 79 | K6: 500 g | L6: Amazon Retail QCom | M6: B0752S522G | N6: 15n9g3 | O6: 500 | P6: g | Q6: 400051 | R6: https://www.amazon.in/dp/B0752S522G | S6: 2026-09-11 12:01:21
A7: 400051 | B7: Tata Sampann Unpolished Organic Moong Sabut | C7: Tata Sampann Green Moong Dal (Whole) | D7: In Stock | E7: Yes | F7: Atta, Rice & Dal | G7: Moong & Masoor | H7: https://www.amazon.in/dp/B077X8MD39 | I7: 82 | J7: 93 | K7: 500 g | L7: Amazon Retail QCom | M7: B077X8MD39 | N7: 15n9g3 | O7: 500 | P7: g | Q7: 400051 | R7: https://www.amazon.in/dp/B077X8MD39 | S7: 2026-09-11 12:01:21
A8: 400051 | B8: Nutrela Soya Mini Chunks | C8: Nutrela Soya Mini Chunks | D8: In Stock | E8: Yes | F8: Atta, Rice & Dal | G8: Rajma, Chhole & Others | H8: https://www.amazon.in/dp/B013SAX1NG | I8: 50 | J8: 55 | K8: 200 g | L8: Amazon Retail QCom | M8: B013SAX1NG | N8: 15n9g3 | O8: 200 | P8: g | Q8: 400051 | R8: https://www.amazon.in/dp/B013SAX1NG | S8: 2026-09-11 12:01:21
A9: 400051 | B9: Tata Sampann Unpolished Kabuli Chana (Big Size) | C9: Tata Sampann Kabuli Chana (Big Size) | D9: In Stock | E9: Yes | F9: Atta, Rice & Dal | G9: Rajma, Chhole & Others | H9: https://www.amazon.in/dp/B07DCPTP6R | I9: 89 | J9: 104 | K9: 500 g | L9: Amazon Retail QCom | M9: B07DCPTP6R | N9: 15n9g3 | O9: 500 | P9: g | Q9: 400051 | R9: https://www.amazon.in/dp/B07DCPTP6R | S9: 2026-09-11 12:01:21
A10: 400051 | B10: Tata Sampann Unpolished Rajma | C10: Tata Sampann Rajma (Chitra) | D10: In Stock | E10: Yes | F10: Atta, Rice & Dal | G10: Rajma, Chhole & Others | H10: https://www.amazon.in/dp/B077X8CS14 | I10: 93 | J10: 108 | K10: 500 g | L10: Amazon Retail QCom | M10: B077X8CS14 | N10: 15n9g3 | O10: 500 | P10: g | Q10: 400051 | R10: https://www.amazon.in/dp/B077X8CS14 | S10: 2026-09-11 12:01:21
A11: 400051 | B11: Daawat Super Basmati Rice (Long Grain) | C11: Daawat Super Basmati Rice | D11: In Stock | E11: Yes | F11: Atta, Rice & Dal | G11: Rice | H11: https://www.amazon.in/dp/B00SWKBO0K | I11: 820 | J11: 995 | K11: 5 kg | L11: Amazon Retail QCom | M11: B00SWKBO0K | N11: 15n9g3 | O11: 5000 | P11: g | Q11: 400051 | R11: https://www.amazon.in/dp/B00SWKBO0K | S11: 2026-09-11 12:01:21
A12: 400051 | B12: India Gate Daily Premium Basmati Rice (Long Grain) | C12: India Gate Everyday Dubar Pure Basmati Rice | D12: In Stock | E12: Yes | F12: Atta, Rice & Dal | G12: Rice | H12: https://www.amazon.in/dp/B0BBF1FT93 | I12: 379 | J12: 515 | K12: 5 kg | L12: Amazon Retail QCom | M12: B0BBF1FT93 | N12: 15n9g3 | O12: 5000 | P12: g | Q12: 400051 | R12: https://www.amazon.in/dp/B0BBF1FT93 | S12: 2026-09-11 12:01:21
A13: 400051 | B13: Tata Sampann Unpolished Chana Dal | F13: Atta, Rice & Dal | G13: Toor, Urad & Chana | H13: https://www.amazon.in/dp/B077X8G5DK
A14: 400051 | B14: Tata Sampann Unpolished Toor Dal | C14: Vedaka Toor Dal (Split) | D14: In Stock | E14: Yes | F14: Atta, Rice & Dal | G14: Toor, Urad & Chana | H14: https://www.amazon.in/dp/B0BSWQXJDL | I14: 306 | J14: 575 | K14: 2 kg | L14: Amazon Retail QCom | M14: B0BSWQXJDL | N14: 15n9g3 | O14: 2000 | P14: g | Q14: 400051 | R14: https://www.amazon.in/dp/B0BSWQXJDL | S14: 2026-09-11 12:01:21
A15: 400051 | B15: Nestle Cerelac Wheat Apple Baby Cereal (6 - 24 Months) | C15: Cerelac Baby Cereal with Milk | D15: In Stock | E15: Yes | F15: Baby Care | G15: Baby Food | H15: https://www.amazon.in/dp/B00I4SYXIK | I15: 280 | K15: 350 g | L15: Amazon Retail QCom | M15: B00I4SYXIK | N15: 15n9g3 | O15: 350 | P15: g | Q15: 400051 | R15: https://www.amazon.in/dp/B00I4SYXIK | S15: 2026-09-11 12:01:21
A16: 400051 | B16: Himalaya Gentle Baby Wipes | F16: Baby Care | G16: Baby Wipes | H16: https://www.amazon.in/dp/B0GYPN214D
A17: 400051 | B17: Johnson's Baby Soap | F17: Baby Care | G17: Bathing Needs | H17: https://www.amazon.in/dp/B06XY98VPT
A18: 400051 | B18: Pampers Happy Sleep Pant Style Baby Diaper (M) | C18: Pampers Happy Sleep Pant Style Baby Diapers - M | D18: In Stock | E18: Yes | F18: Baby Care | G18: Diapers & More | H18: https://www.amazon.in/dp/B0DSGHM8JW | I18: 476 | J18: 609 | K18: M, 48 Pcs | L18: RK World Infocom Pvt Ltd QCom | M18: B0DSGHM8JW | N18: 15n9g3 | Q18: 400051 | R18: https://www.amazon.in/dp/B0DSGHM8JW | S18: 2026-09-11 12:01:21
A19: 400051 | B19: Johnson's Baby Lotion | C19: Johnson's Baby Lotion | D19: In Stock | E19: Yes | F19: Baby Care | G19: Skin & Hair Care | H19: https://www.amazon.in/dp/B07FHHCR44 | I19: 192 | J19: 220 | K19: 200 ml | L19: RK World Infocom Pvt Ltd QCom | M19: B07FHHCR44 | N19: 15n9g3 | O19: 200 | P19: ml | Q19: 400051 | R19: https://www.amazon.in/dp/B07FHHCR44 | S19: 2026-09-11 12:01:21
A20: 400051 | B20: Weikfield Double Action Baking Powder | F20: Bakery & Biscuits | G20: Baking Ingredients | H20: https://www.amazon.in/dp/B004KFHIBK
A21: 400051 | B21: Lotte Choco Pie | F21: Bakery & Biscuits | G21: Cakes & Rolls | H21: https://www.amazon.in/dp/B019RL0C4Q
A22: 400051 | B22: Britannia Original Bourbon Creme Biscuit | C22: Cadbury Bournvita Biscuits | D22: In Stock | E22: Yes | F22: Bakery & Biscuits | G22: Cookies | H22: https://www.amazon.in/dp/B07FR2GVVK | I22: 29 | J22: 30 | K22: 111.6 g | L22: Amazon Retail QCom | M22: B07FR2GVVK | N22: 15n9g3 | O22: 111.6 | P22: g | Q22: 400051 | R22: https://www.amazon.in/dp/B07FR2GVVK | S22: 2026-09-11 12:01:22
A23: 400051 | B23: Britannia Good Day Cashew Biscuit | C23: Britannia Good Day Cashew Cookies | D23: In Stock | E23: Yes | F23: Bakery & Biscuits | G23: Cookies | H23: https://www.amazon.in/dp/B01M1RKTRK | I23: 82 | J23: 130 | K23: 526 g | L23: Amazon Retail QCom | M23: B01M1RKTRK | N23: 15n9g3 | O23: 526 | P23: g | Q23: 400051 | R23: https://www.amazon.in/dp/B01M1RKTRK | S23: 2026-09-11 12:01:22
A24: 400051 | B24: Malkist Cheese Flavoured Cracker Biscuit - Family Pack | F24: Bakery & Biscuits | G24: Cream Biscuits | H24: https://www.amazon.in/dp/B0F2G8Q5SX
A25: 400051 | B25: Britannia Marie Gold Marie Biscuits (208 g) | C25: Britannia Marie Gold Biscuits | D25: In Stock | E25: Yes | F25: Bakery & Biscuits | G25: Glucose & Marie | H25: https://www.amazon.in/dp/B00S9BSEB4 | I25: 40 | K25: 250 g | L25: Amazon Retail QCom | M25: B00S9BSEB4 | N25: 15n9g3 | O25: 250 | P25: g | Q25: 400051 | R25: https://www.amazon.in/dp/B00S9BSEB4 | S25: 2026-09-11 12:01:22
A26: 400051 | B26: Britannia NutriChoice Digestive High Fibre Biscuit - 250 g Family Pack | C26: Britannia Nutrichoice 5 Grain Digestive Biscuits | D26: In Stock | E26: Yes | F26: Bakery & Biscuits | G26: Healthy & Digestive | H26: https://www.amazon.in/dp/B00RGE4OUA | I26: 54 | J26: 65 | K26: 200 g | L26: Amazon Retail QCom | M26: B00RGE4OUA | N26: 15n9g3 | O26: 200 | P26: g | Q26: 400051 | R26: https://www.amazon.in/dp/B00RGE4OUA | S26: 2026-09-11 12:01:22
A27: 400051 | B27: McVitie's Digestive High Fibre Biscuit | F27: Bakery & Biscuits | G27: Healthy & Digestive | H27: https://www.amazon.in/dp/B0H5QXXHLP
A28: 400051 | B28: Nivea Nourishing Body Lotion | F28: Beauty & Cosmetics | G28: Body & Skin Care | H28: https://www.amazon.in/dp/B099NNW9LL
A29: 400051 | B29: Maybelline New York Colossal Kajal (Deep Black) | C29: Maybelline The Colossal Kajal | D29: In Stock | E29: Yes | F29: Beauty & Cosmetics | G29: Eye Makeup | H29: https://www.amazon.in/dp/B06WGZP21B | I29: 181 | J29: 220 | K29: 0.35 g | L29: RK World Infocom Pvt Ltd QCom | M29: B06WGZP21B | N29: 15n9g3 | O29: 0.35 | P29: g | Q29: 400051 | R29: https://www.amazon.in/dp/B06WGZP21B | S29: 2026-09-11 12:01:22
A30: 400051 | B30: Pond's Bright Beauty Serum Skin Treatment Cream 34 g | F30: Beauty & Cosmetics | G30: Face Care | H30: https://www.amazon.in/dp/B077ND8562
A31: 400051 | B31: Lakme Forever Matte Compact (Pearl) | C31: Lakme Forever Matte Compact | D31: In Stock | E31: Yes | F31: Beauty & Cosmetics | G31: Face Cosmetics | H31: https://www.amazon.in/dp/B09C3Q2YFX | I31: 172 | J31: 245 | K31: 9 g | L31: RK World Infocom Pvt Ltd QCom | M31: B09C3Q2YFX | N31: 15n9g3 | O31: 9 | P31: g | Q31: 400051 | R31: https://www.amazon.in/dp/B09C3Q2YFX | S31: 2026-09-11 12:01:22
A32: 400051 | B32: Livon Anti-Frizz Hair Serum | C32: Livon Go Frizz Free Anti-Frizz Serum | D32: In Stock | E32: Yes | F32: Beauty & Cosmetics | G32: Hair Styling & Treatment | H32: https://www.amazon.in/dp/B00CBRIKIE | I32: 139 | J32: 180 | K32: 50 ml | L32: RK World Infocom Pvt Ltd QCom | M32: B00CBRIKIE | N32: 15n9g3 | O32: 50 | P32: ml | Q32: 400051 | R32: https://www.amazon.in/dp/B00CBRIKIE | S32: 2026-09-11 12:01:22
A33: 400051 | B33: Nivea Essential Care Lip Balm | C33: Nivea Original Care Lip Balm | D33: In Stock | E33: Yes | F33: Beauty & Cosmetics | G33: Lip & Eye Care | H33: https://www.amazon.in/dp/B007E9JC7W | I33: 137 | J33: 175 | K33: 4.8 g | L33: RK World Infocom Pvt Ltd QCom | M33: B007E9JC7W | N33: 15n9g3 | O33: 4.8 | P33: g | Q33: 400051 | R33: https://www.amazon.in/dp/B007E9JC7W | S33: 2026-09-11 12:01:22
A34: 400051 | B34: Lakme 9To5 Hya Matte Lipstick (Workday Rose) | F34: Beauty & Cosmetics | G34: Lip Cosmetics | H34: https://www.amazon.in/dp/B0DWH87545
A35: 400051 | B35: Lakme Nail Paint Remover | C35: Lakme Nail Enamel Remover | D35: In Stock | E35: Yes | F35: Beauty & Cosmetics | G35: Nail Cosmetics | H35: https://www.amazon.in/dp/B006LXBF0E | I35: 99 | J35: 110 | K35: 27 ml | L35: RK World Infocom Pvt Ltd QCom | M35: B006LXBF0E | N35: 15n9g3 | O35: 27 | P35: ml | Q35: 400051 | R35: https://www.amazon.in/dp/B006LXBF0E | S35: 2026-09-11 12:01:22
A36: 400051 | B36: Licious Chicken Curry Cut (Small Pieces) | F36: Chicken, Meat & Fish | G36: Fresh Meat | H36: https://www.amazon.in/dp/B0BTYJ58W1
A37: 400051 | B37: Surf Excel Easy Wash Detergent Powder | C37: Surf Excel Easy Wash Detergent Powder | D37: In Stock | E37: Yes | F37: Cleaning Essentials | G37: Detergent Powder & Bars | H37: https://www.amazon.in/dp/B01ITJ6642 | I37: 80 | J37: 85 | K37: 500 g | L37: RK World Infocom Pvt Ltd QCom | M37: B01ITJ6642 | N37: 15n9g3 | O37: 500 | P37: g | Q37: 400051 | R37: https://www.amazon.in/dp/B01ITJ6642 | S37: 2026-09-11 12:01:22
A38: 400051 | B38: Scotch Brite Scrub Pad | F38: Cleaning Essentials | G38: Dishwashing Accessories | H38: https://www.amazon.in/dp/B07H4YJLP4
A39: 400051 | B39: Vim Lemon Dishwash Bar (300 g) | C39: Vim Dishwash Bar Tub | D39: In Stock | E39: Yes | F39: Cleaning Essentials | G39: Dishwashing Bars & Tubs | H39: https://www.amazon.in/dp/B00U2DVHD4 | I39: 55 | K39: 500 g | L39: RK World Infocom Pvt Ltd QCom | M39: B00U2DVHD4 | N39: 15n9g3 | O39: 500 | P39: g | Q39: 400051 | R39: https://www.amazon.in/dp/B00U2DVHD4 | S39: 2026-09-11 12:01:22
A40: 400051 | B40: Vim Lemon Dishwash Gel | C40: Vim Dishwash Liquid Gel | D40: In Stock | E40: Yes | F40: Cleaning Essentials | G40: Dishwashing Gels & Tablets | H40: https://www.amazon.in/dp/B00M99II36 | I40: 189 | J40: 199 | K40: 750 ml | L40: RK World Infocom Pvt Ltd QCom | M40: B00M99II36 | N40: 15n9g3 | O40: 750 | P40: ml | Q40: 400051 | R40: https://www.amazon.in/dp/B00M99II36 | S40: 2026-09-11 12:01:22
A41: 400051 | B41: Comfort After Wash Fabric Conditioner (Lily Fresh) | C41: Comfort Lily Fresh Fabric Conditioner | D41: In Stock | E41: Yes | F41: Cleaning Essentials | G41: Fabric Conditioner & Additives | H41: https://www.amazon.in/dp/B074NCW9PD | I41: 199 | J41: 245 | K41: 860 ml | L41: RK World Infocom Pvt Ltd QCom | M41: B074NCW9PD | N41: 15n9g3 | O41: 860 | P41: ml | Q41: 400051 | R41: https://www.amazon.in/dp/B074NCW9PD | S41: 2026-09-11 12:01:22
A42: 400051 | B42: Lizol Disinfectant Surface & Floor Cleaner (Citrus) 2 l | C42: Lizol Citrus Disinfectant Surface Cleaner | D42: In Stock | E42: Yes | F42: Cleaning Essentials | G42: Floor & Surface Cleaners | H42: https://www.amazon.in/dp/B08CPRYLK4 | I42: 295 | J42: 329 | K42: 1.8 L | L42: RK World Infocom Pvt Ltd QCom | M42: B08CPRYLK4 | N42: 15n9g3 | O42: 1800 | P42: ml | Q42: 400051 | R42: https://www.amazon.in/dp/B08CPRYLK4 | S42: 2026-09-11 12:01:24
A43: 400051 | B43: Surf Excel Matic Top Load Liquid Detergent | C43: Surf Excel Matic Top Load Liquid Detergent | D43: In Stock | E43: Yes | F43: Cleaning Essentials | G43: Liquid Detergents | H43: https://www.amazon.in/dp/B072QRVVDS | I43: 235 | K43: 1 L | L43: RK World Infocom Pvt Ltd QCom | M43: B072QRVVDS | N43: 15n9g3 | O43: 1000 | P43: ml | Q43: 400051 | R43: https://www.amazon.in/dp/B072QRVVDS | S43: 2026-09-11 12:01:24
A44: 400051 | B44: Harpic Disinfectant Liquid Toilet Cleaner - (Original) | C44: Harpic Power Plus Toilet Cleaner | D44: In Stock | E44: Yes | F44: Cleaning Essentials | G44: Toilet & Bathroom Cleaners | H44: https://www.amazon.in/dp/B016D3J92M | I44: 390 | J44: 470 | K44: Pack of 2, 1 L Each | L44: RK World Infocom Pvt Ltd QCom | M44: B016D3J92M | N44: 15n9g3 | Q44: 400051 | R44: https://www.amazon.in/dp/B016D3J92M | S44: 2026-09-11 12:01:24
A45: 400051 | B45: Storia Tender Concentrate Coconut Water - No Added Sugar | C45: Storia Tender Coconut Water Pet Bottle | D45: In Stock | E45: Yes | F45: Cold Drinks & Juices | G45: Coconut Water | H45: https://www.amazon.in/dp/B08753WZ51 | I45: 225 | J45: 360 | K45: Pack of 6, 200 ml Each | L45: Amazon Retail QCom | M45: B08753WZ51 | N45: 15n9g3 | Q45: 400051 | R45: https://www.amazon.in/dp/B08753WZ51 | S45: 2026-09-11 12:01:24
A46: 400051 | B46: Lipton Lemon Iced Tea | F46: Cold Drinks & Juices | G46: Cold Coffee & Ice Tea | H46: https://www.amazon.in/dp/B0CYX8SKVQ
A47: 400051 | B47: Nescafe Ready to Drink Cold Coffee, Iced Latte | F47: Cold Drinks & Juices | G47: Cold Coffee & Ice Tea | H47: https://www.amazon.in/dp/B0DSC9JQCG
A48: 400051 | B48: Hamdard Rooh Afza Rose Sharbat | F48: Cold Drinks & Juices | G48: Concentrates & Syrups | H48: https://www.amazon.in/dp/B06ZZMFB59
A49: 400051 | B49: Red Bull Energy Drink | F49: Cold Drinks & Juices | G49: Energy Drinks | H49: https://www.amazon.in/dp/B015T25C6K
A50: 400051 | B50: Real Activ Fibre+ Multi Fruit Juice | C50: Dabur Real Activ Mixed Fruit Juice | D50: In Stock | E50: Yes | F50: Cold Drinks & Juices | G50: Fruit Juice | H50: https://www.amazon.in/dp/B0140TF93E | I50: 140.8 | J50: 160 | K50: 1 L | L50: RK World Infocom Pvt Ltd QCom | M50: B0140TF93E | N50: 15n9g3 | O50: 1000 | P50: ml | Q50: 400051 | R50: https://www.amazon.in/dp/B0140TF93E | S50: 2026-09-11 12:01:24
A51: 400051 | B51: Frooti Mango Drink | C51: Slice Mango Drink | D51: In Stock | E51: Yes | F51: Cold Drinks & Juices | G51: Mango Drinks | H51: https://www.amazon.in/dp/B0140Q6M3S | I51: 70 | K51: 1.2 L | L51: Amazon Retail QCom | M51: B0140Q6M3S | N51: 15n9g3 | O51: 1200 | P51: ml | Q51: 400051 | R51: https://www.amazon.in/dp/B0140Q6M3S | S51: 2026-09-11 12:01:24
A52: 400051 | B52: Real Activ Apple Juice | C52: Dabur Real Activ Apple Fruit Juice Tetra Pack | D52: In Stock | E52: Yes | F52: Cold Drinks & Juices | G52: Pure Juices | H52: https://www.amazon.in/dp/B013P5V00K | I52: 128 | J52: 160 | K52: 1 L | L52: RK World Infocom Pvt Ltd QCom | M52: B013P5V00K | N52: 15n9g3 | O52: 1000 | P52: ml | Q52: 400051 | R52: https://www.amazon.in/dp/B013P5V00K | S52: 2026-09-11 12:01:24
A53: 400051 | B53: Kinley Strong Soda Water | F53: Cold Drinks & Juices | G53: Soda & Mixers | H53: https://www.amazon.in/dp/B079GX9DDF
A54: 400051 | B54: Schweppes Indian Tonic Water | C54: Schweppes Indian Tonic Water | D54: In Stock | E54: Yes | F54: Cold Drinks & Juices | G54: Soda & Mixers | H54: https://www.amazon.in/dp/B079H8QCDM | I54: 59 | J54: 60 | K54: 300 ml | L54: Amazon Retail QCom | M54: B079H8QCDM | N54: 15n9g3 | O54: 300 | P54: ml | Q54: 400051 | R54: https://www.amazon.in/dp/B079H8QCDM | S54: 2026-09-11 12:01:24
A55: 400051 | B55: Coca-Cola Cola Soft Drink | C55: Coca-Cola Original Taste Soft Drink | D55: In Stock | E55: Yes | F55: Cold Drinks & Juices | G55: Soft Drinks | H55: https://www.amazon.in/dp/B08L4LPCZ8 | I55: 160 | K55: Pack of 8, 250 ml Each | L55: Amazon Retail QCom | M55: B08L4LPCZ8 | N55: 15n9g3 | Q55: 400051 | R55: https://www.amazon.in/dp/B08L4LPCZ8 | S55: 2026-09-11 12:01:24
A56: 400051 | B56: Pepsi Cola Soft Drink (2.25 l) | C56: Pepsi Soft Drink | D56: In Stock | E56: Yes | F56: Cold Drinks & Juices | G56: Soft Drinks | H56: https://www.amazon.in/dp/B0140Q6HGA | I56: 85 | J56: 100 | K56: 2.25 L | L56: Amazon Retail QCom | M56: B0140Q6HGA | N56: 15n9g3 | O56: 2250 | P56: ml | Q56: 400051 | R56: https://www.amazon.in/dp/B0140Q6HGA | S56: 2026-09-11 12:01:24
A57: 400051 | B57: Bisleri Packaged Water (1 l) | C57: Bisleri Vedica Mineral Water Bottle | D57: In Stock | E57: Yes | F57: Cold Drinks & Juices | G57: Water & Ice Cubes | H57: https://www.amazon.in/dp/B0DH2LZ9W9 | I57: 60 | K57: 1 L | L57: Amazon Retail QCom | M57: B0DH2LZ9W9 | N57: 15n9g3 | O57: 1000 | P57: ml | Q57: 400051 | R57: https://www.amazon.in/dp/B0DH2LZ9W9 | S57: 2026-09-11 12:01:24
A58: 400051 | B58: iD Idli & Dosa Batter - 1 kg | C58: iD Fresh Idly & Dosa Batter | D58: In Stock | E58: Yes | F58: Dairy & Breakfast | G58: Batter | H58: https://www.amazon.in/dp/B01468O5AW | I58: 105 | K58: 1 kg | L58: Amazon Retail QCom | M58: B01468O5AW | N58: 15n9g3 | O58: 1000 | P58: g | Q58: 400051 | R58: https://www.amazon.in/dp/B01468O5AW | S58: 2026-09-11 12:01:24
A59: 400051 | B59: Britannia 100% Whole Wheat Bread (No Maida) | F59: Dairy & Breakfast | G59: Bread & Pav | H59: https://www.amazon.in/dp/B0B1D733ZV
A60: 400051 | B60: Britannia Pav | C60: Britannia Marie Gold Biscuits | D60: In Stock | E60: Yes | F60: Dairy & Breakfast | G60: Bread & Pav | H60: https://www.amazon.in/dp/B00S9BSEB4 | I60: 40 | K60: 250 g | L60: Amazon Retail QCom | M60: B00S9BSEB4 | N60: 15n9g3 | O60: 250 | P60: g | Q60: 400051 | R60: https://www.amazon.in/dp/B00S9BSEB4 | S60: 2026-09-11 12:01:24
A61: 400051 | B61: The Health Factory Zero Maida Atta Bread (Wheat Bread) | C61: The Baker's Dozen Butter Garlic Toast | D61: In Stock | E61: Yes | F61: Dairy & Breakfast | G61: Bread & Pav | H61: https://www.amazon.in/dp/B0BZZFR7WB | I61: 74 | J61: 119 | K61: 90g | L61: Amazon Retail QCom | M61: B0BZZFR7WB | N61: 15n9g3 | O61: 90 | P61: g | Q61: 400051 | R61: https://www.amazon.in/dp/B0BZZFR7WB | S61: 2026-09-11 12:01:24
A62: 400051 | B62: Amul Salted Butter | C62: Amul Salted Pasteurised Butter | D62: In Stock | E62: Yes | F62: Dairy & Breakfast | G62: Butter & More | H62: https://www.amazon.in/dp/B01IBTCZNG | I62: 62 | J62: 63 | K62: 100 g | L62: Amazon Retail QCom | M62: B01IBTCZNG | N62: 15n9g3 | O62: 100 | P62: g | Q62: 400051 | R62: https://www.amazon.in/dp/B01IBTCZNG | S62: 2026-09-11 12:01:25
A63: 400051 | B63: Amul Cheese Cubes | C63: Amul Pure Milk Cheese Cubes | D63: In Stock | E63: Yes | F63: Dairy & Breakfast | G63: Cheese | H63: https://www.amazon.in/dp/B018E0GO9S | I63: 132 | J63: 135 | K63: 200 g | L63: Amazon Retail QCom | M63: B018E0GO9S | N63: 15n9g3 | O63: 200 | P63: g | Q63: 400051 | R63: https://www.amazon.in/dp/B018E0GO9S | S63: 2026-09-11 12:01:25
A64: 400051 | B64: Amul Cheese Slices | C64: Amul A+ Cheese Slices | D64: In Stock | E64: Yes | F64: Dairy & Breakfast | G64: Cheese | H64: https://www.amazon.in/dp/B00NNMKV4C | I64: 114 | J64: 170 | K64: 200 g | L64: Amazon Retail QCom | M64: B00NNMKV4C | N64: 15n9g3 | O64: 200 | P64: g | Q64: 400051 | R64: https://www.amazon.in/dp/B00NNMKV4C | S64: 2026-09-11 12:01:25
A65: 400051 | B65: Amul Fresh Cream | C65: Amul Whipping Cream | D65: In Stock | E65: Yes | F65: Dairy & Breakfast | G65: Cream & Whitener | H65: https://www.amazon.in/dp/B07KJBJL3P | I65: 100 | K65: 250 ml | L65: Amazon Retail QCom | M65: B07KJBJL3P | N65: 15n9g3 | O65: 250 | P65: ml | Q65: 400051 | R65: https://www.amazon.in/dp/B07KJBJL3P | S65: 2026-09-11 12:01:25
A66: 400051 | B66: Amul Masti Set Cup Curd Tub | F66: Dairy & Breakfast | G66: Curd & Yogurt | H66: https://www.amazon.in/dp/B0DNK8XLVY
A67: 400051 | B67: Epigamia Alphonso Mango Flavoured Yogurt | F67: Dairy & Breakfast | G67: Curd & Yogurt | H67: https://www.amazon.in/dp/B0DW8P44H2
A68: 400051 | B68: Licious Farm Fresh Classic White Protein Rich Eggs | F68: Dairy & Breakfast | G68: Eggs | H68: https://www.amazon.in/dp/B07GSG6B9M
A69: 400051 | B69: Kellogg's Corn Flakes Original | C69: Kellogg's Original Corn Flakes | D69: In Stock | E69: Yes | F69: Dairy & Breakfast | G69: Flakes & Kids Cereals | H69: https://www.amazon.in/dp/B00TIMOXFO | I69: 175 | J69: 195 | K69: 475 g | L69: Amazon Retail QCom | M69: B00TIMOXFO | N69: 15n9g3 | O69: 475 | P69: g | Q69: 400051 | R69: https://www.amazon.in/dp/B00TIMOXFO | S69: 2026-09-11 12:01:25
A70: 400051 | B70: Dabur Honey Squeezy | C70: Dabur Honey Squeezy Pack | D70: In Stock | E70: Yes | F70: Dairy & Breakfast | G70: Honey & Chyawanprash | H70: https://www.amazon.in/dp/B07J57J784 | I70: 168 | J70: 249 | K70: Pack of 2, 225g Each | L70: Amazon Retail QCom | M70: B07J57J784 | N70: 15n9g3 | Q70: 400051 | R70: https://www.amazon.in/dp/B07J57J784 | S70: 2026-09-11 12:01:25
A71: 400051 | B71: Amul Sweet Lassi | C71: Amul Lassi Tetra Pack | D71: In Stock | E71: Yes | F71: Dairy & Breakfast | G71: Lassi, Shakes & More | H71: https://www.amazon.in/dp/B00O8X3O9E | I71: 20 | K71: 200 ml | L71: Amazon Retail QCom | M71: B00O8X3O9E | N71: 15n9g3 | O71: 200 | P71: ml | Q71: 400051 | R71: https://www.amazon.in/dp/B00O8X3O9E | S71: 2026-09-11 12:01:25
A72: 400051 | B72: Amul Cow Milk | C72: Amul Taaza Homogenized Toned Milk | D72: In Stock | E72: Yes | F72: Dairy & Breakfast | G72: Milk | H72: https://www.amazon.in/dp/B018VFFZSC | I72: 40 | K72: 500 ml | L72: Amazon Retail QCom | M72: B018VFFZSC | N72: 15n9g3 | O72: 500 | P72: ml | Q72: 400051 | R72: https://www.amazon.in/dp/B018VFFZSC | S72: 2026-09-11 12:01:25
A73: 400051 | B73: Amul Taaza Toned Milk | C73: Amul Taaza Homogenized Toned Milk | D73: In Stock | E73: Yes | F73: Dairy & Breakfast | G73: Milk | H73: https://www.amazon.in/dp/B018VFFZSC | I73: 40 | K73: 500 ml | L73: Amazon Retail QCom | M73: B018VFFZSC | N73: 15n9g3 | O73: 500 | P73: ml | Q73: 400051 | R73: https://www.amazon.in/dp/B018VFFZSC | S73: 2026-09-11 12:01:25
A74: 400051 | B74: Kellogg's Fruit, Nut & Seeds Muesli | F74: Dairy & Breakfast | G74: Muesli & Granola | H74: https://www.amazon.in/dp/B083JMHX1D
A75: 400051 | B75: Quaker Rolled Instant Oats | C75: Quaker Rolled Oats | D75: In Stock | E75: Yes | F75: Dairy & Breakfast | G75: Oats | H75: https://www.amazon.in/dp/B00O7XQPN2 | I75: 86 | K75: 400 g | L75: Amazon Retail QCom | M75: B00O7XQPN2 | N75: 15n9g3 | O75: 400 | P75: g | Q75: 400051 | R75: https://www.amazon.in/dp/B00O7XQPN2 | S75: 2026-09-11 12:01:25
A76: 400051 | B76: Amul Fresh Malai Paneer | C76: Amul Fresh Paneer | D76: In Stock | E76: Yes | F76: Dairy & Breakfast | G76: Paneer & Tofu | H76: https://www.amazon.in/dp/B078KT9RB1 | I76: 95 | K76: 200 g | L76: Amazon Retail QCom | M76: B078KT9RB1 | N76: 15n9g3 | O76: 200 | P76: g | Q76: 400051 | R76: https://www.amazon.in/dp/B078KT9RB1 | S76: 2026-09-11 12:01:25
A77: 400051 | B77: Tata Sampann Thin Poha | C77: Tata Sampann Poha | D77: In Stock | E77: Yes | F77: Dairy & Breakfast | G77: Poha, Daliya & Other Grains | H77: https://www.amazon.in/dp/B07V3CM9L8 | I77: 51 | J77: 57 | K77: 500 g | L77: Amazon Retail QCom | M77: B07V3CM9L8 | N77: 15n9g3 | O77: 500 | P77: g | Q77: 400051 | R77: https://www.amazon.in/dp/B07V3CM9L8 | S77: 2026-09-11 12:01:25
A78: 400051 | B78: MTR Roasted Vermicelli | C78: MTR Any Time Seviyan Vermicelli | D78: In Stock | E78: Yes | F78: Dairy & Breakfast | G78: Vermicelli | H78: https://www.amazon.in/dp/B01682ORDO | I78: 81 | J78: 95 | K78: 850 g | L78: Amazon Retail QCom | M78: B01682ORDO | N78: 15n9g3 | O78: 850 | P78: g | Q78: 400051 | R78: https://www.amazon.in/dp/B01682ORDO | S78: 2026-09-11 12:01:25
A79: 400051 | B79: Happilo Premium Natural Californian Almonds | F79: Dry Fruits, Masala & Oil | G79: Dry Fruits | H79: https://www.amazon.in/dp/B01LY6B08A
A80: 400051 | B80: Amul Pure Ghee | F80: Dry Fruits, Masala & Oil | G80: Ghee & Vanaspati | H80: https://www.amazon.in/dp/B00TFEIXLA
A81: 400051 | B81: Sundrop Refined Sunflower Oil | F81: Dry Fruits, Masala & Oil | G81: Oil | H81: https://www.amazon.in/dp/B0GDQT3NNV
A82: 400051 | B82: Everest Kashmiri Red Chilli Powder | C82: Everest Kashmirilal Red Chilli Powder | D82: In Stock | E82: Yes | F82: Dry Fruits, Masala & Oil | G82: Powdered Spice | H82: https://www.amazon.in/dp/B0152ROOE8 | I82: 127 | J82: 132 | K82: 100 g | L82: Amazon Retail QCom | M82: B0152ROOE8 | N82: 15n9g3 | O82: 100 | P82: g | Q82: 400051 | R82: https://www.amazon.in/dp/B0152ROOE8 | S82: 2026-09-11 12:01:27
A83: 400051 | B83: Everest Turmeric Powder/Haldi | C83: Everest Turmeric Powder | D83: In Stock | E83: Yes | F83: Dry Fruits, Masala & Oil | G83: Powdered Spice | H83: https://www.amazon.in/dp/B00O0X79XY | I83: 86 | J83: 96 | K83: 200 g | L83: Amazon Retail QCom | M83: B00O0X79XY | N83: 15n9g3 | O83: 200 | P83: g | Q83: 400051 | R83: https://www.amazon.in/dp/B00O0X79XY | S83: 2026-09-11 12:01:27
A84: 400051 | B84: Madhur Pure & Hygienic Sulphurless Sugar | F84: Dry Fruits, Masala & Oil | G84: Salt, Sugar & Jaggery | H84: https://www.amazon.in/dp/B07575NCG8
A85: 400051 | B85: Tata Salt (Vacuum Evaporated Iodised) | C85: Tata Iodised Crystal Salt | D85: In Stock | E85: Yes | F85: Dry Fruits, Masala & Oil | G85: Salt, Sugar & Jaggery | H85: https://www.amazon.in/dp/B075WJTWQV | I85: 22 | K85: 1 kg | L85: Amazon Retail QCom | M85: B075WJTWQV | N85: 15n9g3 | O85: 1000 | P85: g | Q85: 400051 | R85: https://www.amazon.in/dp/B075WJTWQV | S85: 2026-09-11 12:01:27
A86: 400051 | B86: Catch Cumin Seeds / Jeera Seeds | C86: Catch Cumin (Jeera) | D86: In Stock | E86: Yes | F86: Dry Fruits, Masala & Oil | G86: Whole Spices | H86: https://www.amazon.in/dp/B0CRNR8SH8 | I86: 49 | J86: 75 | K86: 100g | L86: Amazon Retail QCom | M86: B0CRNR8SH8 | N86: 15n9g3 | O86: 100 | P86: g | Q86: 400051 | R86: https://www.amazon.in/dp/B0CRNR8SH8 | S86: 2026-09-11 12:01:27
A87: 400051 | B87: McCain French Fries | C87: McCain French Fries | D87: In Stock | E87: Yes | F87: Instant & Frozen Food | G87: Frozen Veg Snacks | H87: https://www.amazon.in/dp/B0FPFRW17G | I87: 184 | J87: 307 | K87: 1 kg | L87: Amazon Retail QCom | M87: B0FPFRW17G | N87: 15n9g3 | O87: 1000 | P87: g | Q87: 400051 | R87: https://www.amazon.in/dp/B0FPFRW17G | S87: 2026-09-11 12:01:27
A88: 400051 | B88: Maggi 2 Minutes Instant Noodles Made With Quality Spices | C88: Maggi 2-Minute Masala Instant Noodles | D88: In Stock | E88: Yes | F88: Instant & Frozen Food | G88: Noodles | H88: https://www.amazon.in/dp/B00U7GDO14 | I88: 78 | J88: 90 | K88: 420 g | L88: Amazon Retail QCom | M88: B00U7GDO14 | N88: 15n9g3 | O88: 420 | P88: g | Q88: 400051 | R88: https://www.amazon.in/dp/B00U7GDO14 | S88: 2026-09-11 12:01:27
A89: 400051 | B89: Haldiram's Bhujia | F89: Munchies | G89: Bhujia & Mixtures | H89: https://www.amazon.in/dp/B005OR9F0A
A90: 400051 | B90: Lay's India's Magic Masala Potato Chips | C90: Lay's India's Magic Masala Chips | D90: In Stock | E90: Yes | F90: Munchies | G90: Chips & Crisps | H90: https://www.amazon.in/dp/B08Q96WS8G | I90: 38 | J90: 48 | K90: 80 g | L90: Amazon Retail QCom | M90: B08Q96WS8G | N90: 15n9g3 | O90: 80 | P90: g | Q90: 400051 | R90: https://www.amazon.in/dp/B08Q96WS8G | S90: 2026-09-11 12:01:27
A91: 400051 | B91: Mr. Makhana Black Salt Flavoured Makhana | C91: Mr Makhana Himalayan Salt & Pepper Makhana | D91: In Stock | E91: Yes | F91: Munchies | G91: Makhana & More | H91: https://www.amazon.in/dp/B0CMV2M9J9 | I91: 130 | J91: 150 | K91: 55 g | L91: Amazon Retail QCom | M91: B0CMV2M9J9 | N91: 15n9g3 | O91: 55 | P91: g | Q91: 400051 | R91: https://www.amazon.in/dp/B0CMV2M9J9 | S91: 2026-09-11 12:01:27
A92: 400051 | B92: Doritos Cheese Nachos | C92: Doritos Cheese Nacho | D92: In Stock | E92: Yes | F92: Munchies | G92: Nachos | H92: https://www.amazon.in/dp/B08Q9B4LP7 | I92: 39 | J92: 48 | K92: 75 g | L92: Amazon Retail QCom | M92: B08Q9B4LP7 | N92: 15n9g3 | O92: 75 | P92: g | Q92: 400051 | R92: https://www.amazon.in/dp/B08Q9B4LP7 | S92: 2026-09-11 12:01:27
A93: 400051 | B93: Haldiram's Boondi | C93: Haldiram's Khari Boondi | D93: In Stock | E93: Yes | F93: Munchies | G93: Namkeen Snacks | H93: https://www.amazon.in/dp/B019BV5N8W | I93: 55 | K93: 200 g | L93: Amazon Retail QCom | M93: B019BV5N8W | N93: 15n9g3 | O93: 200 | P93: g | Q93: 400051 | R93: https://www.amazon.in/dp/B019BV5N8W | S93: 2026-09-11 12:01:27
A94: 400051 | B94: Act II Natural Microwave Popcorn | C94: Act II Butter Lover's Microwave Popcorn | D94: In Stock | E94: Yes | F94: Munchies | G94: Popcorn | H94: https://www.amazon.in/dp/B00PLKSJPM | I94: 199 | J94: 235 | K94: 276 g | L94: Amazon Retail QCom | M94: B00PLKSJPM | N94: 15n9g3 | O94: 276 | P94: g | Q94: 400051 | R94: https://www.amazon.in/dp/B00PLKSJPM | S94: 2026-09-11 12:01:27
A95: 400051 | B95: Britannia Toastea Cake Rusk | C95: Britannia Toastea Premium Bake Rusk | D95: In Stock | E95: Yes | F95: Munchies | G95: Rusks & Wafers | H95: https://www.amazon.in/dp/B09LQ9NTDS | I95: 39 | J95: 40 | K95: 183 g | L95: Amazon Retail QCom | M95: B09LQ9NTDS | N95: 15n9g3 | O95: 183 | P95: g | Q95: 400051 | R95: https://www.amazon.in/dp/B09LQ9NTDS | S95: 2026-09-11 12:01:27
A96: 400051 | B96: Kettle Studio Rock Sea Salt & English Vinegar Potato Chips | F96: Organic & Premium | G96: Snacks & Munchies | H96: https://www.amazon.in/dp/B0DGCRMB6G
A97: 400051 | B97: Marlboro Advance Compact | F97: Paan Corner | G97: Cigarettes | H97: https://www.amazon.in/dp/B0GZ5BT8SQ
A98: 400051 | B98: Nicotex Mint Plus Nicotine Gum | F98: Paan Corner | G98: Smoking Cessation | H98: https://www.amazon.in/dp/B0FPRDFMD6
A99: 400051 | B99: Dettol Original Bathing Bar | C99: Dettol Original Bathing Soap Bar | D99: In Stock | E99: Yes | F99: Personal Care | G99: Bathing Soaps | H99: https://www.amazon.in/dp/B0DGLKH2RL | I99: 343 | J99: 440 | K99: Pack of 6, 150 g Each | L99: RK World Infocom Pvt Ltd QCom | M99: B0DGLKH2RL | N99: 15n9g3 | Q99: 400051 | R99: https://www.amazon.in/dp/B0DGLKH2RL | S99: 2026-09-11 12:01:27
A100: 400051 | B100: Nivea Men Fresh Active Men's Roll On | C100: Nivea Men Fresh Active Roll-On Deodorant | D100: In Stock | E100: Yes | F100: Personal Care | G100: Deodorant & Talc | H100: https://www.amazon.in/dp/B007E9E9CK | I100: 174 | J100: 249 | K100: 50 ml | L100: RK World Infocom Pvt Ltd QCom | M100: B007E9E9CK | N100: 15n9g3 | O100: 50 | P100: ml | Q100: 400051 | R100: https://www.amazon.in/dp/B007E9E9CK | S100: 2026-09-11 12:01:27
...

Sheet 2026-09-11 1253
A1: Pincode | B1: Item | C1: ProductName | D1: is_out_of_stock | E1: Serviceable | F1: Segment | G1: Grocery | H1: Product_Link | I1: Price | J1: MRP | K1: Weight | L1: Seller | M1: ASIN | N1: StoreId | O1: Final_Qty | P1: Final_unit | Q1: Pincode_Used | R1: Used_Link | S1: Captured_At
A2: 400051 | B2: Aashirvaad Select | Pure MP Sharbati Wheat Atta for Soft Makhmali Rotis | C2: Aashirvaad Select 100% MP Sharbati Atta | D2: In Stock | E2: Yes | F2: Atta, Rice & Dal | G2: Atta | H2: https://www.amazon.in/dp/B00HUJQIZK | I2: 307 | J2: 384 | K2: 5 kg | L2: Amazon Retail QCom | M2: B00HUJQIZK | N2: 15n9g3 | O2: 5000 | P2: g | Q2: 400051 | R2: https://www.amazon.in/dp/B00HUJQIZK | S2: 2026-09-11 12:53:06
A3: 400051 | B3: Fortune Chakki Fresh Atta | F3: Atta, Rice & Dal | G3: Atta | H3: https://www.amazon.in/dp/B0H5BRQFFJ
A4: 400051 | B4: Fortune 100% Chana Dal Besan | C4: Fortune 100% Chana Dal Besan | D4: In Stock | E4: Yes | F4: Atta, Rice & Dal | G4: Besan, Sooji & Maida | H4: https://www.amazon.in/dp/B015MJI4BU | I4: 118 | J4: 169 | K4: 1 kg | L4: Amazon Retail QCom | M4: B015MJI4BU | N4: 15n9g3 | O4: 1000 | P4: g | Q4: 400051 | R4: https://www.amazon.in/dp/B015MJI4BU | S4: 2026-09-11 12:53:06
A5: 400051 | B5: Rajdhani Sooji/Rava | F5: Atta, Rice & Dal | G5: Besan, Sooji & Maida | H5: https://www.amazon.in/dp/B00MOFO276
A6: 400051 | B6: Tata Sampann Unpolished Masoor Dal | C6: Tata Sampann Masoor Dal (Whole) | D6: In Stock | E6: Yes | F6: Atta, Rice & Dal | G6: Moong & Masoor | H6: https://www.amazon.in/dp/B0752S522G | I6: 72 | J6: 79 | K6: 500 g | L6: Amazon Retail QCom | M6: B0752S522G | N6: 15n9g3 | O6: 500 | P6: g | Q6: 400051 | R6: https://www.amazon.in/dp/B0752S522G | S6: 2026-09-11 12:53:06
A7: 400051 | B7: Tata Sampann Unpolished Organic Moong Sabut | C7: Tata Sampann Green Moong Dal (Whole) | D7: In Stock | E7: Yes | F7: Atta, Rice & Dal | G7: Moong & Masoor | H7: https://www.amazon.in/dp/B077X8MD39 | I7: 82 | J7: 93 | K7: 500 g | L7: Amazon Retail QCom | M7: B077X8MD39 | N7: 15n9g3 | O7: 500 | P7: g | Q7: 400051 | R7: https://www.amazon.in/dp/B077X8MD39 | S7: 2026-09-11 12:53:06
A8: 400051 | B8: Nutrela Soya Mini Chunks | C8: Nutrela Soya Mini Chunks | D8: In Stock | E8: Yes | F8: Atta, Rice & Dal | G8: Rajma, Chhole & Others | H8: https://www.amazon.in/dp/B013SAX1NG | I8: 50 | J8: 55 | K8: 200 g | L8: Amazon Retail QCom | M8: B013SAX1NG | N8: 15n9g3 | O8: 200 | P8: g | Q8: 400051 | R8: https://www.amazon.in/dp/B013SAX1NG | S8: 2026-09-11 12:53:06
A9: 400051 | B9: Tata Sampann Unpolished Kabuli Chana (Big Size) | C9: Tata Sampann Kabuli Chana (Big Size) | D9: In Stock | E9: Yes | F9: Atta, Rice & Dal | G9: Rajma, Chhole & Others | H9: https://www.amazon.in/dp/B07DCPTP6R | I9: 89 | J9: 104 | K9: 500 g | L9: Amazon Retail QCom | M9: B07DCPTP6R | N9: 15n9g3 | O9: 500 | P9: g | Q9: 400051 | R9: https://www.amazon.in/dp/B07DCPTP6R | S9: 2026-09-11 12:53:06
A10: 400051 | B10: Tata Sampann Unpolished Rajma | C10: Tata Sampann Rajma (Chitra) | D10: In Stock | E10: Yes | F10: Atta, Rice & Dal | G10: Rajma, Chhole & Others | H10: https://www.amazon.in/dp/B077X8CS14 | I10: 93 | J10: 108 | K10: 500 g | L10: Amazon Retail QCom | M10: B077X8CS14 | N10: 15n9g3 | O10: 500 | P10: g | Q10: 400051 | R10: https://www.amazon.in/dp/B077X8CS14 | S10: 2026-09-11 12:53:06
A11: 400051 | B11: Daawat Super Basmati Rice (Long Grain) | C11: Daawat Super Basmati Rice | D11: In Stock | E11: Yes | F11: Atta, Rice & Dal | G11: Rice | H11: https://www.amazon.in/dp/B00SWKBO0K | I11: 820 | J11: 995 | K11: 5 kg | L11: Amazon Retail QCom | M11: B00SWKBO0K | N11: 15n9g3 | O11: 5000 | P11: g | Q11: 400051 | R11: https://www.amazon.in/dp/B00SWKBO0K | S11: 2026-09-11 12:53:06
A12: 400051 | B12: India Gate Daily Premium Basmati Rice (Long Grain) | C12: India Gate Everyday Dubar Pure Basmati Rice | D12: In Stock | E12: Yes | F12: Atta, Rice & Dal | G12: Rice | H12: https://www.amazon.in/dp/B0BBF1FT93 | I12: 379 | J12: 515 | K12: 5 kg | L12: Amazon Retail QCom | M12: B0BBF1FT93 | N12: 15n9g3 | O12: 5000 | P12: g | Q12: 400051 | R12: https://www.amazon.in/dp/B0BBF1FT93 | S12: 2026-09-11 12:53:06
A13: 400051 | B13: Tata Sampann Unpolished Chana Dal | F13: Atta, Rice & Dal | G13: Toor, Urad & Chana | H13: https://www.amazon.in/dp/B077X8G5DK
A14: 400051 | B14: Tata Sampann Unpolished Toor Dal | C14: Vedaka Toor Dal (Split) | D14: In Stock | E14: Yes | F14: Atta, Rice & Dal | G14: Toor, Urad & Chana | H14: https://www.amazon.in/dp/B0BSWQXJDL | I14: 306 | J14: 575 | K14: 2 kg | L14: Amazon Retail QCom | M14: B0BSWQXJDL | N14: 15n9g3 | O14: 2000 | P14: g | Q14: 400051 | R14: https://www.amazon.in/dp/B0BSWQXJDL | S14: 2026-09-11 12:53:06
A15: 400051 | B15: Nestle Cerelac Wheat Apple Baby Cereal (6 - 24 Months) | C15: Cerelac Baby Cereal with Milk | D15: In Stock | E15: Yes | F15: Baby Care | G15: Baby Food | H15: https://www.amazon.in/dp/B00I4SYXIK | I15: 280 | K15: 350 g | L15: Amazon Retail QCom | M15: B00I4SYXIK | N15: 15n9g3 | O15: 350 | P15: g | Q15: 400051 | R15: https://www.amazon.in/dp/B00I4SYXIK | S15: 2026-09-11 12:53:06
A16: 400051 | B16: Himalaya Gentle Baby Wipes | F16: Baby Care | G16: Baby Wipes | H16: https://www.amazon.in/dp/B0GYPN214D
A17: 400051 | B17: Johnson's Baby Soap | F17: Baby Care | G17: Bathing Needs | H17: https://www.amazon.in/dp/B06XY98VPT
A18: 400051 | B18: Pampers Happy Sleep Pant Style Baby Diaper (M) | C18: Pampers Happy Sleep Pant Style Baby Diapers - M | D18: In Stock | E18: Yes | F18: Baby Care | G18: Diapers & More | H18: https://www.amazon.in/dp/B0DSGHM8JW | I18: 476 | J18: 609 | K18: M, 48 Pcs | L18: RK World Infocom Pvt Ltd QCom | M18: B0DSGHM8JW | N18: 15n9g3 | Q18: 400051 | R18: https://www.amazon.in/dp/B0DSGHM8JW | S18: 2026-09-11 12:53:06
A19: 400051 | B19: Johnson's Baby Lotion | C19: Johnson's Baby Lotion | D19: In Stock | E19: Yes | F19: Baby Care | G19: Skin & Hair Care | H19: https://www.amazon.in/dp/B07FHHCR44 | I19: 192 | J19: 220 | K19: 200 ml | L19: RK World Infocom Pvt Ltd QCom | M19: B07FHHCR44 | N19: 15n9g3 | O19: 200 | P19: ml | Q19: 400051 | R19: https://www.amazon.in/dp/B07FHHCR44 | S19: 2026-09-11 12:53:06
A20: 400051 | B20: Weikfield Double Action Baking Powder | F20: Bakery & Biscuits | G20: Baking Ingredients | H20: https://www.amazon.in/dp/B004KFHIBK
A21: 400051 | B21: Lotte Choco Pie | F21: Bakery & Biscuits | G21: Cakes & Rolls | H21: https://www.amazon.in/dp/B019RL0C4Q
A22: 400051 | B22: Britannia Original Bourbon Creme Biscuit | C22: Cadbury Bournvita Biscuits | D22: In Stock | E22: Yes | F22: Bakery & Biscuits | G22: Cookies | H22: https://www.amazon.in/dp/B07FR2GVVK | I22: 29 | J22: 30 | K22: 111.6 g | L22: Amazon Retail QCom | M22: B07FR2GVVK | N22: 15n9g3 | O22: 111.6 | P22: g | Q22: 400051 | R22: https://www.amazon.in/dp/B07FR2GVVK | S22: 2026-09-11 12:53:07
A23: 400051 | B23: Britannia Good Day Cashew Biscuit | C23: Britannia Good Day Cashew Cookies | D23: In Stock | E23: Yes | F23: Bakery & Biscuits | G23: Cookies | H23: https://www.amazon.in/dp/B01M1RKTRK | I23: 82 | J23: 130 | K23: 526 g | L23: Amazon Retail QCom | M23: B01M1RKTRK | N23: 15n9g3 | O23: 526 | P23: g | Q23: 400051 | R23: https://www.amazon.in/dp/B01M1RKTRK | S23: 2026-09-11 12:53:07
A24: 400051 | B24: Malkist Cheese Flavoured Cracker Biscuit - Family Pack | F24: Bakery & Biscuits | G24: Cream Biscuits | H24: https://www.amazon.in/dp/B0F2G8Q5SX
A25: 400051 | B25: Britannia Marie Gold Marie Biscuits (208 g) | C25: Britannia Marie Gold Biscuits | D25: In Stock | E25: Yes | F25: Bakery & Biscuits | G25: Glucose & Marie | H25: https://www.amazon.in/dp/B00S9BSEB4 | I25: 40 | K25: 250 g | L25: Amazon Retail QCom | M25: B00S9BSEB4 | N25: 15n9g3 | O25: 250 | P25: g | Q25: 400051 | R25: https://www.amazon.in/dp/B00S9BSEB4 | S25: 2026-09-11 12:53:07
A26: 400051 | B26: Britannia NutriChoice Digestive High Fibre Biscuit - 250 g Family Pack | C26: Britannia Nutrichoice 5 Grain Digestive Biscuits | D26: In Stock | E26: Yes | F26: Bakery & Biscuits | G26: Healthy & Digestive | H26: https://www.amazon.in/dp/B00RGE4OUA | I26: 54 | J26: 65 | K26: 200 g | L26: Amazon Retail QCom | M26: B00RGE4OUA | N26: 15n9g3 | O26: 200 | P26: g | Q26: 400051 | R26: https://www.amazon.in/dp/B00RGE4OUA | S26: 2026-09-11 12:53:07
A27: 400051 | B27: McVitie's Digestive High Fibre Biscuit | F27: Bakery & Biscuits | G27: Healthy & Digestive | H27: https://www.amazon.in/dp/B0H5QXXHLP
A28: 400051 | B28: Nivea Nourishing Body Lotion | F28: Beauty & Cosmetics | G28: Body & Skin Care | H28: https://www.amazon.in/dp/B099NNW9LL
A29: 400051 | B29: Maybelline New York Colossal Kajal (Deep Black) | C29: Maybelline The Colossal Kajal | D29: In Stock | E29: Yes | F29: Beauty & Cosmetics | G29: Eye Makeup | H29: https://www.amazon.in/dp/B06WGZP21B | I29: 181 | J29: 220 | K29: 0.35 g | L29: RK World Infocom Pvt Ltd QCom | M29: B06WGZP21B | N29: 15n9g3 | O29: 0.35 | P29: g | Q29: 400051 | R29: https://www.amazon.in/dp/B06WGZP21B | S29: 2026-09-11 12:53:07
A30: 400051 | B30: Pond's Bright Beauty Serum Skin Treatment Cream 34 g | F30: Beauty & Cosmetics | G30: Face Care | H30: https://www.amazon.in/dp/B077ND8562
A31: 400051 | B31: Lakme Forever Matte Compact (Pearl) | C31: Lakme Forever Matte Compact | D31: In Stock | E31: Yes | F31: Beauty & Cosmetics | G31: Face Cosmetics | H31: https://www.amazon.in/dp/B09C3Q2YFX | I31: 172 | J31: 245 | K31: 9 g | L31: RK World Infocom Pvt Ltd QCom | M31: B09C3Q2YFX | N31: 15n9g3 | O31: 9 | P31: g | Q31: 400051 | R31: https://www.amazon.in/dp/B09C3Q2YFX | S31: 2026-09-11 12:53:07
A32: 400051 | B32: Livon Anti-Frizz Hair Serum | C32: Livon Go Frizz Free Anti-Frizz Serum | D32: In Stock | E32: Yes | F32: Beauty & Cosmetics | G32: Hair Styling & Treatment | H32: https://www.amazon.in/dp/B00CBRIKIE | I32: 139 | J32: 180 | K32: 50 ml | L32: RK World Infocom Pvt Ltd QCom | M32: B00CBRIKIE | N32: 15n9g3 | O32: 50 | P32: ml | Q32: 400051 | R32: https://www.amazon.in/dp/B00CBRIKIE | S32: 2026-09-11 12:53:07
A33: 400051 | B33: Nivea Essential Care Lip Balm | C33: Nivea Original Care Lip Balm | D33: In Stock | E33: Yes | F33: Beauty & Cosmetics | G33: Lip & Eye Care | H33: https://www.amazon.in/dp/B007E9JC7W | I33: 137 | J33: 175 | K33: 4.8 g | L33: RK World Infocom Pvt Ltd QCom | M33: B007E9JC7W | N33: 15n9g3 | O33: 4.8 | P33: g | Q33: 400051 | R33: https://www.amazon.in/dp/B007E9JC7W | S33: 2026-09-11 12:53:07
A34: 400051 | B34: Lakme 9To5 Hya Matte Lipstick (Workday Rose) | F34: Beauty & Cosmetics | G34: Lip Cosmetics | H34: https://www.amazon.in/dp/B0DWH87545
A35: 400051 | B35: Lakme Nail Paint Remover | C35: Lakme Nail Enamel Remover | D35: In Stock | E35: Yes | F35: Beauty & Cosmetics | G35: Nail Cosmetics | H35: https://www.amazon.in/dp/B006LXBF0E | I35: 99 | J35: 110 | K35: 27 ml | L35: RK World Infocom Pvt Ltd QCom | M35: B006LXBF0E | N35: 15n9g3 | O35: 27 | P35: ml | Q35: 400051 | R35: https://www.amazon.in/dp/B006LXBF0E | S35: 2026-09-11 12:53:07
A36: 400051 | B36: Licious Chicken Curry Cut (Small Pieces) | F36: Chicken, Meat & Fish | G36: Fresh Meat | H36: https://www.amazon.in/dp/B0BTYJ58W1
A37: 400051 | B37: Surf Excel Easy Wash Detergent Powder | C37: Surf Excel Easy Wash Detergent Powder | D37: In Stock | E37: Yes | F37: Cleaning Essentials | G37: Detergent Powder & Bars | H37: https://www.amazon.in/dp/B01ITJ6642 | I37: 80 | J37: 85 | K37: 500 g | L37: RK World Infocom Pvt Ltd QCom | M37: B01ITJ6642 | N37: 15n9g3 | O37: 500 | P37: g | Q37: 400051 | R37: https://www.amazon.in/dp/B01ITJ6642 | S37: 2026-09-11 12:53:07
A38: 400051 | B38: Scotch Brite Scrub Pad | F38: Cleaning Essentials | G38: Dishwashing Accessories | H38: https://www.amazon.in/dp/B07H4YJLP4
A39: 400051 | B39: Vim Lemon Dishwash Bar (300 g) | C39: Vim Dishwash Bar Tub | D39: In Stock | E39: Yes | F39: Cleaning Essentials | G39: Dishwashing Bars & Tubs | H39: https://www.amazon.in/dp/B00U2DVHD4 | I39: 55 | K39: 500 g | L39: RK World Infocom Pvt Ltd QCom | M39: B00U2DVHD4 | N39: 15n9g3 | O39: 500 | P39: g | Q39: 400051 | R39: https://www.amazon.in/dp/B00U2DVHD4 | S39: 2026-09-11 12:53:07
A40: 400051 | B40: Vim Lemon Dishwash Gel | C40: Vim Dishwash Liquid Gel | D40: In Stock | E40: Yes | F40: Cleaning Essentials | G40: Dishwashing Gels & Tablets | H40: https://www.amazon.in/dp/B00M99II36 | I40: 189 | J40: 199 | K40: 750 ml | L40: RK World Infocom Pvt Ltd QCom | M40: B00M99II36 | N40: 15n9g3 | O40: 750 | P40: ml | Q40: 400051 | R40: https://www.amazon.in/dp/B00M99II36 | S40: 2026-09-11 12:53:07
A41: 400051 | B41: Comfort After Wash Fabric Conditioner (Lily Fresh) | C41: Comfort Lily Fresh Fabric Conditioner | D41: In Stock | E41: Yes | F41: Cleaning Essentials | G41: Fabric Conditioner & Additives | H41: https://www.amazon.in/dp/B074NCW9PD | I41: 199 | J41: 245 | K41: 860 ml | L41: RK World Infocom Pvt Ltd QCom | M41: B074NCW9PD | N41: 15n9g3 | O41: 860 | P41: ml | Q41: 400051 | R41: https://www.amazon.in/dp/B074NCW9PD | S41: 2026-09-11 12:53:07
A42: 400051 | B42: Lizol Disinfectant Surface & Floor Cleaner (Citrus) 2 l | C42: Lizol Citrus Disinfectant Surface Cleaner | D42: In Stock | E42: Yes | F42: Cleaning Essentials | G42: Floor & Surface Cleaners | H42: https://www.amazon.in/dp/B08CPRYLK4 | I42: 295 | J42: 329 | K42: 1.8 L | L42: RK World Infocom Pvt Ltd QCom | M42: B08CPRYLK4 | N42: 15n9g3 | O42: 1800 | P42: ml | Q42: 400051 | R42: https://www.amazon.in/dp/B08CPRYLK4 | S42: 2026-09-11 12:53:09
A43: 400051 | B43: Surf Excel Matic Top Load Liquid Detergent | C43: Surf Excel Matic Top Load Liquid Detergent | D43: In Stock | E43: Yes | F43: Cleaning Essentials | G43: Liquid Detergents | H43: https://www.amazon.in/dp/B072QRVVDS | I43: 235 | K43: 1 L | L43: RK World Infocom Pvt Ltd QCom | M43: B072QRVVDS | N43: 15n9g3 | O43: 1000 | P43: ml | Q43: 400051 | R43: https://www.amazon.in/dp/B072QRVVDS | S43: 2026-09-11 12:53:09
A44: 400051 | B44: Harpic Disinfectant Liquid Toilet Cleaner - (Original) | C44: Harpic Power Plus Toilet Cleaner | D44: In Stock | E44: Yes | F44: Cleaning Essentials | G44: Toilet & Bathroom Cleaners | H44: https://www.amazon.in/dp/B016D3J92M | I44: 390 | J44: 470 | K44: Pack of 2, 1 L Each | L44: RK World Infocom Pvt Ltd QCom | M44: B016D3J92M | N44: 15n9g3 | Q44: 400051 | R44: https://www.amazon.in/dp/B016D3J92M | S44: 2026-09-11 12:53:09
A45: 400051 | B45: Storia Tender Concentrate Coconut Water - No Added Sugar | C45: Storia Tender Coconut Water Pet Bottle | D45: In Stock | E45: Yes | F45: Cold Drinks & Juices | G45: Coconut Water | H45: https://www.amazon.in/dp/B08753WZ51 | I45: 208 | J45: 360 | K45: Pack of 6, 200 ml Each | L45: Amazon Retail QCom | M45: B08753WZ51 | N45: 15n9g3 | Q45: 400051 | R45: https://www.amazon.in/dp/B08753WZ51 | S45: 2026-09-11 12:53:09
A46: 400051 | B46: Lipton Lemon Iced Tea | F46: Cold Drinks & Juices | G46: Cold Coffee & Ice Tea | H46: https://www.amazon.in/dp/B0CYX8SKVQ
A47: 400051 | B47: Nescafe Ready to Drink Cold Coffee, Iced Latte | F47: Cold Drinks & Juices | G47: Cold Coffee & Ice Tea | H47: https://www.amazon.in/dp/B0DSC9JQCG
A48: 400051 | B48: Hamdard Rooh Afza Rose Sharbat | F48: Cold Drinks & Juices | G48: Concentrates & Syrups | H48: https://www.amazon.in/dp/B06ZZMFB59
A49: 400051 | B49: Red Bull Energy Drink | F49: Cold Drinks & Juices | G49: Energy Drinks | H49: https://www.amazon.in/dp/B015T25C6K
A50: 400051 | B50: Real Activ Fibre+ Multi Fruit Juice | C50: Dabur Real Activ Mixed Fruit Juice | D50: In Stock | E50: Yes | F50: Cold Drinks & Juices | G50: Fruit Juice | H50: https://www.amazon.in/dp/B0140TF93E | I50: 140.8 | J50: 160 | K50: 1 L | L50: RK World Infocom Pvt Ltd QCom | M50: B0140TF93E | N50: 15n9g3 | O50: 1000 | P50: ml | Q50: 400051 | R50: https://www.amazon.in/dp/B0140TF93E | S50: 2026-09-11 12:53:09
A51: 400051 | B51: Frooti Mango Drink | C51: Slice Mango Drink | D51: In Stock | E51: Yes | F51: Cold Drinks & Juices | G51: Mango Drinks | H51: https://www.amazon.in/dp/B0140Q6M3S | I51: 70 | K51: 1.2 L | L51: Amazon Retail QCom | M51: B0140Q6M3S | N51: 15n9g3 | O51: 1200 | P51: ml | Q51: 400051 | R51: https://www.amazon.in/dp/B0140Q6M3S | S51: 2026-09-11 12:53:09
A52: 400051 | B52: Real Activ Apple Juice | C52: Dabur Real Activ Apple Fruit Juice Tetra Pack | D52: In Stock | E52: Yes | F52: Cold Drinks & Juices | G52: Pure Juices | H52: https://www.amazon.in/dp/B013P5V00K | I52: 128 | J52: 160 | K52: 1 L | L52: RK World Infocom Pvt Ltd QCom | M52: B013P5V00K | N52: 15n9g3 | O52: 1000 | P52: ml | Q52: 400051 | R52: https://www.amazon.in/dp/B013P5V00K | S52: 2026-09-11 12:53:09
A53: 400051 | B53: Kinley Strong Soda Water | F53: Cold Drinks & Juices | G53: Soda & Mixers | H53: https://www.amazon.in/dp/B079GX9DDF
A54: 400051 | B54: Schweppes Indian Tonic Water | C54: Schweppes Indian Tonic Water | D54: In Stock | E54: Yes | F54: Cold Drinks & Juices | G54: Soda & Mixers | H54: https://www.amazon.in/dp/B079H8QCDM | I54: 59 | J54: 60 | K54: 300 ml | L54: Amazon Retail QCom | M54: B079H8QCDM | N54: 15n9g3 | O54: 300 | P54: ml | Q54: 400051 | R54: https://www.amazon.in/dp/B079H8QCDM | S54: 2026-09-11 12:53:09
A55: 400051 | B55: Coca-Cola Cola Soft Drink | C55: Coca-Cola Original Taste Soft Drink | D55: In Stock | E55: Yes | F55: Cold Drinks & Juices | G55: Soft Drinks | H55: https://www.amazon.in/dp/B08L4LPCZ8 | I55: 160 | K55: Pack of 8, 250 ml Each | L55: Amazon Retail QCom | M55: B08L4LPCZ8 | N55: 15n9g3 | Q55: 400051 | R55: https://www.amazon.in/dp/B08L4LPCZ8 | S55: 2026-09-11 12:53:09
A56: 400051 | B56: Pepsi Cola Soft Drink (2.25 l) | C56: Pepsi Soft Drink | D56: In Stock | E56: Yes | F56: Cold Drinks & Juices | G56: Soft Drinks | H56: https://www.amazon.in/dp/B0140Q6HGA | I56: 85 | J56: 100 | K56: 2.25 L | L56: Amazon Retail QCom | M56: B0140Q6HGA | N56: 15n9g3 | O56: 2250 | P56: ml | Q56: 400051 | R56: https://www.amazon.in/dp/B0140Q6HGA | S56: 2026-09-11 12:53:09
A57: 400051 | B57: Bisleri Packaged Water (1 l) | C57: Bisleri Vedica Mineral Water Bottle | D57: In Stock | E57: Yes | F57: Cold Drinks & Juices | G57: Water & Ice Cubes | H57: https://www.amazon.in/dp/B0DH2LZ9W9 | I57: 60 | K57: 1 L | L57: Amazon Retail QCom | M57: B0DH2LZ9W9 | N57: 15n9g3 | O57: 1000 | P57: ml | Q57: 400051 | R57: https://www.amazon.in/dp/B0DH2LZ9W9 | S57: 2026-09-11 12:53:09
A58: 400051 | B58: iD Idli & Dosa Batter - 1 kg | C58: iD Fresh Idly & Dosa Batter | D58: In Stock | E58: Yes | F58: Dairy & Breakfast | G58: Batter | H58: https://www.amazon.in/dp/B01468O5AW | I58: 105 | K58: 1 kg | L58: Amazon Retail QCom | M58: B01468O5AW | N58: 15n9g3 | O58: 1000 | P58: g | Q58: 400051 | R58: https://www.amazon.in/dp/B01468O5AW | S58: 2026-09-11 12:53:09
A59: 400051 | B59: Britannia 100% Whole Wheat Bread (No Maida) | F59: Dairy & Breakfast | G59: Bread & Pav | H59: https://www.amazon.in/dp/B0B1D733ZV
A60: 400051 | B60: Britannia Pav | C60: Britannia Marie Gold Biscuits | D60: In Stock | E60: Yes | F60: Dairy & Breakfast | G60: Bread & Pav | H60: https://www.amazon.in/dp/B00S9BSEB4 | I60: 40 | K60: 250 g | L60: Amazon Retail QCom | M60: B00S9BSEB4 | N60: 15n9g3 | O60: 250 | P60: g | Q60: 400051 | R60: https://www.amazon.in/dp/B00S9BSEB4 | S60: 2026-09-11 12:53:09
A61: 400051 | B61: The Health Factory Zero Maida Atta Bread (Wheat Bread) | C61: The Baker's Dozen Butter Garlic Toast | D61: In Stock | E61: Yes | F61: Dairy & Breakfast | G61: Bread & Pav | H61: https://www.amazon.in/dp/B0BZZFR7WB | I61: 74 | J61: 119 | K61: 90g | L61: Amazon Retail QCom | M61: B0BZZFR7WB | N61: 15n9g3 | O61: 90 | P61: g | Q61: 400051 | R61: https://www.amazon.in/dp/B0BZZFR7WB | S61: 2026-09-11 12:53:09
A62: 400051 | B62: Amul Salted Butter | C62: Amul Salted Pasteurised Butter | D62: In Stock | E62: Yes | F62: Dairy & Breakfast | G62: Butter & More | H62: https://www.amazon.in/dp/B01IBTCZNG | I62: 62 | J62: 63 | K62: 100 g | L62: Amazon Retail QCom | M62: B01IBTCZNG | N62: 15n9g3 | O62: 100 | P62: g | Q62: 400051 | R62: https://www.amazon.in/dp/B01IBTCZNG | S62: 2026-09-11 12:53:10
A63: 400051 | B63: Amul Cheese Cubes | C63: Amul Pure Milk Cheese Cubes | D63: In Stock | E63: Yes | F63: Dairy & Breakfast | G63: Cheese | H63: https://www.amazon.in/dp/B018E0GO9S | I63: 132 | J63: 135 | K63: 200 g | L63: Amazon Retail QCom | M63: B018E0GO9S | N63: 15n9g3 | O63: 200 | P63: g | Q63: 400051 | R63: https://www.amazon.in/dp/B018E0GO9S | S63: 2026-09-11 12:53:10
A64: 400051 | B64: Amul Cheese Slices | C64: Amul A+ Cheese Slices | D64: In Stock | E64: Yes | F64: Dairy & Breakfast | G64: Cheese | H64: https://www.amazon.in/dp/B00NNMKV4C | I64: 114 | J64: 170 | K64: 200 g | L64: Amazon Retail QCom | M64: B00NNMKV4C | N64: 15n9g3 | O64: 200 | P64: g | Q64: 400051 | R64: https://www.amazon.in/dp/B00NNMKV4C | S64: 2026-09-11 12:53:10
A65: 400051 | B65: Amul Fresh Cream | F65: Dairy & Breakfast | G65: Cream & Whitener | H65: https://www.amazon.in/dp/B07KJBJL3P
A66: 400051 | B66: Amul Masti Set Cup Curd Tub | F66: Dairy & Breakfast | G66: Curd & Yogurt | H66: https://www.amazon.in/dp/B0DNK8XLVY
A67: 400051 | B67: Epigamia Alphonso Mango Flavoured Yogurt | F67: Dairy & Breakfast | G67: Curd & Yogurt | H67: https://www.amazon.in/dp/B0DW8P44H2
A68: 400051 | B68: Licious Farm Fresh Classic White Protein Rich Eggs | F68: Dairy & Breakfast | G68: Eggs | H68: https://www.amazon.in/dp/B07GSG6B9M
A69: 400051 | B69: Kellogg's Corn Flakes Original | C69: Kellogg's Original Corn Flakes | D69: In Stock | E69: Yes | F69: Dairy & Breakfast | G69: Flakes & Kids Cereals | H69: https://www.amazon.in/dp/B00TIMOXFO | I69: 175 | J69: 195 | K69: 475 g | L69: Amazon Retail QCom | M69: B00TIMOXFO | N69: 15n9g3 | O69: 475 | P69: g | Q69: 400051 | R69: https://www.amazon.in/dp/B00TIMOXFO | S69: 2026-09-11 12:53:10
A70: 400051 | B70: Dabur Honey Squeezy | C70: Dabur Honey Squeezy Pack | D70: In Stock | E70: Yes | F70: Dairy & Breakfast | G70: Honey & Chyawanprash | H70: https://www.amazon.in/dp/B07J57J784 | I70: 168 | J70: 249 | K70: Pack of 2, 225g Each | L70: Amazon Retail QCom | M70: B07J57J784 | N70: 15n9g3 | Q70: 400051 | R70: https://www.amazon.in/dp/B07J57J784 | S70: 2026-09-11 12:53:10
A71: 400051 | B71: Amul Sweet Lassi | C71: Amul Lassi Tetra Pack | D71: In Stock | E71: Yes | F71: Dairy & Breakfast | G71: Lassi, Shakes & More | H71: https://www.amazon.in/dp/B00O8X3O9E | I71: 20 | K71: 200 ml | L71: Amazon Retail QCom | M71: B00O8X3O9E | N71: 15n9g3 | O71: 200 | P71: ml | Q71: 400051 | R71: https://www.amazon.in/dp/B00O8X3O9E | S71: 2026-09-11 12:53:10
A72: 400051 | B72: Amul Cow Milk | C72: Amul Taaza Homogenized Toned Milk | D72: In Stock | E72: Yes | F72: Dairy & Breakfast | G72: Milk | H72: https://www.amazon.in/dp/B018VFFZSC | I72: 40 | K72: 500 ml | L72: Amazon Retail QCom | M72: B018VFFZSC | N72: 15n9g3 | O72: 500 | P72: ml | Q72: 400051 | R72: https://www.amazon.in/dp/B018VFFZSC | S72: 2026-09-11 12:53:10
A73: 400051 | B73: Amul Taaza Toned Milk | C73: Amul Taaza Homogenized Toned Milk | D73: In Stock | E73: Yes | F73: Dairy & Breakfast | G73: Milk | H73: https://www.amazon.in/dp/B018VFFZSC | I73: 40 | K73: 500 ml | L73: Amazon Retail QCom | M73: B018VFFZSC | N73: 15n9g3 | O73: 500 | P73: ml | Q73: 400051 | R73: https://www.amazon.in/dp/B018VFFZSC | S73: 2026-09-11 12:53:10
A74: 400051 | B74: Kellogg's Fruit, Nut & Seeds Muesli | F74: Dairy & Breakfast | G74: Muesli & Granola | H74: https://www.amazon.in/dp/B083JMHX1D
A75: 400051 | B75: Quaker Rolled Instant Oats | C75: Quaker Rolled Oats | D75: In Stock | E75: Yes | F75: Dairy & Breakfast | G75: Oats | H75: https://www.amazon.in/dp/B00O7XQPN2 | I75: 86 | K75: 400 g | L75: Amazon Retail QCom | M75: B00O7XQPN2 | N75: 15n9g3 | O75: 400 | P75: g | Q75: 400051 | R75: https://www.amazon.in/dp/B00O7XQPN2 | S75: 2026-09-11 12:53:10
A76: 400051 | B76: Amul Fresh Malai Paneer | C76: Amul Fresh Paneer | D76: In Stock | E76: Yes | F76: Dairy & Breakfast | G76: Paneer & Tofu | H76: https://www.amazon.in/dp/B078KT9RB1 | I76: 95 | K76: 200 g | L76: Amazon Retail QCom | M76: B078KT9RB1 | N76: 15n9g3 | O76: 200 | P76: g | Q76: 400051 | R76: https://www.amazon.in/dp/B078KT9RB1 | S76: 2026-09-11 12:53:10
A77: 400051 | B77: Tata Sampann Thin Poha | C77: Tata Sampann Poha | D77: In Stock | E77: Yes | F77: Dairy & Breakfast | G77: Poha, Daliya & Other Grains | H77: https://www.amazon.in/dp/B07V3CM9L8 | I77: 51 | J77: 57 | K77: 500 g | L77: Amazon Retail QCom | M77: B07V3CM9L8 | N77: 15n9g3 | O77: 500 | P77: g | Q77: 400051 | R77: https://www.amazon.in/dp/B07V3CM9L8 | S77: 2026-09-11 12:53:10
A78: 400051 | B78: MTR Roasted Vermicelli | C78: MTR Any Time Seviyan Vermicelli | D78: In Stock | E78: Yes | F78: Dairy & Breakfast | G78: Vermicelli | H78: https://www.amazon.in/dp/B01682ORDO | I78: 81 | J78: 95 | K78: 850 g | L78: Amazon Retail QCom | M78: B01682ORDO | N78: 15n9g3 | O78: 850 | P78: g | Q78: 400051 | R78: https://www.amazon.in/dp/B01682ORDO | S78: 2026-09-11 12:53:10
A79: 400051 | B79: Happilo Premium Natural Californian Almonds | F79: Dry Fruits, Masala & Oil | G79: Dry Fruits | H79: https://www.amazon.in/dp/B01LY6B08A
A80: 400051 | B80: Amul Pure Ghee | F80: Dry Fruits, Masala & Oil | G80: Ghee & Vanaspati | H80: https://www.amazon.in/dp/B00TFEIXLA
A81: 400051 | B81: Sundrop Refined Sunflower Oil | F81: Dry Fruits, Masala & Oil | G81: Oil | H81: https://www.amazon.in/dp/B0GDQT3NNV
A82: 400051 | B82: Everest Kashmiri Red Chilli Powder | C82: Everest Kashmirilal Red Chilli Powder | D82: In Stock | E82: Yes | F82: Dry Fruits, Masala & Oil | G82: Powdered Spice | H82: https://www.amazon.in/dp/B0152ROOE8 | I82: 127 | J82: 132 | K82: 100 g | L82: Amazon Retail QCom | M82: B0152ROOE8 | N82: 15n9g3 | O82: 100 | P82: g | Q82: 400051 | R82: https://www.amazon.in/dp/B0152ROOE8 | S82: 2026-09-11 12:53:11
A83: 400051 | B83: Everest Turmeric Powder/Haldi | C83: Everest Turmeric Powder | D83: In Stock | E83: Yes | F83: Dry Fruits, Masala & Oil | G83: Powdered Spice | H83: https://www.amazon.in/dp/B00O0X79XY | I83: 86 | J83: 96 | K83: 200 g | L83: Amazon Retail QCom | M83: B00O0X79XY | N83: 15n9g3 | O83: 200 | P83: g | Q83: 400051 | R83: https://www.amazon.in/dp/B00O0X79XY | S83: 2026-09-11 12:53:11
A84: 400051 | B84: Madhur Pure & Hygienic Sulphurless Sugar | F84: Dry Fruits, Masala & Oil | G84: Salt, Sugar & Jaggery | H84: https://www.amazon.in/dp/B07575NCG8
A85: 400051 | B85: Tata Salt (Vacuum Evaporated Iodised) | C85: Tata Iodised Crystal Salt | D85: In Stock | E85: Yes | F85: Dry Fruits, Masala & Oil | G85: Salt, Sugar & Jaggery | H85: https://www.amazon.in/dp/B075WJTWQV | I85: 22 | K85: 1 kg | L85: Amazon Retail QCom | M85: B075WJTWQV | N85: 15n9g3 | O85: 1000 | P85: g | Q85: 400051 | R85: https://www.amazon.in/dp/B075WJTWQV | S85: 2026-09-11 12:53:11
A86: 400051 | B86: Catch Cumin Seeds / Jeera Seeds | C86: Catch Cumin (Jeera) | D86: In Stock | E86: Yes | F86: Dry Fruits, Masala & Oil | G86: Whole Spices | H86: https://www.amazon.in/dp/B0CRNR8SH8 | I86: 49 | J86: 75 | K86: 100g | L86: Amazon Retail QCom | M86: B0CRNR8SH8 | N86: 15n9g3 | O86: 100 | P86: g | Q86: 400051 | R86: https://www.amazon.in/dp/B0CRNR8SH8 | S86: 2026-09-11 12:53:11
A87: 400051 | B87: McCain French Fries | C87: McCain French Fries | D87: In Stock | E87: Yes | F87: Instant & Frozen Food | G87: Frozen Veg Snacks | H87: https://www.amazon.in/dp/B0FPFRW17G | I87: 184 | J87: 307 | K87: 1 kg | L87: Amazon Retail QCom | M87: B0FPFRW17G | N87: 15n9g3 | O87: 1000 | P87: g | Q87: 400051 | R87: https://www.amazon.in/dp/B0FPFRW17G | S87: 2026-09-11 12:53:11
A88: 400051 | B88: Maggi 2 Minutes Instant Noodles Made With Quality Spices | C88: Maggi 2-Minute Masala Instant Noodles | D88: In Stock | E88: Yes | F88: Instant & Frozen Food | G88: Noodles | H88: https://www.amazon.in/dp/B00U7GDO14 | I88: 78 | J88: 90 | K88: 420 g | L88: Amazon Retail QCom | M88: B00U7GDO14 | N88: 15n9g3 | O88: 420 | P88: g | Q88: 400051 | R88: https://www.amazon.in/dp/B00U7GDO14 | S88: 2026-09-11 12:53:11
A89: 400051 | B89: Haldiram's Bhujia | F89: Munchies | G89: Bhujia & Mixtures | H89: https://www.amazon.in/dp/B005OR9F0A
A90: 400051 | B90: Lay's India's Magic Masala Potato Chips | C90: Lay's India's Magic Masala Chips | D90: In Stock | E90: Yes | F90: Munchies | G90: Chips & Crisps | H90: https://www.amazon.in/dp/B08Q96WS8G | I90: 38 | J90: 48 | K90: 80 g | L90: Amazon Retail QCom | M90: B08Q96WS8G | N90: 15n9g3 | O90: 80 | P90: g | Q90: 400051 | R90: https://www.amazon.in/dp/B08Q96WS8G | S90: 2026-09-11 12:53:11
A91: 400051 | B91: Mr. Makhana Black Salt Flavoured Makhana | C91: Mr Makhana Himalayan Salt & Pepper Makhana | D91: In Stock | E91: Yes | F91: Munchies | G91: Makhana & More | H91: https://www.amazon.in/dp/B0CMV2M9J9 | I91: 130 | J91: 150 | K91: 55 g | L91: Amazon Retail QCom | M91: B0CMV2M9J9 | N91: 15n9g3 | O91: 55 | P91: g | Q91: 400051 | R91: https://www.amazon.in/dp/B0CMV2M9J9 | S91: 2026-09-11 12:53:11
A92: 400051 | B92: Doritos Cheese Nachos | C92: Doritos Cheese Nacho | D92: In Stock | E92: Yes | F92: Munchies | G92: Nachos | H92: https://www.amazon.in/dp/B08Q9B4LP7 | I92: 39 | J92: 48 | K92: 75 g | L92: Amazon Retail QCom | M92: B08Q9B4LP7 | N92: 15n9g3 | O92: 75 | P92: g | Q92: 400051 | R92: https://www.amazon.in/dp/B08Q9B4LP7 | S92: 2026-09-11 12:53:11
A93: 400051 | B93: Haldiram's Boondi | C93: Haldiram's Khari Boondi | D93: In Stock | E93: Yes | F93: Munchies | G93: Namkeen Snacks | H93: https://www.amazon.in/dp/B019BV5N8W | I93: 55 | K93: 200 g | L93: Amazon Retail QCom | M93: B019BV5N8W | N93: 15n9g3 | O93: 200 | P93: g | Q93: 400051 | R93: https://www.amazon.in/dp/B019BV5N8W | S93: 2026-09-11 12:53:11
A94: 400051 | B94: Act II Natural Microwave Popcorn | C94: Act II Butter Lover's Microwave Popcorn | D94: In Stock | E94: Yes | F94: Munchies | G94: Popcorn | H94: https://www.amazon.in/dp/B00PLKSJPM | I94: 199 | J94: 235 | K94: 276 g | L94: Amazon Retail QCom | M94: B00PLKSJPM | N94: 15n9g3 | O94: 276 | P94: g | Q94: 400051 | R94: https://www.amazon.in/dp/B00PLKSJPM | S94: 2026-09-11 12:53:11
A95: 400051 | B95: Britannia Toastea Cake Rusk | C95: Britannia Toastea Premium Bake Rusk | D95: In Stock | E95: Yes | F95: Munchies | G95: Rusks & Wafers | H95: https://www.amazon.in/dp/B09LQ9NTDS | I95: 39 | J95: 40 | K95: 183 g | L95: Amazon Retail QCom | M95: B09LQ9NTDS | N95: 15n9g3 | O95: 183 | P95: g | Q95: 400051 | R95: https://www.amazon.in/dp/B09LQ9NTDS | S95: 2026-09-11 12:53:11
A96: 400051 | B96: Kettle Studio Rock Sea Salt & English Vinegar Potato Chips | F96: Organic & Premium | G96: Snacks & Munchies | H96: https://www.amazon.in/dp/B0DGCRMB6G
A97: 400051 | B97: Marlboro Advance Compact | F97: Paan Corner | G97: Cigarettes | H97: https://www.amazon.in/dp/B0GZ5BT8SQ
A98: 400051 | B98: Nicotex Mint Plus Nicotine Gum | F98: Paan Corner | G98: Smoking Cessation | H98: https://www.amazon.in/dp/B0FPRDFMD6
A99: 400051 | B99: Dettol Original Bathing Bar | C99: Dettol Original Bathing Soap Bar | D99: In Stock | E99: Yes | F99: Personal Care | G99: Bathing Soaps | H99: https://www.amazon.in/dp/B0DGLKH2RL | I99: 343 | J99: 440 | K99: Pack of 6, 150 g Each | L99: RK World Infocom Pvt Ltd QCom | M99: B0DGLKH2RL | N99: 15n9g3 | Q99: 400051 | R99: https://www.amazon.in/dp/B0DGLKH2RL | S99: 2026-09-11 12:53:11
A100: 400051 | B100: Nivea Men Fresh Active Men's Roll On | C100: Nivea Men Fresh Active Roll-On Deodorant | D100: In Stock | E100: Yes | F100: Personal Care | G100: Deodorant & Talc | H100: https://www.amazon.in/dp/B007E9E9CK | I100: 174 | J100: 249 | K100: 50 ml | L100: RK World Infocom Pvt Ltd QCom | M100: B007E9E9CK | N100: 15n9g3 | O100: 50 | P100: ml | Q100: 400051 | R100: https://www.amazon.in/dp/B007E9E9CK | S100: 2026-09-11 12:53:11
...

Sheet 2026-09-12 1330
A1: Pincode | B1: Item | C1: ProductName | D1: is_out_of_stock | E1: Serviceable | F1: Segment | G1: Grocery | H1: Product_Link | I1: Price | J1: MRP | K1: Weight | L1: Seller | M1: ASIN | N1: StoreId | O1: Final_Qty | P1: Final_unit | Q1: Pincode_Used | R1: Used_Link | S1: Captured_At
A2: 400051 | B2: Aashirvaad Select | Pure MP Sharbati Wheat Atta for Soft Makhmali Rotis | C2: Aashirvaad Select 100% MP Sharbati Atta | D2: In Stock | E2: Yes | F2: Atta, Rice & Dal | G2: Atta | H2: https://www.amazon.in/dp/B00HUJQIZK | I2: 307 | J2: 384 | K2: 5 kg | L2: Amazon Retail QCom | M2: B00HUJQIZK | N2: 15n9g3 | O2: 5000 | P2: g | Q2: 400051 | R2: https://www.amazon.in/dp/B00HUJQIZK | S2: 2026-09-12 13:31:04
A3: 400051 | B3: Fortune Chakki Fresh Atta | F3: Atta, Rice & Dal | G3: Atta | H3: https://www.amazon.in/dp/B0H5BRQFFJ
A4: 400051 | B4: Fortune 100% Chana Dal Besan | C4: Fortune 100% Chana Dal Besan | D4: In Stock | E4: Yes | F4: Atta, Rice & Dal | G4: Besan, Sooji & Maida | H4: https://www.amazon.in/dp/B015MJI4BU | I4: 119 | J4: 169 | K4: 1 kg | L4: Amazon Retail QCom | M4: B015MJI4BU | N4: 15n9g3 | O4: 1000 | P4: g | Q4: 400051 | R4: https://www.amazon.in/dp/B015MJI4BU | S4: 2026-09-12 13:31:04
A5: 400051 | B5: Rajdhani Sooji/Rava | F5: Atta, Rice & Dal | G5: Besan, Sooji & Maida | H5: https://www.amazon.in/dp/B00MOFO276
A6: 400051 | B6: Tata Sampann Unpolished Masoor Dal | C6: Tata Sampann Masoor Dal (Whole) | D6: In Stock | E6: Yes | F6: Atta, Rice & Dal | G6: Moong & Masoor | H6: https://www.amazon.in/dp/B0752S522G | I6: 72 | J6: 79 | K6: 500 g | L6: Amazon Retail QCom | M6: B0752S522G | N6: 15n9g3 | O6: 500 | P6: g | Q6: 400051 | R6: https://www.amazon.in/dp/B0752S522G | S6: 2026-09-12 13:31:04
A7: 400051 | B7: Tata Sampann Unpolished Organic Moong Sabut | C7: Tata Sampann Green Moong Dal (Whole) | D7: In Stock | E7: Yes | F7: Atta, Rice & Dal | G7: Moong & Masoor | H7: https://www.amazon.in/dp/B077X8MD39 | I7: 82 | J7: 93 | K7: 500 g | L7: Amazon Retail QCom | M7: B077X8MD39 | N7: 15n9g3 | O7: 500 | P7: g | Q7: 400051 | R7: https://www.amazon.in/dp/B077X8MD39 | S7: 2026-09-12 13:31:04
A8: 400051 | B8: Nutrela Soya Mini Chunks | C8: Nutrela Soya Mini Chunks | D8: In Stock | E8: Yes | F8: Atta, Rice & Dal | G8: Rajma, Chhole & Others | H8: https://www.amazon.in/dp/B013SAX1NG | I8: 50 | J8: 55 | K8: 200 g | L8: Amazon Retail QCom | M8: B013SAX1NG | N8: 15n9g3 | O8: 200 | P8: g | Q8: 400051 | R8: https://www.amazon.in/dp/B013SAX1NG | S8: 2026-09-12 13:31:04
A9: 400051 | B9: Tata Sampann Unpolished Kabuli Chana (Big Size) | C9: Tata Sampann Kabuli Chana (Big Size) | D9: In Stock | E9: Yes | F9: Atta, Rice & Dal | G9: Rajma, Chhole & Others | H9: https://www.amazon.in/dp/B07DCPTP6R | I9: 89 | J9: 104 | K9: 500 g | L9: Amazon Retail QCom | M9: B07DCPTP6R | N9: 15n9g3 | O9: 500 | P9: g | Q9: 400051 | R9: https://www.amazon.in/dp/B07DCPTP6R | S9: 2026-09-12 13:31:04
A10: 400051 | B10: Tata Sampann Unpolished Rajma | C10: Tata Sampann Rajma (Chitra) | D10: In Stock | E10: Yes | F10: Atta, Rice & Dal | G10: Rajma, Chhole & Others | H10: https://www.amazon.in/dp/B077X8CS14 | I10: 93 | J10: 108 | K10: 500 g | L10: Amazon Retail QCom | M10: B077X8CS14 | N10: 15n9g3 | O10: 500 | P10: g | Q10: 400051 | R10: https://www.amazon.in/dp/B077X8CS14 | S10: 2026-09-12 13:31:04
A11: 400051 | B11: Daawat Super Basmati Rice (Long Grain) | C11: Daawat Super Basmati Rice | D11: In Stock | E11: Yes | F11: Atta, Rice & Dal | G11: Rice | H11: https://www.amazon.in/dp/B00SWKBO0K | I11: 820 | J11: 995 | K11: 5 kg | L11: Amazon Retail QCom | M11: B00SWKBO0K | N11: 15n9g3 | O11: 5000 | P11: g | Q11: 400051 | R11: https://www.amazon.in/dp/B00SWKBO0K | S11: 2026-09-12 13:31:04
A12: 400051 | B12: India Gate Daily Premium Basmati Rice (Long Grain) | C12: India Gate Everyday Dubar Pure Basmati Rice | D12: In Stock | E12: Yes | F12: Atta, Rice & Dal | G12: Rice | H12: https://www.amazon.in/dp/B0BBF1FT93 | I12: 395 | J12: 515 | K12: 5 kg | L12: Amazon Retail QCom | M12: B0BBF1FT93 | N12: 15n9g3 | O12: 5000 | P12: g | Q12: 400051 | R12: https://www.amazon.in/dp/B0BBF1FT93 | S12: 2026-09-12 13:31:04
A13: 400051 | B13: Tata Sampann Unpolished Chana Dal | C13: Tata Sampann Chana Dal (Split) | D13: In Stock | E13: Yes | F13: Atta, Rice & Dal | G13: Toor, Urad & Chana | H13: https://www.amazon.in/dp/B077X8G5DK | I13: 64 | J13: 81 | K13: 500 g | L13: Amazon Retail QCom | M13: B077X8G5DK | N13: 15n9g3 | O13: 500 | P13: g | Q13: 400051 | R13: https://www.amazon.in/dp/B077X8G5DK | S13: 2026-09-12 13:31:04
A14: 400051 | B14: Tata Sampann Unpolished Toor Dal | C14: Vedaka Toor Dal (Split) | D14: In Stock | E14: Yes | F14: Atta, Rice & Dal | G14: Toor, Urad & Chana | H14: https://www.amazon.in/dp/B0BSWQXJDL | I14: 306 | J14: 575 | K14: 2 kg | L14: Amazon Retail QCom | M14: B0BSWQXJDL | N14: 15n9g3 | O14: 2000 | P14: g | Q14: 400051 | R14: https://www.amazon.in/dp/B0BSWQXJDL | S14: 2026-09-12 13:31:04
A15: 400051 | B15: Nestle Cerelac Wheat Apple Baby Cereal (6 - 24 Months) | C15: Cerelac Baby Cereal with Milk | D15: In Stock | E15: Yes | F15: Baby Care | G15: Baby Food | H15: https://www.amazon.in/dp/B00I4SYXIK | I15: 280 | K15: 350 g | L15: Amazon Retail QCom | M15: B00I4SYXIK | N15: 15n9g3 | O15: 350 | P15: g | Q15: 400051 | R15: https://www.amazon.in/dp/B00I4SYXIK | S15: 2026-09-12 13:31:04
A16: 400051 | B16: Himalaya Gentle Baby Wipes | F16: Baby Care | G16: Baby Wipes | H16: https://www.amazon.in/dp/B0GYPN214D
A17: 400051 | B17: Johnson's Baby Soap | F17: Baby Care | G17: Bathing Needs | H17: https://www.amazon.in/dp/B06XY98VPT
A18: 400051 | B18: Pampers Happy Sleep Pant Style Baby Diaper (M) | C18: Pampers Happy Sleep Pant Style Baby Diapers - M | D18: In Stock | E18: Yes | F18: Baby Care | G18: Diapers & More | H18: https://www.amazon.in/dp/B0DSGHM8JW | I18: 476 | J18: 609 | K18: M, 48 Pcs | L18: RK World Infocom Pvt Ltd QCom | M18: B0DSGHM8JW | N18: 15n9g3 | Q18: 400051 | R18: https://www.amazon.in/dp/B0DSGHM8JW | S18: 2026-09-12 13:31:04
A19: 400051 | B19: Johnson's Baby Lotion | C19: Johnson's Baby Lotion | D19: In Stock | E19: Yes | F19: Baby Care | G19: Skin & Hair Care | H19: https://www.amazon.in/dp/B07FHHCR44 | I19: 192 | J19: 220 | K19: 200 ml | L19: RK World Infocom Pvt Ltd QCom | M19: B07FHHCR44 | N19: 15n9g3 | O19: 200 | P19: ml | Q19: 400051 | R19: https://www.amazon.in/dp/B07FHHCR44 | S19: 2026-09-12 13:31:04
A20: 400051 | B20: Weikfield Double Action Baking Powder | F20: Bakery & Biscuits | G20: Baking Ingredients | H20: https://www.amazon.in/dp/B004KFHIBK
A21: 400051 | B21: Lotte Choco Pie | F21: Bakery & Biscuits | G21: Cakes & Rolls | H21: https://www.amazon.in/dp/B019RL0C4Q
A22: 400051 | B22: Britannia Original Bourbon Creme Biscuit | C22: Cadbury Bournvita Biscuits | D22: In Stock | E22: Yes | F22: Bakery & Biscuits | G22: Cookies | H22: https://www.amazon.in/dp/B07FR2GVVK | I22: 29 | J22: 30 | K22: 111.6 g | L22: Amazon Retail QCom | M22: B07FR2GVVK | N22: 15n9g3 | O22: 111.6 | P22: g | Q22: 400051 | R22: https://www.amazon.in/dp/B07FR2GVVK | S22: 2026-09-12 13:31:14
A23: 400051 | B23: Britannia Good Day Cashew Biscuit | C23: Britannia Good Day Cashew Cookies | D23: In Stock | E23: Yes | F23: Bakery & Biscuits | G23: Cookies | H23: https://www.amazon.in/dp/B01M1RKTRK | I23: 82 | J23: 130 | K23: 526 g | L23: Amazon Retail QCom | M23: B01M1RKTRK | N23: 15n9g3 | O23: 526 | P23: g | Q23: 400051 | R23: https://www.amazon.in/dp/B01M1RKTRK | S23: 2026-09-12 13:31:14
A24: 400051 | B24: Malkist Cheese Flavoured Cracker Biscuit - Family Pack | F24: Bakery & Biscuits | G24: Cream Biscuits | H24: https://www.amazon.in/dp/B0F2G8Q5SX
A25: 400051 | B25: Britannia Marie Gold Marie Biscuits (208 g) | C25: Britannia Marie Gold Biscuits | D25: In Stock | E25: Yes | F25: Bakery & Biscuits | G25: Glucose & Marie | H25: https://www.amazon.in/dp/B00S9BSEB4 | I25: 40 | K25: 250 g | L25: Amazon Retail QCom | M25: B00S9BSEB4 | N25: 15n9g3 | O25: 250 | P25: g | Q25: 400051 | R25: https://www.amazon.in/dp/B00S9BSEB4 | S25: 2026-09-12 13:31:14
A26: 400051 | B26: Britannia NutriChoice Digestive High Fibre Biscuit - 250 g Family Pack | C26: Britannia Nutrichoice 5 Grain Digestive Biscuits | D26: In Stock | E26: Yes | F26: Bakery & Biscuits | G26: Healthy & Digestive | H26: https://www.amazon.in/dp/B00RGE4OUA | I26: 54 | J26: 65 | K26: 200 g | L26: Amazon Retail QCom | M26: B00RGE4OUA | N26: 15n9g3 | O26: 200 | P26: g | Q26: 400051 | R26: https://www.amazon.in/dp/B00RGE4OUA | S26: 2026-09-12 13:31:14
A27: 400051 | B27: McVitie's Digestive High Fibre Biscuit | F27: Bakery & Biscuits | G27: Healthy & Digestive | H27: https://www.amazon.in/dp/B0H5QXXHLP
A28: 400051 | B28: Nivea Nourishing Body Lotion | F28: Beauty & Cosmetics | G28: Body & Skin Care | H28: https://www.amazon.in/dp/B099NNW9LL
A29: 400051 | B29: Maybelline New York Colossal Kajal (Deep Black) | C29: Maybelline The Colossal Kajal | D29: In Stock | E29: Yes | F29: Beauty & Cosmetics | G29: Eye Makeup | H29: https://www.amazon.in/dp/B06WGZP21B | I29: 181 | J29: 220 | K29: 0.35 g | L29: RK World Infocom Pvt Ltd QCom | M29: B06WGZP21B | N29: 15n9g3 | O29: 0.35 | P29: g | Q29: 400051 | R29: https://www.amazon.in/dp/B06WGZP21B | S29: 2026-09-12 13:31:14
A30: 400051 | B30: Pond's Bright Beauty Serum Skin Treatment Cream 34 g | F30: Beauty & Cosmetics | G30: Face Care | H30: https://www.amazon.in/dp/B077ND8562
A31: 400051 | B31: Lakme Forever Matte Compact (Pearl) | C31: Lakme Forever Matte Compact | D31: In Stock | E31: Yes | F31: Beauty & Cosmetics | G31: Face Cosmetics | H31: https://www.amazon.in/dp/B09C3Q2YFX | I31: 172 | J31: 245 | K31: 9 g | L31: RK World Infocom Pvt Ltd QCom | M31: B09C3Q2YFX | N31: 15n9g3 | O31: 9 | P31: g | Q31: 400051 | R31: https://www.amazon.in/dp/B09C3Q2YFX | S31: 2026-09-12 13:31:14
A32: 400051 | B32: Livon Anti-Frizz Hair Serum | C32: Livon Go Frizz Free Anti-Frizz Serum | D32: In Stock | E32: Yes | F32: Beauty & Cosmetics | G32: Hair Styling & Treatment | H32: https://www.amazon.in/dp/B00CBRIKIE | I32: 139 | J32: 180 | K32: 50 ml | L32: RK World Infocom Pvt Ltd QCom | M32: B00CBRIKIE | N32: 15n9g3 | O32: 50 | P32: ml | Q32: 400051 | R32: https://www.amazon.in/dp/B00CBRIKIE | S32: 2026-09-12 13:31:14
A33: 400051 | B33: Nivea Essential Care Lip Balm | C33: Nivea Original Care Lip Balm | D33: In Stock | E33: Yes | F33: Beauty & Cosmetics | G33: Lip & Eye Care | H33: https://www.amazon.in/dp/B007E9JC7W | I33: 137 | J33: 175 | K33: 4.8 g | L33: RK World Infocom Pvt Ltd QCom | M33: B007E9JC7W | N33: 15n9g3 | O33: 4.8 | P33: g | Q33: 400051 | R33: https://www.amazon.in/dp/B007E9JC7W | S33: 2026-09-12 13:31:14
A34: 400051 | B34: Lakme 9To5 Hya Matte Lipstick (Workday Rose) | F34: Beauty & Cosmetics | G34: Lip Cosmetics | H34: https://www.amazon.in/dp/B0DWH87545
A35: 400051 | B35: Lakme Nail Paint Remover | C35: Lakme Nail Enamel Remover | D35: In Stock | E35: Yes | F35: Beauty & Cosmetics | G35: Nail Cosmetics | H35: https://www.amazon.in/dp/B006LXBF0E | I35: 92 | J35: 110 | K35: 27 ml | L35: RK World Infocom Pvt Ltd QCom | M35: B006LXBF0E | N35: 15n9g3 | O35: 27 | P35: ml | Q35: 400051 | R35: https://www.amazon.in/dp/B006LXBF0E | S35: 2026-09-12 13:31:14
A36: 400051 | B36: Licious Chicken Curry Cut (Small Pieces) | F36: Chicken, Meat & Fish | G36: Fresh Meat | H36: https://www.amazon.in/dp/B0BTYJ58W1
A37: 400051 | B37: Surf Excel Easy Wash Detergent Powder | F37: Cleaning Essentials | G37: Detergent Powder & Bars | H37: https://www.amazon.in/dp/B01ITJ6642
A38: 400051 | B38: Scotch Brite Scrub Pad | F38: Cleaning Essentials | G38: Dishwashing Accessories | H38: https://www.amazon.in/dp/B07H4YJLP4
A39: 400051 | B39: Vim Lemon Dishwash Bar (300 g) | C39: Vim Dishwash Bar Tub | D39: In Stock | E39: Yes | F39: Cleaning Essentials | G39: Dishwashing Bars & Tubs | H39: https://www.amazon.in/dp/B00U2DVHD4 | I39: 55 | K39: 500 g | L39: RK World Infocom Pvt Ltd QCom | M39: B00U2DVHD4 | N39: 15n9g3 | O39: 500 | P39: g | Q39: 400051 | R39: https://www.amazon.in/dp/B00U2DVHD4 | S39: 2026-09-12 13:31:14
A40: 400051 | B40: Vim Lemon Dishwash Gel | C40: Vim Dishwash Liquid Gel | D40: In Stock | E40: Yes | F40: Cleaning Essentials | G40: Dishwashing Gels & Tablets | H40: https://www.amazon.in/dp/B00M99II36 | I40: 189 | J40: 199 | K40: 750 ml | L40: RK World Infocom Pvt Ltd QCom | M40: B00M99II36 | N40: 15n9g3 | O40: 750 | P40: ml | Q40: 400051 | R40: https://www.amazon.in/dp/B00M99II36 | S40: 2026-09-12 13:31:14
A41: 400051 | B41: Comfort After Wash Fabric Conditioner (Lily Fresh) | C41: Comfort Lily Fresh Fabric Conditioner | D41: In Stock | E41: Yes | F41: Cleaning Essentials | G41: Fabric Conditioner & Additives | H41: https://www.amazon.in/dp/B074NCW9PD | I41: 199 | J41: 245 | K41: 860 ml | L41: RK World Infocom Pvt Ltd QCom | M41: B074NCW9PD | N41: 15n9g3 | O41: 860 | P41: ml | Q41: 400051 | R41: https://www.amazon.in/dp/B074NCW9PD | S41: 2026-09-12 13:31:14
A42: 400051 | B42: Lizol Disinfectant Surface & Floor Cleaner (Citrus) 2 l | C42: Lizol Citrus Disinfectant Surface Cleaner | D42: In Stock | E42: Yes | F42: Cleaning Essentials | G42: Floor & Surface Cleaners | H42: https://www.amazon.in/dp/B08CPRYLK4 | I42: 289 | J42: 329 | K42: 1.8 L | L42: RK World Infocom Pvt Ltd QCom | M42: B08CPRYLK4 | N42: 15n9g3 | O42: 1800 | P42: ml | Q42: 400051 | R42: https://www.amazon.in/dp/B08CPRYLK4 | S42: 2026-09-12 13:31:18
A43: 400051 | B43: Surf Excel Matic Top Load Liquid Detergent | C43: Surf Excel Matic Top Load Liquid Detergent | D43: In Stock | E43: Yes | F43: Cleaning Essentials | G43: Liquid Detergents | H43: https://www.amazon.in/dp/B072QRVVDS | I43: 235 | K43: 1 L | L43: RK World Infocom Pvt Ltd QCom | M43: B072QRVVDS | N43: 15n9g3 | O43: 1000 | P43: ml | Q43: 400051 | R43: https://www.amazon.in/dp/B072QRVVDS | S43: 2026-09-12 13:31:18
A44: 400051 | B44: Harpic Disinfectant Liquid Toilet Cleaner - (Original) | C44: Harpic Power Plus Toilet Cleaner | D44: In Stock | E44: Yes | F44: Cleaning Essentials | G44: Toilet & Bathroom Cleaners | H44: https://www.amazon.in/dp/B016D3J92M | I44: 397 | J44: 470 | K44: Pack of 2, 1 L Each | L44: RK World Infocom Pvt Ltd QCom | M44: B016D3J92M | N44: 15n9g3 | Q44: 400051 | R44: https://www.amazon.in/dp/B016D3J92M | S44: 2026-09-12 13:31:18
A45: 400051 | B45: Storia Tender Concentrate Coconut Water - No Added Sugar | C45: Storia Tender Coconut Water Pet Bottle | D45: In Stock | E45: Yes | F45: Cold Drinks & Juices | G45: Coconut Water | H45: https://www.amazon.in/dp/B08753WZ51 | I45: 208 | J45: 360 | K45: Pack of 6, 200 ml Each | L45: Amazon Retail QCom | M45: B08753WZ51 | N45: 15n9g3 | Q45: 400051 | R45: https://www.amazon.in/dp/B08753WZ51 | S45: 2026-09-12 13:31:18
A46: 400051 | B46: Lipton Lemon Iced Tea | F46: Cold Drinks & Juices | G46: Cold Coffee & Ice Tea | H46: https://www.amazon.in/dp/B0CYX8SKVQ
A47: 400051 | B47: Nescafe Ready to Drink Cold Coffee, Iced Latte | F47: Cold Drinks & Juices | G47: Cold Coffee & Ice Tea | H47: https://www.amazon.in/dp/B0DSC9JQCG
A48: 400051 | B48: Hamdard Rooh Afza Rose Sharbat | F48: Cold Drinks & Juices | G48: Concentrates & Syrups | H48: https://www.amazon.in/dp/B06ZZMFB59
A49: 400051 | B49: Red Bull Energy Drink | F49: Cold Drinks & Juices | G49: Energy Drinks | H49: https://www.amazon.in/dp/B015T25C6K
A50: 400051 | B50: Real Activ Fibre+ Multi Fruit Juice | C50: Dabur Real Activ Mixed Fruit Juice | D50: In Stock | E50: Yes | F50: Cold Drinks & Juices | G50: Fruit Juice | H50: https://www.amazon.in/dp/B0140TF93E | I50: 140.8 | J50: 160 | K50: 1 L | L50: RK World Infocom Pvt Ltd QCom | M50: B0140TF93E | N50: 15n9g3 | O50: 1000 | P50: ml | Q50: 400051 | R50: https://www.amazon.in/dp/B0140TF93E | S50: 2026-09-12 13:31:18
A51: 400051 | B51: Frooti Mango Drink | C51: Slice Mango Drink | D51: In Stock | E51: Yes | F51: Cold Drinks & Juices | G51: Mango Drinks | H51: https://www.amazon.in/dp/B0140Q6M3S | I51: 70 | K51: 1.2 L | L51: Amazon Retail QCom | M51: B0140Q6M3S | N51: 15n9g3 | O51: 1200 | P51: ml | Q51: 400051 | R51: https://www.amazon.in/dp/B0140Q6M3S | S51: 2026-09-12 13:31:18
A52: 400051 | B52: Real Activ Apple Juice | C52: Dabur Real Activ Apple Fruit Juice Tetra Pack | D52: In Stock | E52: Yes | F52: Cold Drinks & Juices | G52: Pure Juices | H52: https://www.amazon.in/dp/B013P5V00K | I52: 128 | J52: 160 | K52: 1 L | L52: RK World Infocom Pvt Ltd QCom | M52: B013P5V00K | N52: 15n9g3 | O52: 1000 | P52: ml | Q52: 400051 | R52: https://www.amazon.in/dp/B013P5V00K | S52: 2026-09-12 13:31:18
A53: 400051 | B53: Kinley Strong Soda Water | F53: Cold Drinks & Juices | G53: Soda & Mixers | H53: https://www.amazon.in/dp/B079GX9DDF
A54: 400051 | B54: Schweppes Indian Tonic Water | C54: Schweppes Indian Tonic Water | D54: In Stock | E54: Yes | F54: Cold Drinks & Juices | G54: Soda & Mixers | H54: https://www.amazon.in/dp/B079H8QCDM | I54: 59 | J54: 60 | K54: 300 ml | L54: Amazon Retail QCom | M54: B079H8QCDM | N54: 15n9g3 | O54: 300 | P54: ml | Q54: 400051 | R54: https://www.amazon.in/dp/B079H8QCDM | S54: 2026-09-12 13:31:18
A55: 400051 | B55: Coca-Cola Cola Soft Drink | C55: Coca-Cola Original Taste Soft Drink | D55: In Stock | E55: Yes | F55: Cold Drinks & Juices | G55: Soft Drinks | H55: https://www.amazon.in/dp/B08L4LPCZ8 | I55: 160 | K55: Pack of 8, 250 ml Each | L55: Amazon Retail QCom | M55: B08L4LPCZ8 | N55: 15n9g3 | Q55: 400051 | R55: https://www.amazon.in/dp/B08L4LPCZ8 | S55: 2026-09-12 13:31:18
A56: 400051 | B56: Pepsi Cola Soft Drink (2.25 l) | C56: Pepsi Soft Drink | D56: In Stock | E56: Yes | F56: Cold Drinks & Juices | G56: Soft Drinks | H56: https://www.amazon.in/dp/B0140Q6HGA | I56: 85 | J56: 100 | K56: 2.25 L | L56: Amazon Retail QCom | M56: B0140Q6HGA | N56: 15n9g3 | O56: 2250 | P56: ml | Q56: 400051 | R56: https://www.amazon.in/dp/B0140Q6HGA | S56: 2026-09-12 13:31:18
A57: 400051 | B57: Bisleri Packaged Water (1 l) | C57: Bisleri Vedica Mineral Water Bottle | D57: In Stock | E57: Yes | F57: Cold Drinks & Juices | G57: Water & Ice Cubes | H57: https://www.amazon.in/dp/B0DH2LZ9W9 | I57: 60 | K57: 1 L | L57: Amazon Retail QCom | M57: B0DH2LZ9W9 | N57: 15n9g3 | O57: 1000 | P57: ml | Q57: 400051 | R57: https://www.amazon.in/dp/B0DH2LZ9W9 | S57: 2026-09-12 13:31:18
A58: 400051 | B58: iD Idli & Dosa Batter - 1 kg | C58: iD Fresh Idly & Dosa Batter | D58: In Stock | E58: Yes | F58: Dairy & Breakfast | G58: Batter | H58: https://www.amazon.in/dp/B01468O5AW | I58: 105 | K58: 1 kg | L58: Amazon Retail QCom | M58: B01468O5AW | N58: 15n9g3 | O58: 1000 | P58: g | Q58: 400051 | R58: https://www.amazon.in/dp/B01468O5AW | S58: 2026-09-12 13:31:18
A59: 400051 | B59: Britannia 100% Whole Wheat Bread (No Maida) | F59: Dairy & Breakfast | G59: Bread & Pav | H59: https://www.amazon.in/dp/B0B1D733ZV
A60: 400051 | B60: Britannia Pav | C60: Britannia Marie Gold Biscuits | D60: In Stock | E60: Yes | F60: Dairy & Breakfast | G60: Bread & Pav | H60: https://www.amazon.in/dp/B00S9BSEB4 | I60: 40 | K60: 250 g | L60: Amazon Retail QCom | M60: B00S9BSEB4 | N60: 15n9g3 | O60: 250 | P60: g | Q60: 400051 | R60: https://www.amazon.in/dp/B00S9BSEB4 | S60: 2026-09-12 13:31:18
A61: 400051 | B61: The Health Factory Zero Maida Atta Bread (Wheat Bread) | C61: The Baker's Dozen Butter Garlic Toast | D61: In Stock | E61: Yes | F61: Dairy & Breakfast | G61: Bread & Pav | H61: https://www.amazon.in/dp/B0BZZFR7WB | I61: 74 | J61: 119 | K61: 90g | L61: Amazon Retail QCom | M61: B0BZZFR7WB | N61: 15n9g3 | O61: 90 | P61: g | Q61: 400051 | R61: https://www.amazon.in/dp/B0BZZFR7WB | S61: 2026-09-12 13:31:18
A62: 400051 | B62: Amul Salted Butter | C62: Amul Salted Pasteurised Butter | D62: In Stock | E62: Yes | F62: Dairy & Breakfast | G62: Butter & More | H62: https://www.amazon.in/dp/B01IBTCZNG | I62: 62 | J62: 63 | K62: 100 g | L62: Amazon Retail QCom | M62: B01IBTCZNG | N62: 15n9g3 | O62: 100 | P62: g | Q62: 400051 | R62: https://www.amazon.in/dp/B01IBTCZNG | S62: 2026-09-12 13:31:30
A63: 400051 | B63: Amul Cheese Cubes | C63: Amul Pure Milk Cheese Cubes | D63: In Stock | E63: Yes | F63: Dairy & Breakfast | G63: Cheese | H63: https://www.amazon.in/dp/B018E0GO9S | I63: 132 | J63: 135 | K63: 200 g | L63: Amazon Retail QCom | M63: B018E0GO9S | N63: 15n9g3 | O63: 200 | P63: g | Q63: 400051 | R63: https://www.amazon.in/dp/B018E0GO9S | S63: 2026-09-12 13:31:30
A64: 400051 | B64: Amul Cheese Slices | C64: Amul A+ Cheese Slices | D64: In Stock | E64: Yes | F64: Dairy & Breakfast | G64: Cheese | H64: https://www.amazon.in/dp/B00NNMKV4C | I64: 114 | J64: 170 | K64: 200 g | L64: Amazon Retail QCom | M64: B00NNMKV4C | N64: 15n9g3 | O64: 200 | P64: g | Q64: 400051 | R64: https://www.amazon.in/dp/B00NNMKV4C | S64: 2026-09-12 13:31:30
A65: 400051 | B65: Amul Fresh Cream | C65: Amul Whipping Cream | D65: In Stock | E65: Yes | F65: Dairy & Breakfast | G65: Cream & Whitener | H65: https://www.amazon.in/dp/B07KJBJL3P | I65: 100 | K65: 250 ml | L65: Amazon Retail QCom | M65: B07KJBJL3P | N65: 15n9g3 | O65: 250 | P65: ml | Q65: 400051 | R65: https://www.amazon.in/dp/B07KJBJL3P | S65: 2026-09-12 13:31:30
A66: 400051 | B66: Amul Masti Set Cup Curd Tub | F66: Dairy & Breakfast | G66: Curd & Yogurt | H66: https://www.amazon.in/dp/B0DNK8XLVY
A67: 400051 | B67: Epigamia Alphonso Mango Flavoured Yogurt | F67: Dairy & Breakfast | G67: Curd & Yogurt | H67: https://www.amazon.in/dp/B0DW8P44H2
A68: 400051 | B68: Licious Farm Fresh Classic White Protein Rich Eggs | F68: Dairy & Breakfast | G68: Eggs | H68: https://www.amazon.in/dp/B07GSG6B9M
A69: 400051 | B69: Kellogg's Corn Flakes Original | C69: Kellogg's Original Corn Flakes | D69: In Stock | E69: Yes | F69: Dairy & Breakfast | G69: Flakes & Kids Cereals | H69: https://www.amazon.in/dp/B00TIMOXFO | I69: 175 | J69: 195 | K69: 475 g | L69: Amazon Retail QCom | M69: B00TIMOXFO | N69: 15n9g3 | O69: 475 | P69: g | Q69: 400051 | R69: https://www.amazon.in/dp/B00TIMOXFO | S69: 2026-09-12 13:31:30
A70: 400051 | B70: Dabur Honey Squeezy | C70: Dabur Honey Squeezy Pack | D70: In Stock | E70: Yes | F70: Dairy & Breakfast | G70: Honey & Chyawanprash | H70: https://www.amazon.in/dp/B07J57J784 | I70: 168 | J70: 249 | K70: Pack of 2, 225g Each | L70: Amazon Retail QCom | M70: B07J57J784 | N70: 15n9g3 | Q70: 400051 | R70: https://www.amazon.in/dp/B07J57J784 | S70: 2026-09-12 13:31:30
A71: 400051 | B71: Amul Sweet Lassi | C71: Amul Lassi Tetra Pack | D71: In Stock | E71: Yes | F71: Dairy & Breakfast | G71: Lassi, Shakes & More | H71: https://www.amazon.in/dp/B00O8X3O9E | I71: 20 | K71: 200 ml | L71: Amazon Retail QCom | M71: B00O8X3O9E | N71: 15n9g3 | O71: 200 | P71: ml | Q71: 400051 | R71: https://www.amazon.in/dp/B00O8X3O9E | S71: 2026-09-12 13:31:30
A72: 400051 | B72: Amul Cow Milk | C72: Amul Taaza Homogenized Toned Milk | D72: In Stock | E72: Yes | F72: Dairy & Breakfast | G72: Milk | H72: https://www.amazon.in/dp/B018VFFZSC | I72: 40 | K72: 500 ml | L72: Amazon Retail QCom | M72: B018VFFZSC | N72: 15n9g3 | O72: 500 | P72: ml | Q72: 400051 | R72: https://www.amazon.in/dp/B018VFFZSC | S72: 2026-09-12 13:31:30
A73: 400051 | B73: Amul Taaza Toned Milk | C73: Amul Taaza Homogenized Toned Milk | D73: In Stock | E73: Yes | F73: Dairy & Breakfast | G73: Milk | H73: https://www.amazon.in/dp/B018VFFZSC | I73: 40 | K73: 500 ml | L73: Amazon Retail QCom | M73: B018VFFZSC | N73: 15n9g3 | O73: 500 | P73: ml | Q73: 400051 | R73: https://www.amazon.in/dp/B018VFFZSC | S73: 2026-09-12 13:31:30
A74: 400051 | B74: Kellogg's Fruit, Nut & Seeds Muesli | F74: Dairy & Breakfast | G74: Muesli & Granola | H74: https://www.amazon.in/dp/B083JMHX1D
A75: 400051 | B75: Quaker Rolled Instant Oats | C75: Quaker Rolled Oats | D75: In Stock | E75: Yes | F75: Dairy & Breakfast | G75: Oats | H75: https://www.amazon.in/dp/B00O7XQPN2 | I75: 86 | K75: 400 g | L75: Amazon Retail QCom | M75: B00O7XQPN2 | N75: 15n9g3 | O75: 400 | P75: g | Q75: 400051 | R75: https://www.amazon.in/dp/B00O7XQPN2 | S75: 2026-09-12 13:31:30
A76: 400051 | B76: Amul Fresh Malai Paneer | C76: Amul Fresh Paneer | D76: In Stock | E76: Yes | F76: Dairy & Breakfast | G76: Paneer & Tofu | H76: https://www.amazon.in/dp/B078KT9RB1 | I76: 95 | K76: 200 g | L76: Amazon Retail QCom | M76: B078KT9RB1 | N76: 15n9g3 | O76: 200 | P76: g | Q76: 400051 | R76: https://www.amazon.in/dp/B078KT9RB1 | S76: 2026-09-12 13:31:30
A77: 400051 | B77: Tata Sampann Thin Poha | C77: Tata Sampann Poha | D77: In Stock | E77: Yes | F77: Dairy & Breakfast | G77: Poha, Daliya & Other Grains | H77: https://www.amazon.in/dp/B07V3CM9L8 | I77: 51 | J77: 57 | K77: 500 g | L77: Amazon Retail QCom | M77: B07V3CM9L8 | N77: 15n9g3 | O77: 500 | P77: g | Q77: 400051 | R77: https://www.amazon.in/dp/B07V3CM9L8 | S77: 2026-09-12 13:31:30
A78: 400051 | B78: MTR Roasted Vermicelli | C78: MTR Any Time Seviyan Vermicelli | D78: In Stock | E78: Yes | F78: Dairy & Breakfast | G78: Vermicelli | H78: https://www.amazon.in/dp/B01682ORDO | I78: 81 | J78: 95 | K78: 850 g | L78: Amazon Retail QCom | M78: B01682ORDO | N78: 15n9g3 | O78: 850 | P78: g | Q78: 400051 | R78: https://www.amazon.in/dp/B01682ORDO | S78: 2026-09-12 13:31:30
A79: 400051 | B79: Happilo Premium Natural Californian Almonds | F79: Dry Fruits, Masala & Oil | G79: Dry Fruits | H79: https://www.amazon.in/dp/B01LY6B08A
A80: 400051 | B80: Amul Pure Ghee | F80: Dry Fruits, Masala & Oil | G80: Ghee & Vanaspati | H80: https://www.amazon.in/dp/B00TFEIXLA
A81: 400051 | B81: Sundrop Refined Sunflower Oil | F81: Dry Fruits, Masala & Oil | G81: Oil | H81: https://www.amazon.in/dp/B0GDQT3NNV
A82: 400051 | B82: Everest Kashmiri Red Chilli Powder | C82: Everest Kashmirilal Red Chilli Powder | D82: In Stock | E82: Yes | F82: Dry Fruits, Masala & Oil | G82: Powdered Spice | H82: https://www.amazon.in/dp/B0152ROOE8 | I82: 127 | J82: 132 | K82: 100 g | L82: Amazon Retail QCom | M82: B0152ROOE8 | N82: 15n9g3 | O82: 100 | P82: g | Q82: 400051 | R82: https://www.amazon.in/dp/B0152ROOE8 | S82: 2026-09-12 13:31:35
A83: 400051 | B83: Everest Turmeric Powder/Haldi | F83: Dry Fruits, Masala & Oil | G83: Powdered Spice | H83: https://www.amazon.in/dp/B00O0X79XY
A84: 400051 | B84: Madhur Pure & Hygienic Sulphurless Sugar | F84: Dry Fruits, Masala & Oil | G84: Salt, Sugar & Jaggery | H84: https://www.amazon.in/dp/B07575NCG8
A85: 400051 | B85: Tata Salt (Vacuum Evaporated Iodised) | C85: Tata Iodised Crystal Salt | D85: In Stock | E85: Yes | F85: Dry Fruits, Masala & Oil | G85: Salt, Sugar & Jaggery | H85: https://www.amazon.in/dp/B075WJTWQV | I85: 22 | K85: 1 kg | L85: Amazon Retail QCom | M85: B075WJTWQV | N85: 15n9g3 | O85: 1000 | P85: g | Q85: 400051 | R85: https://www.amazon.in/dp/B075WJTWQV | S85: 2026-09-12 13:31:35
A86: 400051 | B86: Catch Cumin Seeds / Jeera Seeds | C86: Catch Cumin (Jeera) | D86: In Stock | E86: Yes | F86: Dry Fruits, Masala & Oil | G86: Whole Spices | H86: https://www.amazon.in/dp/B0CRNR8SH8 | I86: 49 | J86: 75 | K86: 100g | L86: Amazon Retail QCom | M86: B0CRNR8SH8 | N86: 15n9g3 | O86: 100 | P86: g | Q86: 400051 | R86: https://www.amazon.in/dp/B0CRNR8SH8 | S86: 2026-09-12 13:31:35
A87: 400051 | B87: McCain French Fries | C87: McCain French Fries | D87: In Stock | E87: Yes | F87: Instant & Frozen Food | G87: Frozen Veg Snacks | H87: https://www.amazon.in/dp/B0FPFRW17G | I87: 184 | J87: 307 | K87: 1 kg | L87: Amazon Retail QCom | M87: B0FPFRW17G | N87: 15n9g3 | O87: 1000 | P87: g | Q87: 400051 | R87: https://www.amazon.in/dp/B0FPFRW17G | S87: 2026-09-12 13:31:35
A88: 400051 | B88: Maggi 2 Minutes Instant Noodles Made With Quality Spices | C88: Maggi 2-Minute Masala Instant Noodles | D88: In Stock | E88: Yes | F88: Instant & Frozen Food | G88: Noodles | H88: https://www.amazon.in/dp/B00U7GDO14 | I88: 78 | J88: 90 | K88: 420 g | L88: Amazon Retail QCom | M88: B00U7GDO14 | N88: 15n9g3 | O88: 420 | P88: g | Q88: 400051 | R88: https://www.amazon.in/dp/B00U7GDO14 | S88: 2026-09-12 13:31:35
A89: 400051 | B89: Haldiram's Bhujia | F89: Munchies | G89: Bhujia & Mixtures | H89: https://www.amazon.in/dp/B005OR9F0A
A90: 400051 | B90: Lay's India's Magic Masala Potato Chips | C90: Lay's India's Magic Masala Chips | D90: In Stock | E90: Yes | F90: Munchies | G90: Chips & Crisps | H90: https://www.amazon.in/dp/B08Q96WS8G | I90: 38 | J90: 48 | K90: 80 g | L90: Amazon Retail QCom | M90: B08Q96WS8G | N90: 15n9g3 | O90: 80 | P90: g | Q90: 400051 | R90: https://www.amazon.in/dp/B08Q96WS8G | S90: 2026-09-12 13:31:35
A91: 400051 | B91: Mr. Makhana Black Salt Flavoured Makhana | C91: Mr Makhana Himalayan Salt & Pepper Makhana | D91: In Stock | E91: Yes | F91: Munchies | G91: Makhana & More | H91: https://www.amazon.in/dp/B0CMV2M9J9 | I91: 130 | J91: 150 | K91: 55 g | L91: Amazon Retail QCom | M91: B0CMV2M9J9 | N91: 15n9g3 | O91: 55 | P91: g | Q91: 400051 | R91: https://www.amazon.in/dp/B0CMV2M9J9 | S91: 2026-09-12 13:31:35
A92: 400051 | B92: Doritos Cheese Nachos | C92: Doritos Cheese Nacho | D92: In Stock | E92: Yes | F92: Munchies | G92: Nachos | H92: https://www.amazon.in/dp/B08Q9B4LP7 | I92: 39 | J92: 48 | K92: 75 g | L92: Amazon Retail QCom | M92: B08Q9B4LP7 | N92: 15n9g3 | O92: 75 | P92: g | Q92: 400051 | R92: https://www.amazon.in/dp/B08Q9B4LP7 | S92: 2026-09-12 13:31:35
A93: 400051 | B93: Haldiram's Boondi | C93: Haldiram's Khari Boondi | D93: In Stock | E93: Yes | F93: Munchies | G93: Namkeen Snacks | H93: https://www.amazon.in/dp/B019BV5N8W | I93: 55 | K93: 200 g | L93: Amazon Retail QCom | M93: B019BV5N8W | N93: 15n9g3 | O93: 200 | P93: g | Q93: 400051 | R93: https://www.amazon.in/dp/B019BV5N8W | S93: 2026-09-12 13:31:35
A94: 400051 | B94: Act II Natural Microwave Popcorn | C94: Act II Butter Lover's Microwave Popcorn | D94: In Stock | E94: Yes | F94: Munchies | G94: Popcorn | H94: https://www.amazon.in/dp/B00PLKSJPM | I94: 199 | J94: 235 | K94: 276 g | L94: Amazon Retail QCom | M94: B00PLKSJPM | N94: 15n9g3 | O94: 276 | P94: g | Q94: 400051 | R94: https://www.amazon.in/dp/B00PLKSJPM | S94: 2026-09-12 13:31:35
A95: 400051 | B95: Britannia Toastea Cake Rusk | C95: Britannia Toastea Premium Bake Rusk | D95: In Stock | E95: Yes | F95: Munchies | G95: Rusks & Wafers | H95: https://www.amazon.in/dp/B09LQ9NTDS | I95: 39 | J95: 40 | K95: 183 g | L95: Amazon Retail QCom | M95: B09LQ9NTDS | N95: 15n9g3 | O95: 183 | P95: g | Q95: 400051 | R95: https://www.amazon.in/dp/B09LQ9NTDS | S95: 2026-09-12 13:31:35
A96: 400051 | B96: Kettle Studio Rock Sea Salt & English Vinegar Potato Chips | F96: Organic & Premium | G96: Snacks & Munchies | H96: https://www.amazon.in/dp/B0DGCRMB6G
A97: 400051 | B97: Marlboro Advance Compact | F97: Paan Corner | G97: Cigarettes | H97: https://www.amazon.in/dp/B0GZ5BT8SQ
A98: 400051 | B98: Nicotex Mint Plus Nicotine Gum | F98: Paan Corner | G98: Smoking Cessation | H98: https://www.amazon.in/dp/B0FPRDFMD6
A99: 400051 | B99: Dettol Original Bathing Bar | C99: Dettol Original Bathing Soap Bar | D99: In Stock | E99: Yes | F99: Personal Care | G99: Bathing Soaps | H99: https://www.amazon.in/dp/B0DGLKH2RL | I99: 343 | J99: 440 | K99: Pack of 6, 150 g Each | L99: RK World Infocom Pvt Ltd QCom | M99: B0DGLKH2RL | N99: 15n9g3 | Q99: 400051 | R99: https://www.amazon.in/dp/B0DGLKH2RL | S99: 2026-09-12 13:31:35
A100: 400051 | B100: Nivea Men Fresh Active Men's Roll On | C100: Nivea Men Fresh Active Roll-On Deodorant | D100: In Stock | E100: Yes | F100: Personal Care | G100: Deodorant & Talc | H100: https://www.amazon.in/dp/B007E9E9CK | I100: 174 | J100: 249 | K100: 50 ml | L100: RK World Infocom Pvt Ltd QCom | M100: B007E9E9CK | N100: 15n9g3 | O100: 50 | P100: ml | Q100: 400051 | R100: https://www.amazon.in/dp/B007E9E9CK | S100: 2026-09-12 13:31:35
...

Sheet 2026-09-12 2141
A1: Pincode | B1: Item | C1: ProductName | D1: is_out_of_stock | E1: Serviceable | F1: Segment | G1: Grocery | H1: Product_Link | I1: Price | J1: MRP | K1: Weight | L1: Seller | M1: ASIN | N1: StoreId | O1: Final_Qty | P1: Final_unit | Q1: Pincode_Used | R1: Used_Link | S1: Captured_At
A2: 400051 | B2: Aashirvaad Select | Pure MP Sharbati Wheat Atta for Soft Makhmali Rotis | C2: Aashirvaad Select 100% MP Sharbati Atta | D2: In Stock | E2: Yes | F2: Atta, Rice & Dal | G2: Atta | H2: https://www.amazon.in/dp/B00HUJQIZK | I2: 307 | J2: 384 | K2: 5 kg | L2: Amazon Retail QCom | M2: B00HUJQIZK | N2: 15n9g3 | O2: 5000 | P2: g | Q2: 400051 | R2: https://www.amazon.in/dp/B00HUJQIZK | S2: 2026-09-12 21:41:45
A3: 400051 | B3: Fortune Chakki Fresh Atta | C3: Fortune Chakki Fresh Atta | D3: In Stock | E3: Yes | F3: Atta, Rice & Dal | G3: Atta | H3: https://www.amazon.in/dp/B07CBKR1L7 | I3: 220 | J3: 277 | K3: 5 kg | L3: Amazon Retail QCom | M3: B07CBKR1L7 | N3: 15n9g3 | O3: 5000 | P3: g | Q3: 400051 | R3: https://www.amazon.in/dp/B07CBKR1L7 | S3: 2026-09-12 21:41:45
A4: 400051 | B4: Fortune 100% Chana Dal Besan | C4: Fortune 100% Chana Dal Besan | D4: In Stock | E4: Yes | F4: Atta, Rice & Dal | G4: Besan, Sooji & Maida | H4: https://www.amazon.in/dp/B015MJI4BU | I4: 119 | J4: 169 | K4: 1 kg | L4: Amazon Retail QCom | M4: B015MJI4BU | N4: 15n9g3 | O4: 1000 | P4: g | Q4: 400051 | R4: https://www.amazon.in/dp/B015MJI4BU | S4: 2026-09-12 21:41:45
A5: 400051 | B5: Rajdhani Sooji/Rava | D5: Not Available | F5: Atta, Rice & Dal | G5: Besan, Sooji & Maida | H5: https://www.amazon.in/dp/B00MOFO276
A6: 400051 | B6: Tata Sampann Unpolished Masoor Dal | C6: Tata Sampann Masoor Dal (Whole) | D6: In Stock | E6: Yes | F6: Atta, Rice & Dal | G6: Moong & Masoor | H6: https://www.amazon.in/dp/B0752S522G | I6: 72 | J6: 79 | K6: 500 g | L6: Amazon Retail QCom | M6: B0752S522G | N6: 15n9g3 | O6: 500 | P6: g | Q6: 400051 | R6: https://www.amazon.in/dp/B0752S522G | S6: 2026-09-12 21:41:45
A7: 400051 | B7: Tata Sampann Unpolished Organic Moong Sabut | C7: Tata Sampann Green Moong Dal (Whole) | D7: In Stock | E7: Yes | F7: Atta, Rice & Dal | G7: Moong & Masoor | H7: https://www.amazon.in/dp/B077X8MD39 | I7: 82 | J7: 93 | K7: 500 g | L7: Amazon Retail QCom | M7: B077X8MD39 | N7: 15n9g3 | O7: 500 | P7: g | Q7: 400051 | R7: https://www.amazon.in/dp/B077X8MD39 | S7: 2026-09-12 21:41:45
A8: 400051 | B8: Nutrela Soya Mini Chunks | C8: Nutrela Soya Mini Chunks | D8: In Stock | E8: Yes | F8: Atta, Rice & Dal | G8: Rajma, Chhole & Others | H8: https://www.amazon.in/dp/B013SAX1NG | I8: 50 | J8: 55 | K8: 200 g | L8: Amazon Retail QCom | M8: B013SAX1NG | N8: 15n9g3 | O8: 200 | P8: g | Q8: 400051 | R8: https://www.amazon.in/dp/B013SAX1NG | S8: 2026-09-12 21:41:45
A9: 400051 | B9: Tata Sampann Unpolished Kabuli Chana (Big Size) | C9: Tata Sampann Kabuli Chana (Big Size) | D9: In Stock | E9: Yes | F9: Atta, Rice & Dal | G9: Rajma, Chhole & Others | H9: https://www.amazon.in/dp/B07DCPTP6R | I9: 89 | J9: 104 | K9: 500 g | L9: Amazon Retail QCom | M9: B07DCPTP6R | N9: 15n9g3 | O9: 500 | P9: g | Q9: 400051 | R9: https://www.amazon.in/dp/B07DCPTP6R | S9: 2026-09-12 21:41:45
A10: 400051 | B10: Tata Sampann Unpolished Rajma | C10: Tata Sampann Rajma (Chitra) | D10: In Stock | E10: Yes | F10: Atta, Rice & Dal | G10: Rajma, Chhole & Others | H10: https://www.amazon.in/dp/B077X8CS14 | I10: 93 | J10: 108 | K10: 500 g | L10: Amazon Retail QCom | M10: B077X8CS14 | N10: 15n9g3 | O10: 500 | P10: g | Q10: 400051 | R10: https://www.amazon.in/dp/B077X8CS14 | S10: 2026-09-12 21:41:45
A11: 400051 | B11: Daawat Super Basmati Rice (Long Grain) | C11: Daawat Super Basmati Rice | D11: In Stock | E11: Yes | F11: Atta, Rice & Dal | G11: Rice | H11: https://www.amazon.in/dp/B00SWKBO0K | I11: 820 | J11: 995 | K11: 5 kg | L11: Amazon Retail QCom | M11: B00SWKBO0K | N11: 15n9g3 | O11: 5000 | P11: g | Q11: 400051 | R11: https://www.amazon.in/dp/B00SWKBO0K | S11: 2026-09-12 21:41:45
A12: 400051 | B12: India Gate Daily Premium Basmati Rice (Long Grain) | C12: India Gate Everyday Dubar Pure Basmati Rice | D12: In Stock | E12: Yes | F12: Atta, Rice & Dal | G12: Rice | H12: https://www.amazon.in/dp/B0BBF1FT93 | I12: 395 | J12: 515 | K12: 5 kg | L12: Amazon Retail QCom | M12: B0BBF1FT93 | N12: 15n9g3 | O12: 5000 | P12: g | Q12: 400051 | R12: https://www.amazon.in/dp/B0BBF1FT93 | S12: 2026-09-12 21:41:45
A13: 400051 | B13: Tata Sampann Unpolished Chana Dal | C13: Tata Sampann Chana Dal (Split) | D13: In Stock | E13: Yes | F13: Atta, Rice & Dal | G13: Toor, Urad & Chana | H13: https://www.amazon.in/dp/B077X8G5DK | I13: 64 | J13: 81 | K13: 500 g | L13: Amazon Retail QCom | M13: B077X8G5DK | N13: 15n9g3 | O13: 500 | P13: g | Q13: 400051 | R13: https://www.amazon.in/dp/B077X8G5DK | S13: 2026-09-12 21:41:45
A14: 400051 | B14: Tata Sampann Unpolished Toor Dal | C14: Vedaka Toor Dal (Split) | D14: In Stock | E14: Yes | F14: Atta, Rice & Dal | G14: Toor, Urad & Chana | H14: https://www.amazon.in/dp/B0BSWQXJDL | I14: 306 | J14: 575 | K14: 2 kg | L14: Amazon Retail QCom | M14: B0BSWQXJDL | N14: 15n9g3 | O14: 2000 | P14: g | Q14: 400051 | R14: https://www.amazon.in/dp/B0BSWQXJDL | S14: 2026-09-12 21:41:45
A15: 400051 | B15: Nestle Cerelac Wheat Apple Baby Cereal (6 - 24 Months) | C15: Cerelac Baby Cereal with Milk | D15: In Stock | E15: Yes | F15: Baby Care | G15: Baby Food | H15: https://www.amazon.in/dp/B00I4SYXIK | I15: 280 | K15: 350 g | L15: Amazon Retail QCom | M15: B00I4SYXIK | N15: 15n9g3 | O15: 350 | P15: g | Q15: 400051 | R15: https://www.amazon.in/dp/B00I4SYXIK | S15: 2026-09-12 21:41:45
A16: 400051 | B16: Himalaya Gentle Baby Wipes | D16: Not Available | F16: Baby Care | G16: Baby Wipes | H16: https://www.amazon.in/dp/B0GYPN214D
A17: 400051 | B17: Johnson's Baby Soap | D17: Not Available | F17: Baby Care | G17: Bathing Needs | H17: https://www.amazon.in/dp/B06XY98VPT
A18: 400051 | B18: Pampers Happy Sleep Pant Style Baby Diaper (M) | C18: Pampers Happy Sleep Pant Style Baby Diapers - M | D18: In Stock | E18: Yes | F18: Baby Care | G18: Diapers & More | H18: https://www.amazon.in/dp/B0DSGHM8JW | I18: 476 | J18: 609 | K18: M, 48 Pcs | L18: RK World Infocom Pvt Ltd QCom | M18: B0DSGHM8JW | N18: 15n9g3 | Q18: 400051 | R18: https://www.amazon.in/dp/B0DSGHM8JW | S18: 2026-09-12 21:41:45
A19: 400051 | B19: Johnson's Baby Lotion | C19: Johnson's Baby Lotion | D19: In Stock | E19: Yes | F19: Baby Care | G19: Skin & Hair Care | H19: https://www.amazon.in/dp/B07FHHCR44 | I19: 192 | J19: 220 | K19: 200 ml | L19: RK World Infocom Pvt Ltd QCom | M19: B07FHHCR44 | N19: 15n9g3 | O19: 200 | P19: ml | Q19: 400051 | R19: https://www.amazon.in/dp/B07FHHCR44 | S19: 2026-09-12 21:41:45
A20: 400051 | B20: Weikfield Double Action Baking Powder | D20: Not Available | F20: Bakery & Biscuits | G20: Baking Ingredients | H20: https://www.amazon.in/dp/B004KFHIBK
A21: 400051 | B21: Lotte Choco Pie | D21: Not Available | F21: Bakery & Biscuits | G21: Cakes & Rolls | H21: https://www.amazon.in/dp/B019RL0C4Q
A22: 400051 | B22: Britannia Original Bourbon Creme Biscuit | C22: Cadbury Bournvita Biscuits | D22: In Stock | E22: Yes | F22: Bakery & Biscuits | G22: Cookies | H22: https://www.amazon.in/dp/B07FR2GVVK | I22: 29 | J22: 30 | K22: 111.6 g | L22: Amazon Retail QCom | M22: B07FR2GVVK | N22: 15n9g3 | O22: 111.6 | P22: g | Q22: 400051 | R22: https://www.amazon.in/dp/B07FR2GVVK | S22: 2026-09-12 21:41:47
A23: 400051 | B23: Britannia Good Day Cashew Biscuit | C23: Britannia Good Day Cashew Cookies | D23: In Stock | E23: Yes | F23: Bakery & Biscuits | G23: Cookies | H23: https://www.amazon.in/dp/B01M1RKTRK | I23: 82 | J23: 130 | K23: 526 g | L23: Amazon Retail QCom | M23: B01M1RKTRK | N23: 15n9g3 | O23: 526 | P23: g | Q23: 400051 | R23: https://www.amazon.in/dp/B01M1RKTRK | S23: 2026-09-12 21:41:47
A24: 400051 | B24: Malkist Cheese Flavoured Cracker Biscuit - Family Pack | D24: Not Available | F24: Bakery & Biscuits | G24: Cream Biscuits | H24: https://www.amazon.in/dp/B0F2G8Q5SX
A25: 400051 | B25: Britannia Marie Gold Marie Biscuits (208 g) | C25: Britannia Marie Gold Biscuits | D25: In Stock | E25: Yes | F25: Bakery & Biscuits | G25: Glucose & Marie | H25: https://www.amazon.in/dp/B00S9BSEB4 | I25: 40 | K25: 250 g | L25: Amazon Retail QCom | M25: B00S9BSEB4 | N25: 15n9g3 | O25: 250 | P25: g | Q25: 400051 | R25: https://www.amazon.in/dp/B00S9BSEB4 | S25: 2026-09-12 21:41:47
A26: 400051 | B26: Britannia NutriChoice Digestive High Fibre Biscuit - 250 g Family Pack | C26: Britannia Nutrichoice 5 Grain Digestive Biscuits | D26: In Stock | E26: Yes | F26: Bakery & Biscuits | G26: Healthy & Digestive | H26: https://www.amazon.in/dp/B00RGE4OUA | I26: 61 | J26: 65 | K26: 200 g | L26: Amazon Retail QCom | M26: B00RGE4OUA | N26: 15n9g3 | O26: 200 | P26: g | Q26: 400051 | R26: https://www.amazon.in/dp/B00RGE4OUA | S26: 2026-09-12 21:41:47
A27: 400051 | B27: McVitie's Digestive High Fibre Biscuit | D27: Not Available | F27: Bakery & Biscuits | G27: Healthy & Digestive | H27: https://www.amazon.in/dp/B0H5QXXHLP
A28: 400051 | B28: Nivea Nourishing Body Lotion | D28: Not Available | F28: Beauty & Cosmetics | G28: Body & Skin Care | H28: https://www.amazon.in/dp/B099NNW9LL
A29: 400051 | B29: Maybelline New York Colossal Kajal (Deep Black) | C29: Maybelline The Colossal Kajal | D29: In Stock | E29: Yes | F29: Beauty & Cosmetics | G29: Eye Makeup | H29: https://www.amazon.in/dp/B06WGZP21B | I29: 162 | J29: 220 | K29: 0.35 g | L29: RK World Infocom Pvt Ltd QCom | M29: B06WGZP21B | N29: 15n9g3 | O29: 0.35 | P29: g | Q29: 400051 | R29: https://www.amazon.in/dp/B06WGZP21B | S29: 2026-09-12 21:41:47
A30: 400051 | B30: Pond's Bright Beauty Serum Skin Treatment Cream 34 g | D30: Not Available | F30: Beauty & Cosmetics | G30: Face Care | H30: https://www.amazon.in/dp/B077ND8562
A31: 400051 | B31: Lakme Forever Matte Compact (Pearl) | C31: Lakme Forever Matte Compact | D31: In Stock | E31: Yes | F31: Beauty & Cosmetics | G31: Face Cosmetics | H31: https://www.amazon.in/dp/B09C3Q2YFX | I31: 172 | J31: 245 | K31: 9 g | L31: RK World Infocom Pvt Ltd QCom | M31: B09C3Q2YFX | N31: 15n9g3 | O31: 9 | P31: g | Q31: 400051 | R31: https://www.amazon.in/dp/B09C3Q2YFX | S31: 2026-09-12 21:41:47
A32: 400051 | B32: Livon Anti-Frizz Hair Serum | C32: Livon Go Frizz Free Anti-Frizz Serum | D32: In Stock | E32: Yes | F32: Beauty & Cosmetics | G32: Hair Styling & Treatment | H32: https://www.amazon.in/dp/B00CBRIKIE | I32: 139 | J32: 180 | K32: 50 ml | L32: RK World Infocom Pvt Ltd QCom | M32: B00CBRIKIE | N32: 15n9g3 | O32: 50 | P32: ml | Q32: 400051 | R32: https://www.amazon.in/dp/B00CBRIKIE | S32: 2026-09-12 21:41:47
A33: 400051 | B33: Nivea Essential Care Lip Balm | C33: Nivea Original Care Lip Balm | D33: In Stock | E33: Yes | F33: Beauty & Cosmetics | G33: Lip & Eye Care | H33: https://www.amazon.in/dp/B007E9JC7W | I33: 137 | J33: 175 | K33: 4.8 g | L33: RK World Infocom Pvt Ltd QCom | M33: B007E9JC7W | N33: 15n9g3 | O33: 4.8 | P33: g | Q33: 400051 | R33: https://www.amazon.in/dp/B007E9JC7W | S33: 2026-09-12 21:41:47
A34: 400051 | B34: Lakme 9To5 Hya Matte Lipstick (Workday Rose) | D34: Not Available | F34: Beauty & Cosmetics | G34: Lip Cosmetics | H34: https://www.amazon.in/dp/B0DWH87545
A35: 400051 | B35: Lakme Nail Paint Remover | D35: Out of Stock | E35: Yes | F35: Beauty & Cosmetics | G35: Nail Cosmetics | H35: https://www.amazon.in/dp/B006LXBF0E | M35: B006LXBF0E | Q35: 400051 | R35: https://www.amazon.in/dp/B006LXBF0E | S35: 2026-09-12 21:41:47
A36: 400051 | B36: Licious Chicken Curry Cut (Small Pieces) | D36: Not Available | F36: Chicken, Meat & Fish | G36: Fresh Meat | H36: https://www.amazon.in/dp/B0BTYJ58W1
A37: 400051 | B37: Surf Excel Easy Wash Detergent Powder | D37: Out of Stock | E37: Yes | F37: Cleaning Essentials | G37: Detergent Powder & Bars | H37: https://www.amazon.in/dp/B01ITJ6642 | M37: B01ITJ6642 | Q37: 400051 | R37: https://www.amazon.in/dp/B01ITJ6642 | S37: 2026-09-12 21:41:47
A38: 400051 | B38: Scotch Brite Scrub Pad | D38: Not Available | F38: Cleaning Essentials | G38: Dishwashing Accessories | H38: https://www.amazon.in/dp/B07H4YJLP4
A39: 400051 | B39: Vim Lemon Dishwash Bar (300 g) | C39: Vim Dishwash Bar Tub | D39: In Stock | E39: Yes | F39: Cleaning Essentials | G39: Dishwashing Bars & Tubs | H39: https://www.amazon.in/dp/B00U2DVHD4 | I39: 55 | K39: 500 g | L39: RK World Infocom Pvt Ltd QCom | M39: B00U2DVHD4 | N39: 15n9g3 | O39: 500 | P39: g | Q39: 400051 | R39: https://www.amazon.in/dp/B00U2DVHD4 | S39: 2026-09-12 21:41:47
A40: 400051 | B40: Vim Lemon Dishwash Gel | C40: Vim Dishwash Liquid Gel | D40: In Stock | E40: Yes | F40: Cleaning Essentials | G40: Dishwashing Gels & Tablets | H40: https://www.amazon.in/dp/B00M99II36 | I40: 189 | J40: 199 | K40: 750 ml | L40: RK World Infocom Pvt Ltd QCom | M40: B00M99II36 | N40: 15n9g3 | O40: 750 | P40: ml | Q40: 400051 | R40: https://www.amazon.in/dp/B00M99II36 | S40: 2026-09-12 21:41:47
A41: 400051 | B41: Comfort After Wash Fabric Conditioner (Lily Fresh) | C41: Comfort Lily Fresh Fabric Conditioner | D41: In Stock | E41: Yes | F41: Cleaning Essentials | G41: Fabric Conditioner & Additives | H41: https://www.amazon.in/dp/B074NCW9PD | I41: 199 | J41: 245 | K41: 860 ml | L41: RK World Infocom Pvt Ltd QCom | M41: B074NCW9PD | N41: 15n9g3 | O41: 860 | P41: ml | Q41: 400051 | R41: https://www.amazon.in/dp/B074NCW9PD | S41: 2026-09-12 21:41:47
A42: 400051 | B42: Lizol Disinfectant Surface & Floor Cleaner (Citrus) 2 l | D42: Out of Stock | E42: Yes | F42: Cleaning Essentials | G42: Floor & Surface Cleaners | H42: https://www.amazon.in/dp/B08CPRYLK4 | M42: B08CPRYLK4 | Q42: 400051 | R42: https://www.amazon.in/dp/B08CPRYLK4 | S42: 2026-09-12 21:41:48
A43: 400051 | B43: Surf Excel Matic Top Load Liquid Detergent | C43: Surf Excel Matic Top Load Liquid Detergent | D43: In Stock | E43: Yes | F43: Cleaning Essentials | G43: Liquid Detergents | H43: https://www.amazon.in/dp/B072QRVVDS | I43: 235 | K43: 1 L | L43: RK World Infocom Pvt Ltd QCom | M43: B072QRVVDS | N43: 15n9g3 | O43: 1000 | P43: ml | Q43: 400051 | R43: https://www.amazon.in/dp/B072QRVVDS | S43: 2026-09-12 21:41:48
A44: 400051 | B44: Harpic Disinfectant Liquid Toilet Cleaner - (Original) | C44: Harpic Power Plus Toilet Cleaner | D44: In Stock | E44: Yes | F44: Cleaning Essentials | G44: Toilet & Bathroom Cleaners | H44: https://www.amazon.in/dp/B016D3J92M | I44: 397 | J44: 470 | K44: Pack of 2, 1 L Each | L44: RK World Infocom Pvt Ltd QCom | M44: B016D3J92M | N44: 15n9g3 | Q44: 400051 | R44: https://www.amazon.in/dp/B016D3J92M | S44: 2026-09-12 21:41:48
A45: 400051 | B45: Storia Tender Concentrate Coconut Water - No Added Sugar | C45: Storia Tender Coconut Water Pet Bottle | D45: In Stock | E45: Yes | F45: Cold Drinks & Juices | G45: Coconut Water | H45: https://www.amazon.in/dp/B08753WZ51 | I45: 208 | J45: 360 | K45: Pack of 6, 200 ml Each | L45: Amazon Retail QCom | M45: B08753WZ51 | N45: 15n9g3 | Q45: 400051 | R45: https://www.amazon.in/dp/B08753WZ51 | S45: 2026-09-12 21:41:48
A46: 400051 | B46: Lipton Lemon Iced Tea | D46: Not Available | F46: Cold Drinks & Juices | G46: Cold Coffee & Ice Tea | H46: https://www.amazon.in/dp/B0CYX8SKVQ
A47: 400051 | B47: Nescafe Ready to Drink Cold Coffee, Iced Latte | D47: Not Available | F47: Cold Drinks & Juices | G47: Cold Coffee & Ice Tea | H47: https://www.amazon.in/dp/B0DSC9JQCG
A48: 400051 | B48: Hamdard Rooh Afza Rose Sharbat | D48: Not Available | F48: Cold Drinks & Juices | G48: Concentrates & Syrups | H48: https://www.amazon.in/dp/B06ZZMFB59
A49: 400051 | B49: Red Bull Energy Drink | D49: Not Available | F49: Cold Drinks & Juices | G49: Energy Drinks | H49: https://www.amazon.in/dp/B015T25C6K
A50: 400051 | B50: Real Activ Fibre+ Multi Fruit Juice | C50: Dabur Real Activ Mixed Fruit Juice | D50: In Stock | E50: Yes | F50: Cold Drinks & Juices | G50: Fruit Juice | H50: https://www.amazon.in/dp/B0140TF93E | I50: 140.8 | J50: 160 | K50: 1 L | L50: RK World Infocom Pvt Ltd QCom | M50: B0140TF93E | N50: 15n9g3 | O50: 1000 | P50: ml | Q50: 400051 | R50: https://www.amazon.in/dp/B0140TF93E | S50: 2026-09-12 21:41:48
A51: 400051 | B51: Frooti Mango Drink | C51: Slice Mango Drink | D51: In Stock | E51: Yes | F51: Cold Drinks & Juices | G51: Mango Drinks | H51: https://www.amazon.in/dp/B0140Q6M3S | I51: 70 | K51: 1.2 L | L51: Amazon Retail QCom | M51: B0140Q6M3S | N51: 15n9g3 | O51: 1200 | P51: ml | Q51: 400051 | R51: https://www.amazon.in/dp/B0140Q6M3S | S51: 2026-09-12 21:41:48
A52: 400051 | B52: Real Activ Apple Juice | C52: Dabur Real Activ Apple Fruit Juice Tetra Pack | D52: In Stock | E52: Yes | F52: Cold Drinks & Juices | G52: Pure Juices | H52: https://www.amazon.in/dp/B013P5V00K | I52: 128 | J52: 160 | K52: 1 L | L52: RK World Infocom Pvt Ltd QCom | M52: B013P5V00K | N52: 15n9g3 | O52: 1000 | P52: ml | Q52: 400051 | R52: https://www.amazon.in/dp/B013P5V00K | S52: 2026-09-12 21:41:48
A53: 400051 | B53: Kinley Strong Soda Water | D53: Not Available | F53: Cold Drinks & Juices | G53: Soda & Mixers | H53: https://www.amazon.in/dp/B079GX9DDF
A54: 400051 | B54: Schweppes Indian Tonic Water | C54: Schweppes Indian Tonic Water | D54: In Stock | E54: Yes | F54: Cold Drinks & Juices | G54: Soda & Mixers | H54: https://www.amazon.in/dp/B079H8QCDM | I54: 59 | J54: 60 | K54: 300 ml | L54: Amazon Retail QCom | M54: B079H8QCDM | N54: 15n9g3 | O54: 300 | P54: ml | Q54: 400051 | R54: https://www.amazon.in/dp/B079H8QCDM | S54: 2026-09-12 21:41:48
A55: 400051 | B55: Coca-Cola Cola Soft Drink | D55: Out of Stock | E55: Yes | F55: Cold Drinks & Juices | G55: Soft Drinks | H55: https://www.amazon.in/dp/B08L4LPCZ8 | M55: B08L4LPCZ8 | Q55: 400051 | R55: https://www.amazon.in/dp/B08L4LPCZ8 | S55: 2026-09-12 21:41:48
A56: 400051 | B56: Pepsi Cola Soft Drink (2.25 l) | C56: Pepsi Soft Drink | D56: In Stock | E56: Yes | F56: Cold Drinks & Juices | G56: Soft Drinks | H56: https://www.amazon.in/dp/B0140Q6HGA | I56: 85 | J56: 100 | K56: 2.25 L | L56: Amazon Retail QCom | M56: B0140Q6HGA | N56: 15n9g3 | O56: 2250 | P56: ml | Q56: 400051 | R56: https://www.amazon.in/dp/B0140Q6HGA | S56: 2026-09-12 21:41:48
A57: 400051 | B57: Bisleri Packaged Water (1 l) | C57: Bisleri Vedica Mineral Water Bottle | D57: In Stock | E57: Yes | F57: Cold Drinks & Juices | G57: Water & Ice Cubes | H57: https://www.amazon.in/dp/B0DH2LZ9W9 | I57: 60 | K57: 1 L | L57: Amazon Retail QCom | M57: B0DH2LZ9W9 | N57: 15n9g3 | O57: 1000 | P57: ml | Q57: 400051 | R57: https://www.amazon.in/dp/B0DH2LZ9W9 | S57: 2026-09-12 21:41:48
A58: 400051 | B58: iD Idli & Dosa Batter - 1 kg | C58: iD Fresh Idly & Dosa Batter | D58: In Stock | E58: Yes | F58: Dairy & Breakfast | G58: Batter | H58: https://www.amazon.in/dp/B01468O5AW | I58: 105 | K58: 1 kg | L58: Amazon Retail QCom | M58: B01468O5AW | N58: 15n9g3 | O58: 1000 | P58: g | Q58: 400051 | R58: https://www.amazon.in/dp/B01468O5AW | S58: 2026-09-12 21:41:48
A59: 400051 | B59: Britannia 100% Whole Wheat Bread (No Maida) | D59: Not Available | F59: Dairy & Breakfast | G59: Bread & Pav | H59: https://www.amazon.in/dp/B0B1D733ZV
A60: 400051 | B60: Britannia Pav | C60: Britannia Marie Gold Biscuits | D60: In Stock | E60: Yes | F60: Dairy & Breakfast | G60: Bread & Pav | H60: https://www.amazon.in/dp/B00S9BSEB4 | I60: 40 | K60: 250 g | L60: Amazon Retail QCom | M60: B00S9BSEB4 | N60: 15n9g3 | O60: 250 | P60: g | Q60: 400051 | R60: https://www.amazon.in/dp/B00S9BSEB4 | S60: 2026-09-12 21:41:48
A61: 400051 | B61: The Health Factory Zero Maida Atta Bread (Wheat Bread) | C61: The Baker's Dozen Butter Garlic Toast | D61: In Stock | E61: Yes | F61: Dairy & Breakfast | G61: Bread & Pav | H61: https://www.amazon.in/dp/B0BZZFR7WB | I61: 74 | J61: 119 | K61: 90g | L61: Amazon Retail QCom | M61: B0BZZFR7WB | N61: 15n9g3 | O61: 90 | P61: g | Q61: 400051 | R61: https://www.amazon.in/dp/B0BZZFR7WB | S61: 2026-09-12 21:41:48
A62: 400051 | B62: Amul Salted Butter | C62: Amul Salted Pasteurised Butter | D62: In Stock | E62: Yes | F62: Dairy & Breakfast | G62: Butter & More | H62: https://www.amazon.in/dp/B01IBTCZNG | I62: 62 | J62: 63 | K62: 100 g | L62: Amazon Retail QCom | M62: B01IBTCZNG | N62: 15n9g3 | O62: 100 | P62: g | Q62: 400051 | R62: https://www.amazon.in/dp/B01IBTCZNG | S62: 2026-09-12 21:41:49
A63: 400051 | B63: Amul Cheese Cubes | C63: Amul Pure Milk Cheese Cubes | D63: In Stock | E63: Yes | F63: Dairy & Breakfast | G63: Cheese | H63: https://www.amazon.in/dp/B018E0GO9S | I63: 132 | J63: 135 | K63: 200 g | L63: Amazon Retail QCom | M63: B018E0GO9S | N63: 15n9g3 | O63: 200 | P63: g | Q63: 400051 | R63: https://www.amazon.in/dp/B018E0GO9S | S63: 2026-09-12 21:41:49
A64: 400051 | B64: Amul Cheese Slices | C64: Amul A+ Cheese Slices | D64: In Stock | E64: Yes | F64: Dairy & Breakfast | G64: Cheese | H64: https://www.amazon.in/dp/B00NNMKV4C | I64: 114 | J64: 170 | K64: 200 g | L64: Amazon Retail QCom | M64: B00NNMKV4C | N64: 15n9g3 | O64: 200 | P64: g | Q64: 400051 | R64: https://www.amazon.in/dp/B00NNMKV4C | S64: 2026-09-12 21:41:49
A65: 400051 | B65: Amul Fresh Cream | C65: Amul Whipping Cream | D65: In Stock | E65: Yes | F65: Dairy & Breakfast | G65: Cream & Whitener | H65: https://www.amazon.in/dp/B07KJBJL3P | I65: 100 | K65: 250 ml | L65: Amazon Retail QCom | M65: B07KJBJL3P | N65: 15n9g3 | O65: 250 | P65: ml | Q65: 400051 | R65: https://www.amazon.in/dp/B07KJBJL3P | S65: 2026-09-12 21:41:49
A66: 400051 | B66: Amul Masti Set Cup Curd Tub | D66: Not Available | F66: Dairy & Breakfast | G66: Curd & Yogurt | H66: https://www.amazon.in/dp/B0DNK8XLVY
A67: 400051 | B67: Epigamia Alphonso Mango Flavoured Yogurt | D67: Not Available | F67: Dairy & Breakfast | G67: Curd & Yogurt | H67: https://www.amazon.in/dp/B0DW8P44H2
A68: 400051 | B68: Licious Farm Fresh Classic White Protein Rich Eggs | D68: Not Available | F68: Dairy & Breakfast | G68: Eggs | H68: https://www.amazon.in/dp/B07GSG6B9M
A69: 400051 | B69: Kellogg's Corn Flakes Original | C69: Kellogg's Original Corn Flakes | D69: In Stock | E69: Yes | F69: Dairy & Breakfast | G69: Flakes & Kids Cereals | H69: https://www.amazon.in/dp/B00TIMOXFO | I69: 175 | J69: 195 | K69: 475 g | L69: Amazon Retail QCom | M69: B00TIMOXFO | N69: 15n9g3 | O69: 475 | P69: g | Q69: 400051 | R69: https://www.amazon.in/dp/B00TIMOXFO | S69: 2026-09-12 21:41:49
A70: 400051 | B70: Dabur Honey Squeezy | C70: Dabur Honey Squeezy Pack | D70: In Stock | E70: Yes | F70: Dairy & Breakfast | G70: Honey & Chyawanprash | H70: https://www.amazon.in/dp/B07J57J784 | I70: 168 | J70: 249 | K70: Pack of 2, 225g Each | L70: Amazon Retail QCom | M70: B07J57J784 | N70: 15n9g3 | Q70: 400051 | R70: https://www.amazon.in/dp/B07J57J784 | S70: 2026-09-12 21:41:49
A71: 400051 | B71: Amul Sweet Lassi | C71: Amul Lassi Tetra Pack | D71: In Stock | E71: Yes | F71: Dairy & Breakfast | G71: Lassi, Shakes & More | H71: https://www.amazon.in/dp/B00O8X3O9E | I71: 20 | K71: 200 ml | L71: Amazon Retail QCom | M71: B00O8X3O9E | N71: 15n9g3 | O71: 200 | P71: ml | Q71: 400051 | R71: https://www.amazon.in/dp/B00O8X3O9E | S71: 2026-09-12 21:41:49
A72: 400051 | B72: Amul Cow Milk | C72: Amul Taaza Homogenized Toned Milk | D72: In Stock | E72: Yes | F72: Dairy & Breakfast | G72: Milk | H72: https://www.amazon.in/dp/B018VFFZSC | I72: 40 | K72: 500 ml | L72: Amazon Retail QCom | M72: B018VFFZSC | N72: 15n9g3 | O72: 500 | P72: ml | Q72: 400051 | R72: https://www.amazon.in/dp/B018VFFZSC | S72: 2026-09-12 21:41:49
A73: 400051 | B73: Amul Taaza Toned Milk | C73: Amul Taaza Homogenized Toned Milk | D73: In Stock | E73: Yes | F73: Dairy & Breakfast | G73: Milk | H73: https://www.amazon.in/dp/B018VFFZSC | I73: 40 | K73: 500 ml | L73: Amazon Retail QCom | M73: B018VFFZSC | N73: 15n9g3 | O73: 500 | P73: ml | Q73: 400051 | R73: https://www.amazon.in/dp/B018VFFZSC | S73: 2026-09-12 21:41:49
A74: 400051 | B74: Kellogg's Fruit, Nut & Seeds Muesli | D74: Not Available | F74: Dairy & Breakfast | G74: Muesli & Granola | H74: https://www.amazon.in/dp/B083JMHX1D
A75: 400051 | B75: Quaker Rolled Instant Oats | C75: Quaker Rolled Oats | D75: In Stock | E75: Yes | F75: Dairy & Breakfast | G75: Oats | H75: https://www.amazon.in/dp/B00O7XQPN2 | I75: 86 | K75: 400 g | L75: Amazon Retail QCom | M75: B00O7XQPN2 | N75: 15n9g3 | O75: 400 | P75: g | Q75: 400051 | R75: https://www.amazon.in/dp/B00O7XQPN2 | S75: 2026-09-12 21:41:49
A76: 400051 | B76: Amul Fresh Malai Paneer | C76: Amul Fresh Paneer | D76: In Stock | E76: Yes | F76: Dairy & Breakfast | G76: Paneer & Tofu | H76: https://www.amazon.in/dp/B078KT9RB1 | I76: 95 | K76: 200 g | L76: Amazon Retail QCom | M76: B078KT9RB1 | N76: 15n9g3 | O76: 200 | P76: g | Q76: 400051 | R76: https://www.amazon.in/dp/B078KT9RB1 | S76: 2026-09-12 21:41:49
A77: 400051 | B77: Tata Sampann Thin Poha | C77: Tata Sampann Poha | D77: In Stock | E77: Yes | F77: Dairy & Breakfast | G77: Poha, Daliya & Other Grains | H77: https://www.amazon.in/dp/B07V3CM9L8 | I77: 51 | J77: 57 | K77: 500 g | L77: Amazon Retail QCom | M77: B07V3CM9L8 | N77: 15n9g3 | O77: 500 | P77: g | Q77: 400051 | R77: https://www.amazon.in/dp/B07V3CM9L8 | S77: 2026-09-12 21:41:49
A78: 400051 | B78: MTR Roasted Vermicelli | C78: MTR Any Time Seviyan Vermicelli | D78: In Stock | E78: Yes | F78: Dairy & Breakfast | G78: Vermicelli | H78: https://www.amazon.in/dp/B01682ORDO | I78: 81 | J78: 95 | K78: 850 g | L78: Amazon Retail QCom | M78: B01682ORDO | N78: 15n9g3 | O78: 850 | P78: g | Q78: 400051 | R78: https://www.amazon.in/dp/B01682ORDO | S78: 2026-09-12 21:41:49
A79: 400051 | B79: Happilo Premium Natural Californian Almonds | D79: Not Available | F79: Dry Fruits, Masala & Oil | G79: Dry Fruits | H79: https://www.amazon.in/dp/B01LY6B08A
A80: 400051 | B80: Amul Pure Ghee | D80: Not Available | F80: Dry Fruits, Masala & Oil | G80: Ghee & Vanaspati | H80: https://www.amazon.in/dp/B00TFEIXLA
A81: 400051 | B81: Sundrop Refined Sunflower Oil | D81: Not Available | F81: Dry Fruits, Masala & Oil | G81: Oil | H81: https://www.amazon.in/dp/B0GDQT3NNV
