Workbook

Sheet Summary
A1: FK_Minutes — In Stock % by run
A2: In Stock / (In Stock + Out of Stock). Excluded from both halves: rows with no reading, rows from a store marked Serviceable = No, and "Not Available" rows (the store does not carry the item — an assortment gap, not a stock-out). The 'Not carried' block below counts those.
A4: Pincode | B4: 2026-09-10 21:47 | C4: 2026-09-11 07:21 | D4: 2026-09-11 08:45 | E4: 2026-09-11 10:33 | F4: 2026-09-11 12:01 | G4: 2026-09-11 12:53 | H4: 2026-09-12 12:52 | I4: 2026-09-12 13:30 | J4: 2026-09-12 21:41 | K4: 2026-09-12 21:58 | L4: 2026-09-13 06:40 | M4: 2026-09-13 07:59 | N4: 2026-09-13 09:54 | O4: 2026-09-13 11:59 | P4: 2026-09-13 18:58 | Q4: 2026-09-14 08:51
A5: 110060 | B5: =IFERROR(SUMPRODUCT(('2026-09-10 2147'!$A$2:$A$309="110060")*('2026-09-10 2147'!$D$2:$D$309="In Stock")*('2026-09-10 2147'!$E$2:$E$309<>"No"))/SUMPRODUCT(('2026-09-10 2147'!$A$2:$A$309="110060")*(('2026-09-10 2147'!$D$2:$D$309="In Stock")+('2026-09-10 2147'!$D$2:$D$309="Out of Stock"))*('2026-09-10 2147'!$E$2:$E$309<>"No")),"") | C5: =IFERROR(SUMPRODUCT(('2026-09-11 0721'!$A$2:$A$309="110060")*('2026-09-11 0721'!$D$2:$D$309="In Stock")*('2026-09-11 0721'!$E$2:$E$309<>"No"))/SUMPRODUCT(('2026-09-11 0721'!$A$2:$A$309="110060")*(('2026-09-11 0721'!$D$2:$D$309="In Stock")+('2026-09-11 0721'!$D$2:$D$309="Out of Stock"))*('2026-09-11 0721'!$E$2:$E$309<>"No")),"") | D5: =IFERROR(SUMPRODUCT(('2026-09-11 0845'!$A$2:$A$309="110060")*('2026-09-11 0845'!$D$2:$D$309="In Stock")*('2026-09-11 0845'!$E$2:$E$309<>"No"))/SUMPRODUCT(('2026-09-11 0845'!$A$2:$A$309="110060")*(('2026-09-11 0845'!$D$2:$D$309="In Stock")+('2026-09-11 0845'!$D$2:$D$309="Out of Stock"))*('2026-09-11 0845'!$E$2:$E$309<>"No")),"") | E5: =IFERROR(SUMPRODUCT(('2026-09-11 1033'!$A$2:$A$155="110060")*('2026-09-11 1033'!$D$2:$D$155="In Stock")*('2026-09-11 1033'!$E$2:$E$155<>"No"))/SUMPRODUCT(('2026-09-11 1033'!$A$2:$A$155="110060")*(('2026-09-11 1033'!$D$2:$D$155="In Stock")+('2026-09-11 1033'!$D$2:$D$155="Out of Stock"))*('2026-09-11 1033'!$E$2:$E$155<>"No")),"") | F5: =IFERROR(SUMPRODUCT(('2026-09-11 1201'!$A$2:$A$155="110060")*('2026-09-11 1201'!$D$2:$D$155="In Stock")*('2026-09-11 1201'!$E$2:$E$155<>"No"))/SUMPRODUCT(('2026-09-11 1201'!$A$2:$A$155="110060")*(('2026-09-11 1201'!$D$2:$D$155="In Stock")+('2026-09-11 1201'!$D$2:$D$155="Out of Stock"))*('2026-09-11 1201'!$E$2:$E$155<>"No")),"") | G5: =IFERROR(SUMPRODUCT(('2026-09-11 1253'!$A$2:$A$155="110060")*('2026-09-11 1253'!$D$2:$D$155="In Stock")*('2026-09-11 1253'!$E$2:$E$155<>"No"))/SUMPRODUCT(('2026-09-11 1253'!$A$2:$A$155="110060")*(('2026-09-11 1253'!$D$2:$D$155="In Stock")+('2026-09-11 1253'!$D$2:$D$155="Out of Stock"))*('2026-09-11 1253'!$E$2:$E$155<>"No")),"") | H5: =IFERROR(SUMPRODUCT(('2026-09-12 1252'!$A$2:$A$155="110060")*('2026-09-12 1252'!$D$2:$D$155="In Stock")*('2026-09-12 1252'!$E$2:$E$155<>"No"))/SUMPRODUCT(('2026-09-12 1252'!$A$2:$A$155="110060")*(('2026-09-12 1252'!$D$2:$D$155="In Stock")+('2026-09-12 1252'!$D$2:$D$155="Out of Stock"))*('2026-09-12 1252'!$E$2:$E$155<>"No")),"") | I5: =IFERROR(SUMPRODUCT(('2026-09-12 1330'!$A$2:$A$155="110060")*('2026-09-12 1330'!$D$2:$D$155="In Stock")*('2026-09-12 1330'!$E$2:$E$155<>"No"))/SUMPRODUCT(('2026-09-12 1330'!$A$2:$A$155="110060")*(('2026-09-12 1330'!$D$2:$D$155="In Stock")+('2026-09-12 1330'!$D$2:$D$155="Out of Stock"))*('2026-09-12 1330'!$E$2:$E$155<>"No")),"") | J5: =IFERROR(SUMPRODUCT(('2026-09-12 2141'!$A$2:$A$155="110060")*('2026-09-12 2141'!$D$2:$D$155="In Stock")*('2026-09-12 2141'!$E$2:$E$155<>"No"))/SUMPRODUCT(('2026-09-12 2141'!$A$2:$A$155="110060")*(('2026-09-12 2141'!$D$2:$D$155="In Stock")+('2026-09-12 2141'!$D$2:$D$155="Out of Stock"))*('2026-09-12 2141'!$E$2:$E$155<>"No")),"") | K5: =IFERROR(SUMPRODUCT(('2026-09-12 2158'!$A$2:$A$155="110060")*('2026-09-12 2158'!$D$2:$D$155="In Stock")*('2026-09-12 2158'!$E$2:$E$155<>"No"))/SUMPRODUCT(('2026-09-12 2158'!$A$2:$A$155="110060")*(('2026-09-12 2158'!$D$2:$D$155="In Stock")+('2026-09-12 2158'!$D$2:$D$155="Out of Stock"))*('2026-09-12 2158'!$E$2:$E$155<>"No")),"") | L5: =IFERROR(SUMPRODUCT(('2026-09-13 0640'!$A$2:$A$309="110060")*('2026-09-13 0640'!$D$2:$D$309="In Stock")*('2026-09-13 0640'!$E$2:$E$309<>"No"))/SUMPRODUCT(('2026-09-13 0640'!$A$2:$A$309="110060")*(('2026-09-13 0640'!$D$2:$D$309="In Stock")+('2026-09-13 0640'!$D$2:$D$309="Out of Stock"))*('2026-09-13 0640'!$E$2:$E$309<>"No")),"") | M5: =IFERROR(SUMPRODUCT(('2026-09-13 0759'!$A$2:$A$463="110060")*('2026-09-13 0759'!$D$2:$D$463="In Stock")*('2026-09-13 0759'!$E$2:$E$463<>"No"))/SUMPRODUCT(('2026-09-13 0759'!$A$2:$A$463="110060")*(('2026-09-13 0759'!$D$2:$D$463="In Stock")+('2026-09-13 0759'!$D$2:$D$463="Out of Stock"))*('2026-09-13 0759'!$E$2:$E$463<>"No")),"") | N5: =IFERROR(SUMPRODUCT(('2026-09-13 0954'!$A$2:$A$463="110060")*('2026-09-13 0954'!$D$2:$D$463="In Stock")*('2026-09-13 0954'!$E$2:$E$463<>"No"))/SUMPRODUCT(('2026-09-13 0954'!$A$2:$A$463="110060")*(('2026-09-13 0954'!$D$2:$D$463="In Stock")+('2026-09-13 0954'!$D$2:$D$463="Out of Stock"))*('2026-09-13 0954'!$E$2:$E$463<>"No")),"") | O5: =IFERROR(SUMPRODUCT(('2026-09-13 1159'!$A$2:$A$463="110060")*('2026-09-13 1159'!$D$2:$D$463="In Stock")*('2026-09-13 1159'!$E$2:$E$463<>"No"))/SUMPRODUCT(('2026-09-13 1159'!$A$2:$A$463="110060")*(('2026-09-13 1159'!$D$2:$D$463="In Stock")+('2026-09-13 1159'!$D$2:$D$463="Out of Stock"))*('2026-09-13 1159'!$E$2:$E$463<>"No")),"") | P5: =IFERROR(SUMPRODUCT(('2026-09-13 1858'!$A$2:$A$463="110060")*('2026-09-13 1858'!$D$2:$D$463="In Stock")*('2026-09-13 1858'!$E$2:$E$463<>"No"))/SUMPRODUCT(('2026-09-13 1858'!$A$2:$A$463="110060")*(('2026-09-13 1858'!$D$2:$D$463="In Stock")+('2026-09-13 1858'!$D$2:$D$463="Out of Stock"))*('2026-09-13 1858'!$E$2:$E$463<>"No")),"") | Q5: =IFERROR(SUMPRODUCT(('2026-09-14 0851'!$A$2:$A$463="110060")*('2026-09-14 0851'!$D$2:$D$463="In Stock")*('2026-09-14 0851'!$E$2:$E$463<>"No"))/SUMPRODUCT(('2026-09-14 0851'!$A$2:$A$463="110060")*(('2026-09-14 0851'!$D$2:$D$463="In Stock")+('2026-09-14 0851'!$D$2:$D$463="Out of Stock"))*('2026-09-14 0851'!$E$2:$E$463<>"No")),"")
A6: 400051 | B6: =IFERROR(SUMPRODUCT(('2026-09-10 2147'!$A$2:$A$309="400051")*('2026-09-10 2147'!$D$2:$D$309="In Stock")*('2026-09-10 2147'!$E$2:$E$309<>"No"))/SUMPRODUCT(('2026-09-10 2147'!$A$2:$A$309="400051")*(('2026-09-10 2147'!$D$2:$D$309="In Stock")+('2026-09-10 2147'!$D$2:$D$309="Out of Stock"))*('2026-09-10 2147'!$E$2:$E$309<>"No")),"") | C6: =IFERROR(SUMPRODUCT(('2026-09-11 0721'!$A$2:$A$309="400051")*('2026-09-11 0721'!$D$2:$D$309="In Stock")*('2026-09-11 0721'!$E$2:$E$309<>"No"))/SUMPRODUCT(('2026-09-11 0721'!$A$2:$A$309="400051")*(('2026-09-11 0721'!$D$2:$D$309="In Stock")+('2026-09-11 0721'!$D$2:$D$309="Out of Stock"))*('2026-09-11 0721'!$E$2:$E$309<>"No")),"") | D6: =IFERROR(SUMPRODUCT(('2026-09-11 0845'!$A$2:$A$309="400051")*('2026-09-11 0845'!$D$2:$D$309="In Stock")*('2026-09-11 0845'!$E$2:$E$309<>"No"))/SUMPRODUCT(('2026-09-11 0845'!$A$2:$A$309="400051")*(('2026-09-11 0845'!$D$2:$D$309="In Stock")+('2026-09-11 0845'!$D$2:$D$309="Out of Stock"))*('2026-09-11 0845'!$E$2:$E$309<>"No")),"") | E6: =IFERROR(SUMPRODUCT(('2026-09-11 1033'!$A$2:$A$155="400051")*('2026-09-11 1033'!$D$2:$D$155="In Stock")*('2026-09-11 1033'!$E$2:$E$155<>"No"))/SUMPRODUCT(('2026-09-11 1033'!$A$2:$A$155="400051")*(('2026-09-11 1033'!$D$2:$D$155="In Stock")+('2026-09-11 1033'!$D$2:$D$155="Out of Stock"))*('2026-09-11 1033'!$E$2:$E$155<>"No")),"") | F6: =IFERROR(SUMPRODUCT(('2026-09-11 1201'!$A$2:$A$155="400051")*('2026-09-11 1201'!$D$2:$D$155="In Stock")*('2026-09-11 1201'!$E$2:$E$155<>"No"))/SUMPRODUCT(('2026-09-11 1201'!$A$2:$A$155="400051")*(('2026-09-11 1201'!$D$2:$D$155="In Stock")+('2026-09-11 1201'!$D$2:$D$155="Out of Stock"))*('2026-09-11 1201'!$E$2:$E$155<>"No")),"") | G6: =IFERROR(SUMPRODUCT(('2026-09-11 1253'!$A$2:$A$155="400051")*('2026-09-11 1253'!$D$2:$D$155="In Stock")*('2026-09-11 1253'!$E$2:$E$155<>"No"))/SUMPRODUCT(('2026-09-11 1253'!$A$2:$A$155="400051")*(('2026-09-11 1253'!$D$2:$D$155="In Stock")+('2026-09-11 1253'!$D$2:$D$155="Out of Stock"))*('2026-09-11 1253'!$E$2:$E$155<>"No")),"") | H6: =IFERROR(SUMPRODUCT(('2026-09-12 1252'!$A$2:$A$155="400051")*('2026-09-12 1252'!$D$2:$D$155="In Stock")*('2026-09-12 1252'!$E$2:$E$155<>"No"))/SUMPRODUCT(('2026-09-12 1252'!$A$2:$A$155="400051")*(('2026-09-12 1252'!$D$2:$D$155="In Stock")+('2026-09-12 1252'!$D$2:$D$155="Out of Stock"))*('2026-09-12 1252'!$E$2:$E$155<>"No")),"") | I6: =IFERROR(SUMPRODUCT(('2026-09-12 1330'!$A$2:$A$155="400051")*('2026-09-12 1330'!$D$2:$D$155="In Stock")*('2026-09-12 1330'!$E$2:$E$155<>"No"))/SUMPRODUCT(('2026-09-12 1330'!$A$2:$A$155="400051")*(('2026-09-12 1330'!$D$2:$D$155="In Stock")+('2026-09-12 1330'!$D$2:$D$155="Out of Stock"))*('2026-09-12 1330'!$E$2:$E$155<>"No")),"") | J6: =IFERROR(SUMPRODUCT(('2026-09-12 2141'!$A$2:$A$155="400051")*('2026-09-12 2141'!$D$2:$D$155="In Stock")*('2026-09-12 2141'!$E$2:$E$155<>"No"))/SUMPRODUCT(('2026-09-12 2141'!$A$2:$A$155="400051")*(('2026-09-12 2141'!$D$2:$D$155="In Stock")+('2026-09-12 2141'!$D$2:$D$155="Out of Stock"))*('2026-09-12 2141'!$E$2:$E$155<>"No")),"") | K6: =IFERROR(SUMPRODUCT(('2026-09-12 2158'!$A$2:$A$155="400051")*('2026-09-12 2158'!$D$2:$D$155="In Stock")*('2026-09-12 2158'!$E$2:$E$155<>"No"))/SUMPRODUCT(('2026-09-12 2158'!$A$2:$A$155="400051")*(('2026-09-12 2158'!$D$2:$D$155="In Stock")+('2026-09-12 2158'!$D$2:$D$155="Out of Stock"))*('2026-09-12 2158'!$E$2:$E$155<>"No")),"") | L6: =IFERROR(SUMPRODUCT(('2026-09-13 0640'!$A$2:$A$309="400051")*('2026-09-13 0640'!$D$2:$D$309="In Stock")*('2026-09-13 0640'!$E$2:$E$309<>"No"))/SUMPRODUCT(('2026-09-13 0640'!$A$2:$A$309="400051")*(('2026-09-13 0640'!$D$2:$D$309="In Stock")+('2026-09-13 0640'!$D$2:$D$309="Out of Stock"))*('2026-09-13 0640'!$E$2:$E$309<>"No")),"") | M6: =IFERROR(SUMPRODUCT(('2026-09-13 0759'!$A$2:$A$463="400051")*('2026-09-13 0759'!$D$2:$D$463="In Stock")*('2026-09-13 0759'!$E$2:$E$463<>"No"))/SUMPRODUCT(('2026-09-13 0759'!$A$2:$A$463="400051")*(('2026-09-13 0759'!$D$2:$D$463="In Stock")+('2026-09-13 0759'!$D$2:$D$463="Out of Stock"))*('2026-09-13 0759'!$E$2:$E$463<>"No")),"") | N6: =IFERROR(SUMPRODUCT(('2026-09-13 0954'!$A$2:$A$463="400051")*('2026-09-13 0954'!$D$2:$D$463="In Stock")*('2026-09-13 0954'!$E$2:$E$463<>"No"))/SUMPRODUCT(('2026-09-13 0954'!$A$2:$A$463="400051")*(('2026-09-13 0954'!$D$2:$D$463="In Stock")+('2026-09-13 0954'!$D$2:$D$463="Out of Stock"))*('2026-09-13 0954'!$E$2:$E$463<>"No")),"") | O6: =IFERROR(SUMPRODUCT(('2026-09-13 1159'!$A$2:$A$463="400051")*('2026-09-13 1159'!$D$2:$D$463="In Stock")*('2026-09-13 1159'!$E$2:$E$463<>"No"))/SUMPRODUCT(('2026-09-13 1159'!$A$2:$A$463="400051")*(('2026-09-13 1159'!$D$2:$D$463="In Stock")+('2026-09-13 1159'!$D$2:$D$463="Out of Stock"))*('2026-09-13 1159'!$E$2:$E$463<>"No")),"") | P6: =IFERROR(SUMPRODUCT(('2026-09-13 1858'!$A$2:$A$463="400051")*('2026-09-13 1858'!$D$2:$D$463="In Stock")*('2026-09-13 1858'!$E$2:$E$463<>"No"))/SUMPRODUCT(('2026-09-13 1858'!$A$2:$A$463="400051")*(('2026-09-13 1858'!$D$2:$D$463="In Stock")+('2026-09-13 1858'!$D$2:$D$463="Out of Stock"))*('2026-09-13 1858'!$E$2:$E$463<>"No")),"") | Q6: =IFERROR(SUMPRODUCT(('2026-09-14 0851'!$A$2:$A$463="400051")*('2026-09-14 0851'!$D$2:$D$463="In Stock")*('2026-09-14 0851'!$E$2:$E$463<>"No"))/SUMPRODUCT(('2026-09-14 0851'!$A$2:$A$463="400051")*(('2026-09-14 0851'!$D$2:$D$463="In Stock")+('2026-09-14 0851'!$D$2:$D$463="Out of Stock"))*('2026-09-14 0851'!$E$2:$E$463<>"No")),"")
A7: 560017 | B7: =IFERROR(SUMPRODUCT(('2026-09-10 2147'!$A$2:$A$309="560017")*('2026-09-10 2147'!$D$2:$D$309="In Stock")*('2026-09-10 2147'!$E$2:$E$309<>"No"))/SUMPRODUCT(('2026-09-10 2147'!$A$2:$A$309="560017")*(('2026-09-10 2147'!$D$2:$D$309="In Stock")+('2026-09-10 2147'!$D$2:$D$309="Out of Stock"))*('2026-09-10 2147'!$E$2:$E$309<>"No")),"") | C7: =IFERROR(SUMPRODUCT(('2026-09-11 0721'!$A$2:$A$309="560017")*('2026-09-11 0721'!$D$2:$D$309="In Stock")*('2026-09-11 0721'!$E$2:$E$309<>"No"))/SUMPRODUCT(('2026-09-11 0721'!$A$2:$A$309="560017")*(('2026-09-11 0721'!$D$2:$D$309="In Stock")+('2026-09-11 0721'!$D$2:$D$309="Out of Stock"))*('2026-09-11 0721'!$E$2:$E$309<>"No")),"") | D7: =IFERROR(SUMPRODUCT(('2026-09-11 0845'!$A$2:$A$309="560017")*('2026-09-11 0845'!$D$2:$D$309="In Stock")*('2026-09-11 0845'!$E$2:$E$309<>"No"))/SUMPRODUCT(('2026-09-11 0845'!$A$2:$A$309="560017")*(('2026-09-11 0845'!$D$2:$D$309="In Stock")+('2026-09-11 0845'!$D$2:$D$309="Out of Stock"))*('2026-09-11 0845'!$E$2:$E$309<>"No")),"") | E7: =IFERROR(SUMPRODUCT(('2026-09-11 1033'!$A$2:$A$155="560017")*('2026-09-11 1033'!$D$2:$D$155="In Stock")*('2026-09-11 1033'!$E$2:$E$155<>"No"))/SUMPRODUCT(('2026-09-11 1033'!$A$2:$A$155="560017")*(('2026-09-11 1033'!$D$2:$D$155="In Stock")+('2026-09-11 1033'!$D$2:$D$155="Out of Stock"))*('2026-09-11 1033'!$E$2:$E$155<>"No")),"") | F7: =IFERROR(SUMPRODUCT(('2026-09-11 1201'!$A$2:$A$155="560017")*('2026-09-11 1201'!$D$2:$D$155="In Stock")*('2026-09-11 1201'!$E$2:$E$155<>"No"))/SUMPRODUCT(('2026-09-11 1201'!$A$2:$A$155="560017")*(('2026-09-11 1201'!$D$2:$D$155="In Stock")+('2026-09-11 1201'!$D$2:$D$155="Out of Stock"))*('2026-09-11 1201'!$E$2:$E$155<>"No")),"") | G7: =IFERROR(SUMPRODUCT(('2026-09-11 1253'!$A$2:$A$155="560017")*('2026-09-11 1253'!$D$2:$D$155="In Stock")*('2026-09-11 1253'!$E$2:$E$155<>"No"))/SUMPRODUCT(('2026-09-11 1253'!$A$2:$A$155="560017")*(('2026-09-11 1253'!$D$2:$D$155="In Stock")+('2026-09-11 1253'!$D$2:$D$155="Out of Stock"))*('2026-09-11 1253'!$E$2:$E$155<>"No")),"") | H7: =IFERROR(SUMPRODUCT(('2026-09-12 1252'!$A$2:$A$155="560017")*('2026-09-12 1252'!$D$2:$D$155="In Stock")*('2026-09-12 1252'!$E$2:$E$155<>"No"))/SUMPRODUCT(('2026-09-12 1252'!$A$2:$A$155="560017")*(('2026-09-12 1252'!$D$2:$D$155="In Stock")+('2026-09-12 1252'!$D$2:$D$155="Out of Stock"))*('2026-09-12 1252'!$E$2:$E$155<>"No")),"") | I7: =IFERROR(SUMPRODUCT(('2026-09-12 1330'!$A$2:$A$155="560017")*('2026-09-12 1330'!$D$2:$D$155="In Stock")*('2026-09-12 1330'!$E$2:$E$155<>"No"))/SUMPRODUCT(('2026-09-12 1330'!$A$2:$A$155="560017")*(('2026-09-12 1330'!$D$2:$D$155="In Stock")+('2026-09-12 1330'!$D$2:$D$155="Out of Stock"))*('2026-09-12 1330'!$E$2:$E$155<>"No")),"") | J7: =IFERROR(SUMPRODUCT(('2026-09-12 2141'!$A$2:$A$155="560017")*('2026-09-12 2141'!$D$2:$D$155="In Stock")*('2026-09-12 2141'!$E$2:$E$155<>"No"))/SUMPRODUCT(('2026-09-12 2141'!$A$2:$A$155="560017")*(('2026-09-12 2141'!$D$2:$D$155="In Stock")+('2026-09-12 2141'!$D$2:$D$155="Out of Stock"))*('2026-09-12 2141'!$E$2:$E$155<>"No")),"") | K7: =IFERROR(SUMPRODUCT(('2026-09-12 2158'!$A$2:$A$155="560017")*('2026-09-12 2158'!$D$2:$D$155="In Stock")*('2026-09-12 2158'!$E$2:$E$155<>"No"))/SUMPRODUCT(('2026-09-12 2158'!$A$2:$A$155="560017")*(('2026-09-12 2158'!$D$2:$D$155="In Stock")+('2026-09-12 2158'!$D$2:$D$155="Out of Stock"))*('2026-09-12 2158'!$E$2:$E$155<>"No")),"") | L7: =IFERROR(SUMPRODUCT(('2026-09-13 0640'!$A$2:$A$309="560017")*('2026-09-13 0640'!$D$2:$D$309="In Stock")*('2026-09-13 0640'!$E$2:$E$309<>"No"))/SUMPRODUCT(('2026-09-13 0640'!$A$2:$A$309="560017")*(('2026-09-13 0640'!$D$2:$D$309="In Stock")+('2026-09-13 0640'!$D$2:$D$309="Out of Stock"))*('2026-09-13 0640'!$E$2:$E$309<>"No")),"") | M7: =IFERROR(SUMPRODUCT(('2026-09-13 0759'!$A$2:$A$463="560017")*('2026-09-13 0759'!$D$2:$D$463="In Stock")*('2026-09-13 0759'!$E$2:$E$463<>"No"))/SUMPRODUCT(('2026-09-13 0759'!$A$2:$A$463="560017")*(('2026-09-13 0759'!$D$2:$D$463="In Stock")+('2026-09-13 0759'!$D$2:$D$463="Out of Stock"))*('2026-09-13 0759'!$E$2:$E$463<>"No")),"") | N7: =IFERROR(SUMPRODUCT(('2026-09-13 0954'!$A$2:$A$463="560017")*('2026-09-13 0954'!$D$2:$D$463="In Stock")*('2026-09-13 0954'!$E$2:$E$463<>"No"))/SUMPRODUCT(('2026-09-13 0954'!$A$2:$A$463="560017")*(('2026-09-13 0954'!$D$2:$D$463="In Stock")+('2026-09-13 0954'!$D$2:$D$463="Out of Stock"))*('2026-09-13 0954'!$E$2:$E$463<>"No")),"") | O7: =IFERROR(SUMPRODUCT(('2026-09-13 1159'!$A$2:$A$463="560017")*('2026-09-13 1159'!$D$2:$D$463="In Stock")*('2026-09-13 1159'!$E$2:$E$463<>"No"))/SUMPRODUCT(('2026-09-13 1159'!$A$2:$A$463="560017")*(('2026-09-13 1159'!$D$2:$D$463="In Stock")+('2026-09-13 1159'!$D$2:$D$463="Out of Stock"))*('2026-09-13 1159'!$E$2:$E$463<>"No")),"") | P7: =IFERROR(SUMPRODUCT(('2026-09-13 1858'!$A$2:$A$463="560017")*('2026-09-13 1858'!$D$2:$D$463="In Stock")*('2026-09-13 1858'!$E$2:$E$463<>"No"))/SUMPRODUCT(('2026-09-13 1858'!$A$2:$A$463="560017")*(('2026-09-13 1858'!$D$2:$D$463="In Stock")+('2026-09-13 1858'!$D$2:$D$463="Out of Stock"))*('2026-09-13 1858'!$E$2:$E$463<>"No")),"") | Q7: =IFERROR(SUMPRODUCT(('2026-09-14 0851'!$A$2:$A$463="560017")*('2026-09-14 0851'!$D$2:$D$463="In Stock")*('2026-09-14 0851'!$E$2:$E$463<>"No"))/SUMPRODUCT(('2026-09-14 0851'!$A$2:$A$463="560017")*(('2026-09-14 0851'!$D$2:$D$463="In Stock")+('2026-09-14 0851'!$D$2:$D$463="Out of Stock"))*('2026-09-14 0851'!$E$2:$E$463<>"No")),"")
A8: 560048 | B8: =IFERROR(SUMPRODUCT(('2026-09-10 2147'!$A$2:$A$309="560048")*('2026-09-10 2147'!$D$2:$D$309="In Stock")*('2026-09-10 2147'!$E$2:$E$309<>"No"))/SUMPRODUCT(('2026-09-10 2147'!$A$2:$A$309="560048")*(('2026-09-10 2147'!$D$2:$D$309="In Stock")+('2026-09-10 2147'!$D$2:$D$309="Out of Stock"))*('2026-09-10 2147'!$E$2:$E$309<>"No")),"") | C8: =IFERROR(SUMPRODUCT(('2026-09-11 0721'!$A$2:$A$309="560048")*('2026-09-11 0721'!$D$2:$D$309="In Stock")*('2026-09-11 0721'!$E$2:$E$309<>"No"))/SUMPRODUCT(('2026-09-11 0721'!$A$2:$A$309="560048")*(('2026-09-11 0721'!$D$2:$D$309="In Stock")+('2026-09-11 0721'!$D$2:$D$309="Out of Stock"))*('2026-09-11 0721'!$E$2:$E$309<>"No")),"") | D8: =IFERROR(SUMPRODUCT(('2026-09-11 0845'!$A$2:$A$309="560048")*('2026-09-11 0845'!$D$2:$D$309="In Stock")*('2026-09-11 0845'!$E$2:$E$309<>"No"))/SUMPRODUCT(('2026-09-11 0845'!$A$2:$A$309="560048")*(('2026-09-11 0845'!$D$2:$D$309="In Stock")+('2026-09-11 0845'!$D$2:$D$309="Out of Stock"))*('2026-09-11 0845'!$E$2:$E$309<>"No")),"") | E8: =IFERROR(SUMPRODUCT(('2026-09-11 1033'!$A$2:$A$155="560048")*('2026-09-11 1033'!$D$2:$D$155="In Stock")*('2026-09-11 1033'!$E$2:$E$155<>"No"))/SUMPRODUCT(('2026-09-11 1033'!$A$2:$A$155="560048")*(('2026-09-11 1033'!$D$2:$D$155="In Stock")+('2026-09-11 1033'!$D$2:$D$155="Out of Stock"))*('2026-09-11 1033'!$E$2:$E$155<>"No")),"") | F8: =IFERROR(SUMPRODUCT(('2026-09-11 1201'!$A$2:$A$155="560048")*('2026-09-11 1201'!$D$2:$D$155="In Stock")*('2026-09-11 1201'!$E$2:$E$155<>"No"))/SUMPRODUCT(('2026-09-11 1201'!$A$2:$A$155="560048")*(('2026-09-11 1201'!$D$2:$D$155="In Stock")+('2026-09-11 1201'!$D$2:$D$155="Out of Stock"))*('2026-09-11 1201'!$E$2:$E$155<>"No")),"") | G8: =IFERROR(SUMPRODUCT(('2026-09-11 1253'!$A$2:$A$155="560048")*('2026-09-11 1253'!$D$2:$D$155="In Stock")*('2026-09-11 1253'!$E$2:$E$155<>"No"))/SUMPRODUCT(('2026-09-11 1253'!$A$2:$A$155="560048")*(('2026-09-11 1253'!$D$2:$D$155="In Stock")+('2026-09-11 1253'!$D$2:$D$155="Out of Stock"))*('2026-09-11 1253'!$E$2:$E$155<>"No")),"") | H8: =IFERROR(SUMPRODUCT(('2026-09-12 1252'!$A$2:$A$155="560048")*('2026-09-12 1252'!$D$2:$D$155="In Stock")*('2026-09-12 1252'!$E$2:$E$155<>"No"))/SUMPRODUCT(('2026-09-12 1252'!$A$2:$A$155="560048")*(('2026-09-12 1252'!$D$2:$D$155="In Stock")+('2026-09-12 1252'!$D$2:$D$155="Out of Stock"))*('2026-09-12 1252'!$E$2:$E$155<>"No")),"") | I8: =IFERROR(SUMPRODUCT(('2026-09-12 1330'!$A$2:$A$155="560048")*('2026-09-12 1330'!$D$2:$D$155="In Stock")*('2026-09-12 1330'!$E$2:$E$155<>"No"))/SUMPRODUCT(('2026-09-12 1330'!$A$2:$A$155="560048")*(('2026-09-12 1330'!$D$2:$D$155="In Stock")+('2026-09-12 1330'!$D$2:$D$155="Out of Stock"))*('2026-09-12 1330'!$E$2:$E$155<>"No")),"") | J8: =IFERROR(SUMPRODUCT(('2026-09-12 2141'!$A$2:$A$155="560048")*('2026-09-12 2141'!$D$2:$D$155="In Stock")*('2026-09-12 2141'!$E$2:$E$155<>"No"))/SUMPRODUCT(('2026-09-12 2141'!$A$2:$A$155="560048")*(('2026-09-12 2141'!$D$2:$D$155="In Stock")+('2026-09-12 2141'!$D$2:$D$155="Out of Stock"))*('2026-09-12 2141'!$E$2:$E$155<>"No")),"") | K8: =IFERROR(SUMPRODUCT(('2026-09-12 2158'!$A$2:$A$155="560048")*('2026-09-12 2158'!$D$2:$D$155="In Stock")*('2026-09-12 2158'!$E$2:$E$155<>"No"))/SUMPRODUCT(('2026-09-12 2158'!$A$2:$A$155="560048")*(('2026-09-12 2158'!$D$2:$D$155="In Stock")+('2026-09-12 2158'!$D$2:$D$155="Out of Stock"))*('2026-09-12 2158'!$E$2:$E$155<>"No")),"") | L8: =IFERROR(SUMPRODUCT(('2026-09-13 0640'!$A$2:$A$309="560048")*('2026-09-13 0640'!$D$2:$D$309="In Stock")*('2026-09-13 0640'!$E$2:$E$309<>"No"))/SUMPRODUCT(('2026-09-13 0640'!$A$2:$A$309="560048")*(('2026-09-13 0640'!$D$2:$D$309="In Stock")+('2026-09-13 0640'!$D$2:$D$309="Out of Stock"))*('2026-09-13 0640'!$E$2:$E$309<>"No")),"") | M8: =IFERROR(SUMPRODUCT(('2026-09-13 0759'!$A$2:$A$463="560048")*('2026-09-13 0759'!$D$2:$D$463="In Stock")*('2026-09-13 0759'!$E$2:$E$463<>"No"))/SUMPRODUCT(('2026-09-13 0759'!$A$2:$A$463="560048")*(('2026-09-13 0759'!$D$2:$D$463="In Stock")+('2026-09-13 0759'!$D$2:$D$463="Out of Stock"))*('2026-09-13 0759'!$E$2:$E$463<>"No")),"") | N8: =IFERROR(SUMPRODUCT(('2026-09-13 0954'!$A$2:$A$463="560048")*('2026-09-13 0954'!$D$2:$D$463="In Stock")*('2026-09-13 0954'!$E$2:$E$463<>"No"))/SUMPRODUCT(('2026-09-13 0954'!$A$2:$A$463="560048")*(('2026-09-13 0954'!$D$2:$D$463="In Stock")+('2026-09-13 0954'!$D$2:$D$463="Out of Stock"))*('2026-09-13 0954'!$E$2:$E$463<>"No")),"") | O8: =IFERROR(SUMPRODUCT(('2026-09-13 1159'!$A$2:$A$463="560048")*('2026-09-13 1159'!$D$2:$D$463="In Stock")*('2026-09-13 1159'!$E$2:$E$463<>"No"))/SUMPRODUCT(('2026-09-13 1159'!$A$2:$A$463="560048")*(('2026-09-13 1159'!$D$2:$D$463="In Stock")+('2026-09-13 1159'!$D$2:$D$463="Out of Stock"))*('2026-09-13 1159'!$E$2:$E$463<>"No")),"") | P8: =IFERROR(SUMPRODUCT(('2026-09-13 1858'!$A$2:$A$463="560048")*('2026-09-13 1858'!$D$2:$D$463="In Stock")*('2026-09-13 1858'!$E$2:$E$463<>"No"))/SUMPRODUCT(('2026-09-13 1858'!$A$2:$A$463="560048")*(('2026-09-13 1858'!$D$2:$D$463="In Stock")+('2026-09-13 1858'!$D$2:$D$463="Out of Stock"))*('2026-09-13 1858'!$E$2:$E$463<>"No")),"") | Q8: =IFERROR(SUMPRODUCT(('2026-09-14 0851'!$A$2:$A$463="560048")*('2026-09-14 0851'!$D$2:$D$463="In Stock")*('2026-09-14 0851'!$E$2:$E$463<>"No"))/SUMPRODUCT(('2026-09-14 0851'!$A$2:$A$463="560048")*(('2026-09-14 0851'!$D$2:$D$463="In Stock")+('2026-09-14 0851'!$D$2:$D$463="Out of Stock"))*('2026-09-14 0851'!$E$2:$E$463<>"No")),"")
A9: All pincodes | B9: =IFERROR(SUMPRODUCT(('2026-09-10 2147'!$D$2:$D$309="In Stock")*('2026-09-10 2147'!$E$2:$E$309<>"No"))/SUMPRODUCT((('2026-09-10 2147'!$D$2:$D$309="In Stock")+('2026-09-10 2147'!$D$2:$D$309="Out of Stock"))*('2026-09-10 2147'!$E$2:$E$309<>"No")),"") | C9: =IFERROR(SUMPRODUCT(('2026-09-11 0721'!$D$2:$D$309="In Stock")*('2026-09-11 0721'!$E$2:$E$309<>"No"))/SUMPRODUCT((('2026-09-11 0721'!$D$2:$D$309="In Stock")+('2026-09-11 0721'!$D$2:$D$309="Out of Stock"))*('2026-09-11 0721'!$E$2:$E$309<>"No")),"") | D9: =IFERROR(SUMPRODUCT(('2026-09-11 0845'!$D$2:$D$309="In Stock")*('2026-09-11 0845'!$E$2:$E$309<>"No"))/SUMPRODUCT((('2026-09-11 0845'!$D$2:$D$309="In Stock")+('2026-09-11 0845'!$D$2:$D$309="Out of Stock"))*('2026-09-11 0845'!$E$2:$E$309<>"No")),"") | E9: =IFERROR(SUMPRODUCT(('2026-09-11 1033'!$D$2:$D$155="In Stock")*('2026-09-11 1033'!$E$2:$E$155<>"No"))/SUMPRODUCT((('2026-09-11 1033'!$D$2:$D$155="In Stock")+('2026-09-11 1033'!$D$2:$D$155="Out of Stock"))*('2026-09-11 1033'!$E$2:$E$155<>"No")),"") | F9: =IFERROR(SUMPRODUCT(('2026-09-11 1201'!$D$2:$D$155="In Stock")*('2026-09-11 1201'!$E$2:$E$155<>"No"))/SUMPRODUCT((('2026-09-11 1201'!$D$2:$D$155="In Stock")+('2026-09-11 1201'!$D$2:$D$155="Out of Stock"))*('2026-09-11 1201'!$E$2:$E$155<>"No")),"") | G9: =IFERROR(SUMPRODUCT(('2026-09-11 1253'!$D$2:$D$155="In Stock")*('2026-09-11 1253'!$E$2:$E$155<>"No"))/SUMPRODUCT((('2026-09-11 1253'!$D$2:$D$155="In Stock")+('2026-09-11 1253'!$D$2:$D$155="Out of Stock"))*('2026-09-11 1253'!$E$2:$E$155<>"No")),"") | H9: =IFERROR(SUMPRODUCT(('2026-09-12 1252'!$D$2:$D$155="In Stock")*('2026-09-12 1252'!$E$2:$E$155<>"No"))/SUMPRODUCT((('2026-09-12 1252'!$D$2:$D$155="In Stock")+('2026-09-12 1252'!$D$2:$D$155="Out of Stock"))*('2026-09-12 1252'!$E$2:$E$155<>"No")),"") | I9: =IFERROR(SUMPRODUCT(('2026-09-12 1330'!$D$2:$D$155="In Stock")*('2026-09-12 1330'!$E$2:$E$155<>"No"))/SUMPRODUCT((('2026-09-12 1330'!$D$2:$D$155="In Stock")+('2026-09-12 1330'!$D$2:$D$155="Out of Stock"))*('2026-09-12 1330'!$E$2:$E$155<>"No")),"") | J9: =IFERROR(SUMPRODUCT(('2026-09-12 2141'!$D$2:$D$155="In Stock")*('2026-09-12 2141'!$E$2:$E$155<>"No"))/SUMPRODUCT((('2026-09-12 2141'!$D$2:$D$155="In Stock")+('2026-09-12 2141'!$D$2:$D$155="Out of Stock"))*('2026-09-12 2141'!$E$2:$E$155<>"No")),"") | K9: =IFERROR(SUMPRODUCT(('2026-09-12 2158'!$D$2:$D$155="In Stock")*('2026-09-12 2158'!$E$2:$E$155<>"No"))/SUMPRODUCT((('2026-09-12 2158'!$D$2:$D$155="In Stock")+('2026-09-12 2158'!$D$2:$D$155="Out of Stock"))*('2026-09-12 2158'!$E$2:$E$155<>"No")),"") | L9: =IFERROR(SUMPRODUCT(('2026-09-13 0640'!$D$2:$D$309="In Stock")*('2026-09-13 0640'!$E$2:$E$309<>"No"))/SUMPRODUCT((('2026-09-13 0640'!$D$2:$D$309="In Stock")+('2026-09-13 0640'!$D$2:$D$309="Out of Stock"))*('2026-09-13 0640'!$E$2:$E$309<>"No")),"") | M9: =IFERROR(SUMPRODUCT(('2026-09-13 0759'!$D$2:$D$463="In Stock")*('2026-09-13 0759'!$E$2:$E$463<>"No"))/SUMPRODUCT((('2026-09-13 0759'!$D$2:$D$463="In Stock")+('2026-09-13 0759'!$D$2:$D$463="Out of Stock"))*('2026-09-13 0759'!$E$2:$E$463<>"No")),"") | N9: =IFERROR(SUMPRODUCT(('2026-09-13 0954'!$D$2:$D$463="In Stock")*('2026-09-13 0954'!$E$2:$E$463<>"No"))/SUMPRODUCT((('2026-09-13 0954'!$D$2:$D$463="In Stock")+('2026-09-13 0954'!$D$2:$D$463="Out of Stock"))*('2026-09-13 0954'!$E$2:$E$463<>"No")),"") | O9: =IFERROR(SUMPRODUCT(('2026-09-13 1159'!$D$2:$D$463="In Stock")*('2026-09-13 1159'!$E$2:$E$463<>"No"))/SUMPRODUCT((('2026-09-13 1159'!$D$2:$D$463="In Stock")+('2026-09-13 1159'!$D$2:$D$463="Out of Stock"))*('2026-09-13 1159'!$E$2:$E$463<>"No")),"") | P9: =IFERROR(SUMPRODUCT(('2026-09-13 1858'!$D$2:$D$463="In Stock")*('2026-09-13 1858'!$E$2:$E$463<>"No"))/SUMPRODUCT((('2026-09-13 1858'!$D$2:$D$463="In Stock")+('2026-09-13 1858'!$D$2:$D$463="Out of Stock"))*('2026-09-13 1858'!$E$2:$E$463<>"No")),"") | Q9: =IFERROR(SUMPRODUCT(('2026-09-14 0851'!$D$2:$D$463="In Stock")*('2026-09-14 0851'!$E$2:$E$463<>"No"))/SUMPRODUCT((('2026-09-14 0851'!$D$2:$D$463="In Stock")+('2026-09-14 0851'!$D$2:$D$463="Out of Stock"))*('2026-09-14 0851'!$E$2:$E$463<>"No")),"")
A10: Not carried (excluded from the % above)
A11: Pincode | B11: 2026-09-10 21:47 | C11: 2026-09-11 07:21 | D11: 2026-09-11 08:45 | E11: 2026-09-11 10:33 | F11: 2026-09-11 12:01 | G11: 2026-09-11 12:53 | H11: 2026-09-12 12:52 | I11: 2026-09-12 13:30 | J11: 2026-09-12 21:41 | K11: 2026-09-12 21:58 | L11: 2026-09-13 06:40 | M11: 2026-09-13 07:59 | N11: 2026-09-13 09:54 | O11: 2026-09-13 11:59 | P11: 2026-09-13 18:58 | Q11: 2026-09-14 08:51
A12: 110060 | B12: =IF(SUMPRODUCT(--('2026-09-10 2147'!$A$2:$A$309="110060"))=0,"",SUMPRODUCT(('2026-09-10 2147'!$A$2:$A$309="110060")*('2026-09-10 2147'!$D$2:$D$309="Not Available")*('2026-09-10 2147'!$E$2:$E$309<>"No"))) | C12: =IF(SUMPRODUCT(--('2026-09-11 0721'!$A$2:$A$309="110060"))=0,"",SUMPRODUCT(('2026-09-11 0721'!$A$2:$A$309="110060")*('2026-09-11 0721'!$D$2:$D$309="Not Available")*('2026-09-11 0721'!$E$2:$E$309<>"No"))) | D12: =IF(SUMPRODUCT(--('2026-09-11 0845'!$A$2:$A$309="110060"))=0,"",SUMPRODUCT(('2026-09-11 0845'!$A$2:$A$309="110060")*('2026-09-11 0845'!$D$2:$D$309="Not Available")*('2026-09-11 0845'!$E$2:$E$309<>"No"))) | E12: =IF(SUMPRODUCT(--('2026-09-11 1033'!$A$2:$A$155="110060"))=0,"",SUMPRODUCT(('2026-09-11 1033'!$A$2:$A$155="110060")*('2026-09-11 1033'!$D$2:$D$155="Not Available")*('2026-09-11 1033'!$E$2:$E$155<>"No"))) | F12: =IF(SUMPRODUCT(--('2026-09-11 1201'!$A$2:$A$155="110060"))=0,"",SUMPRODUCT(('2026-09-11 1201'!$A$2:$A$155="110060")*('2026-09-11 1201'!$D$2:$D$155="Not Available")*('2026-09-11 1201'!$E$2:$E$155<>"No"))) | G12: =IF(SUMPRODUCT(--('2026-09-11 1253'!$A$2:$A$155="110060"))=0,"",SUMPRODUCT(('2026-09-11 1253'!$A$2:$A$155="110060")*('2026-09-11 1253'!$D$2:$D$155="Not Available")*('2026-09-11 1253'!$E$2:$E$155<>"No"))) | H12: =IF(SUMPRODUCT(--('2026-09-12 1252'!$A$2:$A$155="110060"))=0,"",SUMPRODUCT(('2026-09-12 1252'!$A$2:$A$155="110060")*('2026-09-12 1252'!$D$2:$D$155="Not Available")*('2026-09-12 1252'!$E$2:$E$155<>"No"))) | I12: =IF(SUMPRODUCT(--('2026-09-12 1330'!$A$2:$A$155="110060"))=0,"",SUMPRODUCT(('2026-09-12 1330'!$A$2:$A$155="110060")*('2026-09-12 1330'!$D$2:$D$155="Not Available")*('2026-09-12 1330'!$E$2:$E$155<>"No"))) | J12: =IF(SUMPRODUCT(--('2026-09-12 2141'!$A$2:$A$155="110060"))=0,"",SUMPRODUCT(('2026-09-12 2141'!$A$2:$A$155="110060")*('2026-09-12 2141'!$D$2:$D$155="Not Available")*('2026-09-12 2141'!$E$2:$E$155<>"No"))) | K12: =IF(SUMPRODUCT(--('2026-09-12 2158'!$A$2:$A$155="110060"))=0,"",SUMPRODUCT(('2026-09-12 2158'!$A$2:$A$155="110060")*('2026-09-12 2158'!$D$2:$D$155="Not Available")*('2026-09-12 2158'!$E$2:$E$155<>"No"))) | L12: =IF(SUMPRODUCT(--('2026-09-13 0640'!$A$2:$A$309="110060"))=0,"",SUMPRODUCT(('2026-09-13 0640'!$A$2:$A$309="110060")*('2026-09-13 0640'!$D$2:$D$309="Not Available")*('2026-09-13 0640'!$E$2:$E$309<>"No"))) | M12: =IF(SUMPRODUCT(--('2026-09-13 0759'!$A$2:$A$463="110060"))=0,"",SUMPRODUCT(('2026-09-13 0759'!$A$2:$A$463="110060")*('2026-09-13 0759'!$D$2:$D$463="Not Available")*('2026-09-13 0759'!$E$2:$E$463<>"No"))) | N12: =IF(SUMPRODUCT(--('2026-09-13 0954'!$A$2:$A$463="110060"))=0,"",SUMPRODUCT(('2026-09-13 0954'!$A$2:$A$463="110060")*('2026-09-13 0954'!$D$2:$D$463="Not Available")*('2026-09-13 0954'!$E$2:$E$463<>"No"))) | O12: =IF(SUMPRODUCT(--('2026-09-13 1159'!$A$2:$A$463="110060"))=0,"",SUMPRODUCT(('2026-09-13 1159'!$A$2:$A$463="110060")*('2026-09-13 1159'!$D$2:$D$463="Not Available")*('2026-09-13 1159'!$E$2:$E$463<>"No"))) | P12: =IF(SUMPRODUCT(--('2026-09-13 1858'!$A$2:$A$463="110060"))=0,"",SUMPRODUCT(('2026-09-13 1858'!$A$2:$A$463="110060")*('2026-09-13 1858'!$D$2:$D$463="Not Available")*('2026-09-13 1858'!$E$2:$E$463<>"No"))) | Q12: =IF(SUMPRODUCT(--('2026-09-14 0851'!$A$2:$A$463="110060"))=0,"",SUMPRODUCT(('2026-09-14 0851'!$A$2:$A$463="110060")*('2026-09-14 0851'!$D$2:$D$463="Not Available")*('2026-09-14 0851'!$E$2:$E$463<>"No")))
A13: 400051 | B13: =IF(SUMPRODUCT(--('2026-09-10 2147'!$A$2:$A$309="400051"))=0,"",SUMPRODUCT(('2026-09-10 2147'!$A$2:$A$309="400051")*('2026-09-10 2147'!$D$2:$D$309="Not Available")*('2026-09-10 2147'!$E$2:$E$309<>"No"))) | C13: =IF(SUMPRODUCT(--('2026-09-11 0721'!$A$2:$A$309="400051"))=0,"",SUMPRODUCT(('2026-09-11 0721'!$A$2:$A$309="400051")*('2026-09-11 0721'!$D$2:$D$309="Not Available")*('2026-09-11 0721'!$E$2:$E$309<>"No"))) | D13: =IF(SUMPRODUCT(--('2026-09-11 0845'!$A$2:$A$309="400051"))=0,"",SUMPRODUCT(('2026-09-11 0845'!$A$2:$A$309="400051")*('2026-09-11 0845'!$D$2:$D$309="Not Available")*('2026-09-11 0845'!$E$2:$E$309<>"No"))) | E13: =IF(SUMPRODUCT(--('2026-09-11 1033'!$A$2:$A$155="400051"))=0,"",SUMPRODUCT(('2026-09-11 1033'!$A$2:$A$155="400051")*('2026-09-11 1033'!$D$2:$D$155="Not Available")*('2026-09-11 1033'!$E$2:$E$155<>"No"))) | F13: =IF(SUMPRODUCT(--('2026-09-11 1201'!$A$2:$A$155="400051"))=0,"",SUMPRODUCT(('2026-09-11 1201'!$A$2:$A$155="400051")*('2026-09-11 1201'!$D$2:$D$155="Not Available")*('2026-09-11 1201'!$E$2:$E$155<>"No"))) | G13: =IF(SUMPRODUCT(--('2026-09-11 1253'!$A$2:$A$155="400051"))=0,"",SUMPRODUCT(('2026-09-11 1253'!$A$2:$A$155="400051")*('2026-09-11 1253'!$D$2:$D$155="Not Available")*('2026-09-11 1253'!$E$2:$E$155<>"No"))) | H13: =IF(SUMPRODUCT(--('2026-09-12 1252'!$A$2:$A$155="400051"))=0,"",SUMPRODUCT(('2026-09-12 1252'!$A$2:$A$155="400051")*('2026-09-12 1252'!$D$2:$D$155="Not Available")*('2026-09-12 1252'!$E$2:$E$155<>"No"))) | I13: =IF(SUMPRODUCT(--('2026-09-12 1330'!$A$2:$A$155="400051"))=0,"",SUMPRODUCT(('2026-09-12 1330'!$A$2:$A$155="400051")*('2026-09-12 1330'!$D$2:$D$155="Not Available")*('2026-09-12 1330'!$E$2:$E$155<>"No"))) | J13: =IF(SUMPRODUCT(--('2026-09-12 2141'!$A$2:$A$155="400051"))=0,"",SUMPRODUCT(('2026-09-12 2141'!$A$2:$A$155="400051")*('2026-09-12 2141'!$D$2:$D$155="Not Available")*('2026-09-12 2141'!$E$2:$E$155<>"No"))) | K13: =IF(SUMPRODUCT(--('2026-09-12 2158'!$A$2:$A$155="400051"))=0,"",SUMPRODUCT(('2026-09-12 2158'!$A$2:$A$155="400051")*('2026-09-12 2158'!$D$2:$D$155="Not Available")*('2026-09-12 2158'!$E$2:$E$155<>"No"))) | L13: =IF(SUMPRODUCT(--('2026-09-13 0640'!$A$2:$A$309="400051"))=0,"",SUMPRODUCT(('2026-09-13 0640'!$A$2:$A$309="400051")*('2026-09-13 0640'!$D$2:$D$309="Not Available")*('2026-09-13 0640'!$E$2:$E$309<>"No"))) | M13: =IF(SUMPRODUCT(--('2026-09-13 0759'!$A$2:$A$463="400051"))=0,"",SUMPRODUCT(('2026-09-13 0759'!$A$2:$A$463="400051")*('2026-09-13 0759'!$D$2:$D$463="Not Available")*('2026-09-13 0759'!$E$2:$E$463<>"No"))) | N13: =IF(SUMPRODUCT(--('2026-09-13 0954'!$A$2:$A$463="400051"))=0,"",SUMPRODUCT(('2026-09-13 0954'!$A$2:$A$463="400051")*('2026-09-13 0954'!$D$2:$D$463="Not Available")*('2026-09-13 0954'!$E$2:$E$463<>"No"))) | O13: =IF(SUMPRODUCT(--('2026-09-13 1159'!$A$2:$A$463="400051"))=0,"",SUMPRODUCT(('2026-09-13 1159'!$A$2:$A$463="400051")*('2026-09-13 1159'!$D$2:$D$463="Not Available")*('2026-09-13 1159'!$E$2:$E$463<>"No"))) | P13: =IF(SUMPRODUCT(--('2026-09-13 1858'!$A$2:$A$463="400051"))=0,"",SUMPRODUCT(('2026-09-13 1858'!$A$2:$A$463="400051")*('2026-09-13 1858'!$D$2:$D$463="Not Available")*('2026-09-13 1858'!$E$2:$E$463<>"No"))) | Q13: =IF(SUMPRODUCT(--('2026-09-14 0851'!$A$2:$A$463="400051"))=0,"",SUMPRODUCT(('2026-09-14 0851'!$A$2:$A$463="400051")*('2026-09-14 0851'!$D$2:$D$463="Not Available")*('2026-09-14 0851'!$E$2:$E$463<>"No")))
A14: 560017 | B14: =IF(SUMPRODUCT(--('2026-09-10 2147'!$A$2:$A$309="560017"))=0,"",SUMPRODUCT(('2026-09-10 2147'!$A$2:$A$309="560017")*('2026-09-10 2147'!$D$2:$D$309="Not Available")*('2026-09-10 2147'!$E$2:$E$309<>"No"))) | C14: =IF(SUMPRODUCT(--('2026-09-11 0721'!$A$2:$A$309="560017"))=0,"",SUMPRODUCT(('2026-09-11 0721'!$A$2:$A$309="560017")*('2026-09-11 0721'!$D$2:$D$309="Not Available")*('2026-09-11 0721'!$E$2:$E$309<>"No"))) | D14: =IF(SUMPRODUCT(--('2026-09-11 0845'!$A$2:$A$309="560017"))=0,"",SUMPRODUCT(('2026-09-11 0845'!$A$2:$A$309="560017")*('2026-09-11 0845'!$D$2:$D$309="Not Available")*('2026-09-11 0845'!$E$2:$E$309<>"No"))) | E14: =IF(SUMPRODUCT(--('2026-09-11 1033'!$A$2:$A$155="560017"))=0,"",SUMPRODUCT(('2026-09-11 1033'!$A$2:$A$155="560017")*('2026-09-11 1033'!$D$2:$D$155="Not Available")*('2026-09-11 1033'!$E$2:$E$155<>"No"))) | F14: =IF(SUMPRODUCT(--('2026-09-11 1201'!$A$2:$A$155="560017"))=0,"",SUMPRODUCT(('2026-09-11 1201'!$A$2:$A$155="560017")*('2026-09-11 1201'!$D$2:$D$155="Not Available")*('2026-09-11 1201'!$E$2:$E$155<>"No"))) | G14: =IF(SUMPRODUCT(--('2026-09-11 1253'!$A$2:$A$155="560017"))=0,"",SUMPRODUCT(('2026-09-11 1253'!$A$2:$A$155="560017")*('2026-09-11 1253'!$D$2:$D$155="Not Available")*('2026-09-11 1253'!$E$2:$E$155<>"No"))) | H14: =IF(SUMPRODUCT(--('2026-09-12 1252'!$A$2:$A$155="560017"))=0,"",SUMPRODUCT(('2026-09-12 1252'!$A$2:$A$155="560017")*('2026-09-12 1252'!$D$2:$D$155="Not Available")*('2026-09-12 1252'!$E$2:$E$155<>"No"))) | I14: =IF(SUMPRODUCT(--('2026-09-12 1330'!$A$2:$A$155="560017"))=0,"",SUMPRODUCT(('2026-09-12 1330'!$A$2:$A$155="560017")*('2026-09-12 1330'!$D$2:$D$155="Not Available")*('2026-09-12 1330'!$E$2:$E$155<>"No"))) | J14: =IF(SUMPRODUCT(--('2026-09-12 2141'!$A$2:$A$155="560017"))=0,"",SUMPRODUCT(('2026-09-12 2141'!$A$2:$A$155="560017")*('2026-09-12 2141'!$D$2:$D$155="Not Available")*('2026-09-12 2141'!$E$2:$E$155<>"No"))) | K14: =IF(SUMPRODUCT(--('2026-09-12 2158'!$A$2:$A$155="560017"))=0,"",SUMPRODUCT(('2026-09-12 2158'!$A$2:$A$155="560017")*('2026-09-12 2158'!$D$2:$D$155="Not Available")*('2026-09-12 2158'!$E$2:$E$155<>"No"))) | L14: =IF(SUMPRODUCT(--('2026-09-13 0640'!$A$2:$A$309="560017"))=0,"",SUMPRODUCT(('2026-09-13 0640'!$A$2:$A$309="560017")*('2026-09-13 0640'!$D$2:$D$309="Not Available")*('2026-09-13 0640'!$E$2:$E$309<>"No"))) | M14: =IF(SUMPRODUCT(--('2026-09-13 0759'!$A$2:$A$463="560017"))=0,"",SUMPRODUCT(('2026-09-13 0759'!$A$2:$A$463="560017")*('2026-09-13 0759'!$D$2:$D$463="Not Available")*('2026-09-13 0759'!$E$2:$E$463<>"No"))) | N14: =IF(SUMPRODUCT(--('2026-09-13 0954'!$A$2:$A$463="560017"))=0,"",SUMPRODUCT(('2026-09-13 0954'!$A$2:$A$463="560017")*('2026-09-13 0954'!$D$2:$D$463="Not Available")*('2026-09-13 0954'!$E$2:$E$463<>"No"))) | O14: =IF(SUMPRODUCT(--('2026-09-13 1159'!$A$2:$A$463="560017"))=0,"",SUMPRODUCT(('2026-09-13 1159'!$A$2:$A$463="560017")*('2026-09-13 1159'!$D$2:$D$463="Not Available")*('2026-09-13 1159'!$E$2:$E$463<>"No"))) | P14: =IF(SUMPRODUCT(--('2026-09-13 1858'!$A$2:$A$463="560017"))=0,"",SUMPRODUCT(('2026-09-13 1858'!$A$2:$A$463="560017")*('2026-09-13 1858'!$D$2:$D$463="Not Available")*('2026-09-13 1858'!$E$2:$E$463<>"No"))) | Q14: =IF(SUMPRODUCT(--('2026-09-14 0851'!$A$2:$A$463="560017"))=0,"",SUMPRODUCT(('2026-09-14 0851'!$A$2:$A$463="560017")*('2026-09-14 0851'!$D$2:$D$463="Not Available")*('2026-09-14 0851'!$E$2:$E$463<>"No")))
A15: 560048 | B15: =IF(SUMPRODUCT(--('2026-09-10 2147'!$A$2:$A$309="560048"))=0,"",SUMPRODUCT(('2026-09-10 2147'!$A$2:$A$309="560048")*('2026-09-10 2147'!$D$2:$D$309="Not Available")*('2026-09-10 2147'!$E$2:$E$309<>"No"))) | C15: =IF(SUMPRODUCT(--('2026-09-11 0721'!$A$2:$A$309="560048"))=0,"",SUMPRODUCT(('2026-09-11 0721'!$A$2:$A$309="560048")*('2026-09-11 0721'!$D$2:$D$309="Not Available")*('2026-09-11 0721'!$E$2:$E$309<>"No"))) | D15: =IF(SUMPRODUCT(--('2026-09-11 0845'!$A$2:$A$309="560048"))=0,"",SUMPRODUCT(('2026-09-11 0845'!$A$2:$A$309="560048")*('2026-09-11 0845'!$D$2:$D$309="Not Available")*('2026-09-11 0845'!$E$2:$E$309<>"No"))) | E15: =IF(SUMPRODUCT(--('2026-09-11 1033'!$A$2:$A$155="560048"))=0,"",SUMPRODUCT(('2026-09-11 1033'!$A$2:$A$155="560048")*('2026-09-11 1033'!$D$2:$D$155="Not Available")*('2026-09-11 1033'!$E$2:$E$155<>"No"))) | F15: =IF(SUMPRODUCT(--('2026-09-11 1201'!$A$2:$A$155="560048"))=0,"",SUMPRODUCT(('2026-09-11 1201'!$A$2:$A$155="560048")*('2026-09-11 1201'!$D$2:$D$155="Not Available")*('2026-09-11 1201'!$E$2:$E$155<>"No"))) | G15: =IF(SUMPRODUCT(--('2026-09-11 1253'!$A$2:$A$155="560048"))=0,"",SUMPRODUCT(('2026-09-11 1253'!$A$2:$A$155="560048")*('2026-09-11 1253'!$D$2:$D$155="Not Available")*('2026-09-11 1253'!$E$2:$E$155<>"No"))) | H15: =IF(SUMPRODUCT(--('2026-09-12 1252'!$A$2:$A$155="560048"))=0,"",SUMPRODUCT(('2026-09-12 1252'!$A$2:$A$155="560048")*('2026-09-12 1252'!$D$2:$D$155="Not Available")*('2026-09-12 1252'!$E$2:$E$155<>"No"))) | I15: =IF(SUMPRODUCT(--('2026-09-12 1330'!$A$2:$A$155="560048"))=0,"",SUMPRODUCT(('2026-09-12 1330'!$A$2:$A$155="560048")*('2026-09-12 1330'!$D$2:$D$155="Not Available")*('2026-09-12 1330'!$E$2:$E$155<>"No"))) | J15: =IF(SUMPRODUCT(--('2026-09-12 2141'!$A$2:$A$155="560048"))=0,"",SUMPRODUCT(('2026-09-12 2141'!$A$2:$A$155="560048")*('2026-09-12 2141'!$D$2:$D$155="Not Available")*('2026-09-12 2141'!$E$2:$E$155<>"No"))) | K15: =IF(SUMPRODUCT(--('2026-09-12 2158'!$A$2:$A$155="560048"))=0,"",SUMPRODUCT(('2026-09-12 2158'!$A$2:$A$155="560048")*('2026-09-12 2158'!$D$2:$D$155="Not Available")*('2026-09-12 2158'!$E$2:$E$155<>"No"))) | L15: =IF(SUMPRODUCT(--('2026-09-13 0640'!$A$2:$A$309="560048"))=0,"",SUMPRODUCT(('2026-09-13 0640'!$A$2:$A$309="560048")*('2026-09-13 0640'!$D$2:$D$309="Not Available")*('2026-09-13 0640'!$E$2:$E$309<>"No"))) | M15: =IF(SUMPRODUCT(--('2026-09-13 0759'!$A$2:$A$463="560048"))=0,"",SUMPRODUCT(('2026-09-13 0759'!$A$2:$A$463="560048")*('2026-09-13 0759'!$D$2:$D$463="Not Available")*('2026-09-13 0759'!$E$2:$E$463<>"No"))) | N15: =IF(SUMPRODUCT(--('2026-09-13 0954'!$A$2:$A$463="560048"))=0,"",SUMPRODUCT(('2026-09-13 0954'!$A$2:$A$463="560048")*('2026-09-13 0954'!$D$2:$D$463="Not Available")*('2026-09-13 0954'!$E$2:$E$463<>"No"))) | O15: =IF(SUMPRODUCT(--('2026-09-13 1159'!$A$2:$A$463="560048"))=0,"",SUMPRODUCT(('2026-09-13 1159'!$A$2:$A$463="560048")*('2026-09-13 1159'!$D$2:$D$463="Not Available")*('2026-09-13 1159'!$E$2:$E$463<>"No"))) | P15: =IF(SUMPRODUCT(--('2026-09-13 1858'!$A$2:$A$463="560048"))=0,"",SUMPRODUCT(('2026-09-13 1858'!$A$2:$A$463="560048")*('2026-09-13 1858'!$D$2:$D$463="Not Available")*('2026-09-13 1858'!$E$2:$E$463<>"No"))) | Q15: =IF(SUMPRODUCT(--('2026-09-14 0851'!$A$2:$A$463="560048"))=0,"",SUMPRODUCT(('2026-09-14 0851'!$A$2:$A$463="560048")*('2026-09-14 0851'!$D$2:$D$463="Not Available")*('2026-09-14 0851'!$E$2:$E$463<>"No")))
A16: All pincodes | B16: =SUMPRODUCT(('2026-09-10 2147'!$D$2:$D$309="Not Available")*('2026-09-10 2147'!$E$2:$E$309<>"No")) | C16: =SUMPRODUCT(('2026-09-11 0721'!$D$2:$D$309="Not Available")*('2026-09-11 0721'!$E$2:$E$309<>"No")) | D16: =SUMPRODUCT(('2026-09-11 0845'!$D$2:$D$309="Not Available")*('2026-09-11 0845'!$E$2:$E$309<>"No")) | E16: =SUMPRODUCT(('2026-09-11 1033'!$D$2:$D$155="Not Available")*('2026-09-11 1033'!$E$2:$E$155<>"No")) | F16: =SUMPRODUCT(('2026-09-11 1201'!$D$2:$D$155="Not Available")*('2026-09-11 1201'!$E$2:$E$155<>"No")) | G16: =SUMPRODUCT(('2026-09-11 1253'!$D$2:$D$155="Not Available")*('2026-09-11 1253'!$E$2:$E$155<>"No")) | H16: =SUMPRODUCT(('2026-09-12 1252'!$D$2:$D$155="Not Available")*('2026-09-12 1252'!$E$2:$E$155<>"No")) | I16: =SUMPRODUCT(('2026-09-12 1330'!$D$2:$D$155="Not Available")*('2026-09-12 1330'!$E$2:$E$155<>"No")) | J16: =SUMPRODUCT(('2026-09-12 2141'!$D$2:$D$155="Not Available")*('2026-09-12 2141'!$E$2:$E$155<>"No")) | K16: =SUMPRODUCT(('2026-09-12 2158'!$D$2:$D$155="Not Available")*('2026-09-12 2158'!$E$2:$E$155<>"No")) | L16: =SUMPRODUCT(('2026-09-13 0640'!$D$2:$D$309="Not Available")*('2026-09-13 0640'!$E$2:$E$309<>"No")) | M16: =SUMPRODUCT(('2026-09-13 0759'!$D$2:$D$463="Not Available")*('2026-09-13 0759'!$E$2:$E$463<>"No")) | N16: =SUMPRODUCT(('2026-09-13 0954'!$D$2:$D$463="Not Available")*('2026-09-13 0954'!$E$2:$E$463<>"No")) | O16: =SUMPRODUCT(('2026-09-13 1159'!$D$2:$D$463="Not Available")*('2026-09-13 1159'!$E$2:$E$463<>"No")) | P16: =SUMPRODUCT(('2026-09-13 1858'!$D$2:$D$463="Not Available")*('2026-09-13 1858'!$E$2:$E$463<>"No")) | Q16: =SUMPRODUCT(('2026-09-14 0851'!$D$2:$D$463="Not Available")*('2026-09-14 0851'!$E$2:$E$463<>"No"))

Sheet 2026-09-10 2147
A1: Pincode | B1: Item | C1: ProductName | D1: is_out_of_stock | E1: Serviceable | F1: Quantity | G1: Base_Final quantity | H1: Base_Final unit | I1: Segment | J1: Grocery | K1: National / PL | L1: Product_Link | M1: Backup_Links | N1: Price | O1: MRP | P1: XtraSaverPrice | Q1: Weight | R1: Volume | S1: Seller | T1: StoreId | U1: Final_Qty | V1: Final_unit | W1: Pincode_Used | X1: Used_Link | Y1: Captured_At
A2: 400051 | B2: Aashirvaad Select | Pure MP Sharbati Wheat Atta for Soft Makhmali Rotis | C2: Superior MP Atta | D2: In Stock | F2: 5 kg | G2: 5000 | H2: g | I2: Atta, Rice & Dal | J2: Atta | L2: https://www.flipkart.com/aashirvaad-superior-mp-atta/p/itmevbgvupx4gqxb?pid=FLREUC5PSFQUBHTC&marketplace=HYPERLOCAL | N2: 257 | O2: 314 | Q2: 5 kg | S2: AASHIRVAAD | T2: mum_187_wh_hl_01 | U2: 5000 | V2: g | W2: 400051 | Y2: 2026-09-10 21:48:06
A3: 400051 | B3: Fortune Chakki Fresh Atta | C3: Chakki Fresh Atta | D3: In Stock | F3: 5 kg | G3: 5000 | H3: g | I3: Atta, Rice & Dal | J3: Atta | L3: https://www.flipkart.com/fortune-chakki-fresh-atta/p/itmf8zjux3v4utqz?pid=FLRF8ZJU5KHYVCDC&marketplace=HYPERLOCAL | N3: 220 | O3: 277 | Q3: 5 kg | S3: FORTUNE | T3: mum_187_wh_hl_01 | U3: 5000 | V3: g | W3: 400051 | Y3: 2026-09-10 21:48:07
A4: 400051 | B4: Fortune 100% Chana Dal Besan | C4: Copy Link | D4: In Stock | F4: 1 kg | G4: 1000 | H4: g | I4: Atta, Rice & Dal | J4: Besan, Sooji & Maida | L4: https://www.flipkart.com/fortune-besan/p/itmetefhhdrhpfge?pid=FLRETEFHZHCFSEDD&marketplace=HYPERLOCAL | N4: 118 | O4: 169 | P4: 116 | Q4: 1 kg | S4: FORTUNE | T4: mum_187_wh_hl_01 | U4: 1000 | V4: g | W4: 400051 | Y4: 2026-09-10 21:48:09
A5: 400051 | B5: Rajdhani Sooji/Rava | C5: Copy Link | D5: In Stock | F5: 1 kg | G5: 1000 | H5: g | I5: Atta, Rice & Dal | J5: Besan, Sooji & Maida | L5: https://www.flipkart.com/rajdhani-sooji/p/itmf6yfkzqrf9twn?pid=FLRF6YFKKQ39F9MZ&marketplace=HYPERLOCAL | N5: 74 | O5: 98 | Q5: 1 kg | S5: Rajdhani | T5: mum_187_wh_hl_01 | U5: 1000 | V5: g | W5: 400051 | Y5: 2026-09-10 21:48:10
A6: 400051 | B6: Tata Sampann Unpolished Masoor Dal | C6: Copy Link | D6: In Stock | F6: 500 g | G6: 500 | H6: g | I6: Atta, Rice & Dal | J6: Moong & Masoor | L6: https://www.flipkart.com/tata-sampann-unpolished-red-masoor-dal-whole/p/itmb8901742a9e80?pid=PLSEUHQJGDGFGFQC&marketplace=HYPERLOCAL | N6: 76 | O6: 79 | P6: 74 | Q6: 500 g | S6: Tata Sampann | T6: mum_187_wh_hl_01 | U6: 500 | V6: g | W6: 400051 | Y6: 2026-09-10 21:48:12
A7: 400051 | B7: Tata Sampann Unpolished Organic Moong Sabut | C7: Unpolished Yellow Moong Dal (Split) | D7: In Stock | F7: 1 kg | G7: 1000 | H7: g | I7: Atta, Rice & Dal | J7: Moong & Masoor | L7: https://www.flipkart.com/tata-sampann-organic-unpolished-yellow-moong-dal-split/p/itmc58d782587d5f?pid=PLSF8GXG5GGPFCZH&marketplace=HYPERLOCAL | N7: 121 | O7: 140 | P7: 118 | Q7: 500 g | S7: Tata Sampann Organic | T7: mum_187_wh_hl_01 | U7: 500 | V7: g | W7: 400051 | Y7: 2026-09-10 21:48:14
A8: 400051 | B8: Nutrela Soya Mini Chunks | C8: Soya Chunks | D8: In Stock | F8: 200 g | G8: 200 | H8: g | I8: Atta, Rice & Dal | J8: Rajma, Chhole & Others | L8: https://www.flipkart.com/nutrela-soya-chunks/p/itm4e39c268eb367?pid=SYCG9G85AEWQJBKP&marketplace=HYPERLOCAL | N8: 137 | O8: 190 | Q8: 1 kg | S8: NUTRELA | T8: mum_187_wh_hl_01 | U8: 1000 | V8: g | W8: 400051 | Y8: 2026-09-10 21:48:15
A9: 400051 | B9: Tata Sampann Unpolished Kabuli Chana (Big Size) | C9: Unpolished Kabuli Chana | D9: In Stock | F9: 500 g | G9: 500 | H9: g | I9: Atta, Rice & Dal | J9: Rajma, Chhole & Others | L9: https://www.flipkart.com/tata-sampann-unpolished-kabuli-chana/p/itm210199349460e?pid=PLSGHKPK5EWUDFNS&marketplace=HYPERLOCAL | N9: 162 | O9: 168 | Q9: 1 kg | S9: Tata Sampann | T9: mum_187_wh_hl_01 | U9: 1000 | V9: g | W9: 400051 | Y9: 2026-09-10 21:48:17
A10: 400051 | B10: Tata Sampann Unpolished Rajma | C10: Copy Link | D10: In Stock | F10: 500 g | G10: 500 | H10: g | I10: Atta, Rice & Dal | J10: Rajma, Chhole & Others | L10: https://www.flipkart.com/rajdhani-unpolished-kashmiri-rajma/p/itme0c53828d1ebf?pid=PLSF6Y2DWKB5NAMU&marketplace=HYPERLOCAL | N10: 76 | O10: 112 | P10: 74 | Q10: 500 g | S10: Rajdhani | T10: mum_187_wh_hl_01 | U10: 500 | V10: g | W10: 400051 | Y10: 2026-09-10 21:48:19
A11: 400051 | B11: Daawat Super Basmati Rice (Long Grain) | C11: Copy Link | D11: In Stock | F11: 5 kg | G11: 5000 | H11: g | I11: Atta, Rice & Dal | J11: Rice | L11: https://www.flipkart.com/daawat-super-basmati-rice-long-grain/p/itm5e7f4d650da77?pid=RICEUC2YGH9ZBNEH&marketplace=HYPERLOCAL | N11: 832 | O11: 995 | P11: 748 | Q11: 5 kg | S11: Daawat | T11: mum_187_wh_hl_01 | U11: 5000 | V11: g | W11: 400051 | Y11: 2026-09-10 21:48:20
A12: 400051 | B12: India Gate Daily Premium Basmati Rice (Long Grain) | C12: Copy Link | D12: In Stock | F12: 5 kg | G12: 5000 | H12: g | I12: Atta, Rice & Dal | J12: Rice | L12: https://www.flipkart.com/india-gate-flavourful-fine-daily-premium-long-slender-grains-naturally-aged-basmati-rice-long-grain-polished/p/itm4e4c0ed865572?pid=RICGGJZYTF4DW3VB&marketplace=HYPERLOCAL | N12: 528 | O12: 680 | P12: 522 | Q12: 5 kg | S12: INDIA GATE | T12: mum_187_wh_hl_01 | U12: 5000 | V12: g | W12: 400051 | Y12: 2026-09-10 21:48:22
A13: 400051 | B13: Tata Sampann Unpolished Chana Dal | C13: Unpolished Yellow Chana Dal (Split) | D13: In Stock | F13: 500 g | G13: 500 | H13: g | I13: Atta, Rice & Dal | J13: Toor, Urad & Chana | L13: https://www.flipkart.com/tata-sampann-unpolished-yellow-chana-dal-split/p/itm549c1ab20445b?pid=PLSETEHFG2EY2UCQ&marketplace=HYPERLOCAL | N13: 71 | O13: 81 | P13: 68 | Q13: 500 g | S13: Tata Sampann | T13: mum_187_wh_hl_01 | U13: 500 | V13: g | W13: 400051 | Y13: 2026-09-10 21:48:24
A14: 400051 | B14: Tata Sampann Unpolished Toor Dal | C14: Unpolished Yellow Toor/Arhar Dal | D14: In Stock | F14: 2 kg | G14: 2000 | H14: g | I14: Atta, Rice & Dal | J14: Toor, Urad & Chana | L14: https://www.flipkart.com/tata-sampann-unpolished-yellow-toor-arhar-dal/p/itmed34edd39d2e9?pid=PLSG93HVZF2ERNWR&marketplace=HYPERLOCAL | N14: 339 | O14: 448 | Q14: 2 kg | S14: Tata Sampann | T14: mum_187_wh_hl_01 | U14: 2000 | V14: g | W14: 400051 | Y14: 2026-09-10 21:48:26
A15: 400051 | B15: Nestle Cerelac Wheat Apple Baby Cereal (6 - 24 Months) | C15: Copy Link | D15: In Stock | F15: 350 g | G15: 350 | H15: g | I15: Baby Care | J15: Baby Food | L15: https://www.flipkart.com/nestle-cerelac-wheat-apple-baby-food-cereal-no-preservatives/p/itmb753364d0fd30?pid=INFETZV5GYZ6Q9FW&marketplace=HYPERLOCAL | N15: 260 | O15: 260 | Q15: 350 g | S15: Nestle Cerelac | T15: mum_187_wh_hl_01 | U15: 350 | V15: g | W15: 400051 | Y15: 2026-09-10 21:48:28
A16: 400051 | B16: Himalaya Gentle Baby Wipes | C16: Copy Link | D16: In Stock | F16: 2 x 72 wipes | G16: 144 | H16: pcs | I16: Baby Care | J16: Baby Wipes | L16: https://www.flipkart.com/johnson-s-baby-skincare-wipes-72s/p/itm85e9b2b25d29c?pid=WIPDAJ2MZYF564HG&marketplace=HYPERLOCAL | N16: 241 | O16: 280 | P16: 236 | Q16: 72 Wipes | S16: JOHNSON'S | T16: mum_187_wh_hl_01 | W16: 400051 | Y16: 2026-09-10 21:48:29
A17: 400051 | B17: Johnson's Baby Soap | C17: Copy Link | D17: In Stock | F17: 3 pcs | G17: 3 | H17: pcs | I17: Baby Care | J17: Bathing Needs | L17: https://www.flipkart.com/himalaya-extra-moisturizing-baby-soap-dry-skin-b3g1-free-75g-helps-lock-moisture/p/itmc8f1ec744e790?pid=SOPEUBZRWAGG5NR8&marketplace=HYPERLOCAL | N17: 141 | O17: 195 | P17: 138 | Q17: 3x100 g | S17: HIMALAYA | T17: mum_187_wh_hl_01 | U17: 300 | V17: g | W17: 400051 | Y17: 2026-09-10 21:48:31
A18: 400051 | B18: Pampers Happy Sleep Pant Style Baby Diaper (M) | C18: Happy Sleep Anti Rash Shield Pant Diapers - M | D18: In Stock | F18: 48 pcs | G18: 48 | H18: pcs | I18: Baby Care | J18: Diapers & More | L18: https://www.flipkart.com/pampers-happy-sleep-anti-rash-shield-m/p/itm24477fbc6c3c2?pid=DPRH3SCGZZWJQZ5M&marketplace=HYPERLOCAL | N18: 508 | O18: 609 | P18: 457 | Q18: M | 48 Pcs | S18: Pampers | T18: mum_187_wh_hl_01 | W18: 400051 | Y18: 2026-09-10 21:48:33
A19: 400051 | B19: Johnson's Baby Lotion | C19: All Day Long Baby Lotion | D19: In Stock | F19: 200 ml | G19: 200 | H19: ml | I19: Baby Care | J19: Skin & Hair Care | L19: https://www.flipkart.com/johnson-s-all-day-long-baby-lotion/p/itmf9rb3byqhwfcr?pid=MSCF6SWQ6DNGZ3AH&marketplace=HYPERLOCAL | N19: 379 | O19: 475 | P19: 371 | Q19: 500 ml | S19: JOHNSON'S | T19: mum_187_wh_hl_01 | U19: 500 | V19: ml | W19: 400051 | Y19: 2026-09-10 21:48:35
A20: 400051 | B20: Weikfield Double Action Baking Powder | C20: Copy Link | D20: In Stock | F20: 100 g | G20: 100 | H20: g | I20: Bakery & Biscuits | J20: Baking Ingredients | L20: https://www.flipkart.com/weikfield-baking-powder-100-double-action-fluppy-cakes-cookies-powder/p/itmew5z7ujzcpyje?pid=BKIEUHNZXUWBHJ2W&marketplace=HYPERLOCAL | N20: 38 | O20: 40 | P20: 36 | Q20: 100 g | S20: WeiKFiELD | T20: mum_187_wh_hl_01 | U20: 100 | V20: g | W20: 400051 | Y20: 2026-09-10 21:48:36
A21: 400051 | B21: Lotte Choco Pie | C21: Copy Link | D21: In Stock | F21: 168 g | G21: 168 | H21: g | I21: Bakery & Biscuits | J21: Cakes & Rolls | L21: https://www.flipkart.com/lotte-choco-pie-soft-biscuits-coated-premium-chocolate-cream-sandwich-biscuit/p/itm600e9df6b15a2?pid=CKBEUARSF4EKDX2U&marketplace=HYPERLOCAL | N21: 139 | O21: 180 | P21: 136 | Q21: 336 g | S21: Lotte | T21: mum_187_wh_hl_01 | U21: 336 | V21: g | W21: 400051 | Y21: 2026-09-10 21:48:38
A22: 400051 | B22: Britannia Original Bourbon Creme Biscuit | C22: Copy Link | D22: In Stock | F22: 150 g | G22: 150 | H22: g | I22: Bakery & Biscuits | J22: Cookies | L22: https://www.flipkart.com/britannia-treat-bourbon-biscuits-cream-sandwich-biscuit/p/itmd5423e0a84931?pid=CKBG7BHRWSR3AHZW&marketplace=HYPERLOCAL | N22: 10 | O22: 10 | Q22: 50 g | S22: BRITANNIA | T22: mum_187_wh_hl_01 | U22: 50 | V22: g | W22: 400051 | Y22: 2026-09-10 21:48:40
A23: 400051 | B23: Britannia Good Day Cashew Biscuit | C23: Copy Link | D23: In Stock | F23: 200 g | G23: 200 | H23: g | I23: Bakery & Biscuits | J23: Cookies | L23: https://www.flipkart.com/britannia-good-day-cashew-cookies/p/itmb56a4a28a3424?pid=CKBET6WUZUR9PUSR&marketplace=HYPERLOCAL | N23: 43 | O23: 45 | Q23: 200 g | S23: BRITANNIA | T23: mum_187_wh_hl_01 | U23: 200 | V23: g | W23: 400051 | Y23: 2026-09-10 21:48:42
A24: 400051 | B24: Malkist Cheese Flavoured Cracker Biscuit - Family Pack | C24: Copy Link | D24: Out of Stock | F24: 144 g | G24: 144 | H24: g | I24: Bakery & Biscuits | J24: Cream Biscuits | L24: https://www.flipkart.com/malkist-cheese-cream-cracker-biscuit/p/itm2ff267d048c58?pid=CKBFT7N3QQG8NVZZ&marketplace=HYPERLOCAL | N24: 57 | O24: 60 | P24: 55 | Q24: 144 g | S24: Malkist | T24: mum_187_wh_hl_01 | U24: 144 | V24: g | W24: 400051 | Y24: 2026-09-10 21:48:44
A25: 400051 | B25: Britannia Marie Gold Marie Biscuits (208 g) | C25: Copy Link | D25: In Stock | F25: 208 g | G25: 208 | H25: g | I25: Bakery & Biscuits | J25: Glucose & Marie | L25: https://www.flipkart.com/britannia-vita-gold-marie-biscuit/p/itm5b8071bd3b51b?pid=CKBET6WVSMK7UFHE&marketplace=HYPERLOCAL | N25: 38 | O25: 45 | Q25: 248 g | S25: BRITANNIA | T25: mum_187_wh_hl_01 | U25: 248 | V25: g | W25: 400051 | Y25: 2026-09-10 21:48:45
A26: 400051 | B26: Britannia NutriChoice Digestive High Fibre Biscuit - 250 g Family Pack | C26: Gold Marie Biscuit | D26: In Stock | F26: 250 g | G26: 250 | H26: g | I26: Bakery & Biscuits | J26: Healthy & Digestive | L26: https://www.flipkart.com/britannia-gold-marie-biscuit/p/itm353dd93c372d2?pid=CKBET6WU3CEGCYV2&marketplace=HYPERLOCAL | N26: 38 | O26: 40 | Q26: 250 g | S26: BRITANNIA | T26: mum_187_wh_hl_01 | U26: 250 | V26: g | W26: 400051 | Y26: 2026-09-10 21:48:47
A27: 400051 | B27: McVitie's Digestive High Fibre Biscuit | C27: Copy Link | D27: Out of Stock | F27: 959.1 g | G27: 959.1 | H27: g | I27: Bakery & Biscuits | J27: Healthy & Digestive | L27: https://www.flipkart.com/mcvitie-s-high-fibre-biscuits-trans-fat-free-digestive-biscuit/p/itmd3de9538585f5?pid=CKBGVZFJNBTRRJPH&marketplace=HYPERLOCAL | N27: 0 | O27: 0 | S27: McVitie's | W27: 400051 | Y27: 2026-09-10 21:48:49
A28: 400051 | B28: Nivea Nourishing Body Lotion | C28: Body Lotion for Very Dry Skin, Nourishing Body Milk with 2x Almond Oil, For Men & Women | D28: In Stock | F28: 600 ml | G28: 600 | H28: ml | I28: Beauty & Cosmetics | J28: Body & Skin Care | L28: https://www.flipkart.com/nivea-body-lotion-very-dry-skin-nourishing-milk-2x-almond-oil-men-women/p/itmfa397ef11314a?pid=MSCET7YRBUNFUGV2&marketplace=HYPERLOCAL | N28: 110 | O28: 130 | P28: 107 | Q28: 120 ml | S28: NIVEA | T28: mum_187_wh_hl_01 | U28: 120 | V28: ml | W28: 400051 | Y28: 2026-09-10 21:48:50
A29: 400051 | B29: Maybelline New York Colossal Kajal (Deep Black) | C29: Copy Link | D29: In Stock | F29: 0.35 g | G29: 0.35 | H29: g | I29: Beauty & Cosmetics | J29: Eye Makeup | L29: https://www.flipkart.com/maybelline-new-york-colossal-kajal/p/itm689854fb6af5f?pid=KJLE2DAJUF7KADCQ&marketplace=HYPERLOCAL | N29: 150 | O29: 220 | Q29: Black | S29: MAYBELLINE NEW YORK | T29: mum_187_wh_hl_01 | W29: 400051 | Y29: 2026-09-10 21:48:52
A30: 400051 | B30: Pond's Bright Beauty Serum Skin Treatment Cream 34 g | F30: 35 g | G30: 35 | H30: g | I30: Beauty & Cosmetics | J30: Face Care
A31: 400051 | B31: Lakme Forever Matte Compact (Pearl) | C31: Copy Link | D31: In Stock | F31: 9 g | G31: 9 | H31: g | I31: Beauty & Cosmetics | J31: Face Cosmetics | L31: https://www.flipkart.com/lakm-forever-matte-compact/p/itm70a5e612ec622?pid=CMPG5K3DYPJBSZK3&marketplace=HYPERLOCAL | N31: 206 | O31: 245 | P31: 201 | S31: Lakmé | T31: mum_187_wh_hl_01 | W31: 400051 | Y31: 2026-09-10 21:48:54
A32: 400051 | B32: Livon Anti-Frizz Hair Serum | C32: Hair Serum,For Dry & Frizzy Hair, Provides shine, smoothness & damage protection | D32: In Stock | F32: 50 ml | G32: 50 | H32: ml | I32: Beauty & Cosmetics | J32: Hair Styling & Treatment | L32: https://www.flipkart.com/livon-hair-serum-for-dry-frizzy-hair-provides-shine-smoothness-damage-protection/p/itm46b51dbec7c99?pid=HSMDDAZEGXVQ2PD4&marketplace=HYPERLOCAL | N32: 203 | O32: 350 | P32: 198 | Q32: 100 ml | S32: LIVON | T32: mum_187_wh_hl_01 | U32: 100 | V32: ml | W32: 400051 | Y32: 2026-09-10 21:48:56
A33: 400051 | B33: Nivea Essential Care Lip Balm | C33: Essential Original Care Lip Balm Natural | D33: In Stock | F33: 4.8 g | G33: 4.8 | H33: g | I33: Beauty & Cosmetics | J33: Lip & Eye Care | L33: https://www.flipkart.com/nivea-care-natural/p/itmet5uxkbysnrjr?pid=LPBET5UXDPYZQH6Z&marketplace=HYPERLOCAL | N33: 138 | O33: 175 | P33: 135 | S33: NIVEA | T33: mum_187_wh_hl_01 | W33: 400051 | Y33: 2026-09-10 21:48:57
A34: 400051 | B34: Lakme 9To5 Hya Matte Lipstick (Workday Rose) | C34: Copy Link | D34: Out of Stock | F34: 3.6 g | G34: 3.6 | H34: g | I34: Beauty & Cosmetics | J34: Lip Cosmetics | L34: https://www.flipkart.com/lakm-9to5-primer-matte-lip-color/p/itmc921adcfbfd56?pid=LSKFX4KERQHZ8KCT&marketplace=HYPERLOCAL | N34: 483 | O34: 650 | P34: 473 | Q34: MR5 Berry Base | S34: Lakmé | T34: mum_187_wh_hl_01 | W34: 400051 | Y34: 2026-09-10 21:48:59
A35: 400051 | B35: Lakme Nail Paint Remover | C35: Copy Link | D35: In Stock | F35: 27 ml | G35: 27 | H35: ml | I35: Beauty & Cosmetics | J35: Nail Cosmetics | L35: https://www.flipkart.com/lakm-liquid-nail-polish-remover-vitamin-e-27ml/p/itm483b1bf92a749?pid=NPRGXQC9B6M7URE2&marketplace=HYPERLOCAL | N35: 96 | O35: 110 | P35: 94 | S35: Lakmé | T35: mum_187_wh_hl_01 | W35: 400051 | Y35: 2026-09-10 21:49:01
A36: 400051 | B36: Licious Chicken Curry Cut (Small Pieces) | C36: Copy Link | D36: Out of Stock | F36: 450 g | G36: 450 | H36: g | I36: Chicken, Meat & Fish | J36: Fresh Meat | L36: https://www.flipkart.com/licious-chicken-curry-cut-large-pcs/p/itm3babb9d82c00e?pid=MEAFSCBFTHQK8S42&marketplace=HYPERLOCAL | N36: 0 | O36: 0 | S36: Licious | W36: 400051 | Y36: 2026-09-10 21:49:02
A37: 400051 | B37: Surf Excel Easy Wash Detergent Powder | C37: Easy Wash Detergent Powder | D37: In Stock | F37: 1 kg | G37: 1000 | H37: g | I37: Cleaning Essentials | J37: Detergent Powder & Bars | L37: https://www.flipkart.com/surf-excel-easy-wash-detergent-powder/p/itm2ebbcc2dd9963?pid=LDTET5UDBXDFKWAZ&marketplace=HYPERLOCAL | N37: 80 | O37: 85 | Q37: 500 g | S37: Surf excel | T37: mum_187_wh_hl_01 | U37: 500 | V37: g | W37: 400051 | Y37: 2026-09-10 21:49:05
A38: 400051 | B38: Scotch Brite Scrub Pad | C38: Copy Link | D38: In Stock | F38: 5 pcs | G38: 5 | H38: pcs | I38: Cleaning Essentials | J38: Dishwashing Accessories | L38: https://www.flipkart.com/scotch-brite-super-strong7x10-cm-scrub-pad/p/itmbf74cb7a4cce7?pid=SRPGREGHT3BHJHFH&marketplace=HYPERLOCAL | N38: 32 | O38: 45 | P38: 30 | Q38: Pack of 1 | S38: Scotch-Brite | T38: mum_187_wh_hl_01 | W38: 400051 | Y38: 2026-09-10 21:49:07
A39: 400051 | B39: Vim Lemon Dishwash Bar (300 g) | C39: Dishwash Bar | D39: In Stock | F39: 300 g | G39: 300 | H39: g | I39: Cleaning Essentials | J39: Dishwashing Bars & Tubs | L39: https://www.flipkart.com/vim-dishwash-bar/p/itmew7uegahfruem?pid=DWBEU6M6WTGKAG9Q&marketplace=HYPERLOCAL | N39: 28 | O39: 30 | Q39: 275 g | S39: Vim | T39: mum_187_wh_hl_01 | U39: 275 | V39: g | W39: 400051 | Y39: 2026-09-10 21:49:09
A40: 400051 | B40: Vim Lemon Dishwash Gel | C40: Dish Cleaning Gel | D40: In Stock | F40: 750 ml | G40: 750 | H40: ml | I40: Cleaning Essentials | J40: Dishwashing Gels & Tablets | L40: https://www.flipkart.com/vim-dish-cleaning-gel/p/itmfd4qydmg59zvy?pid=DCGEUJSDG7NPZKHP&marketplace=HYPERLOCAL | N40: 137 | O40: 140 | Q40: 0.5 L | S40: Vim | T40: mum_187_wh_hl_01 | U40: 500 | V40: ml | W40: 400051 | Y40: 2026-09-10 21:49:11
A41: 400051 | B41: Comfort After Wash Fabric Conditioner (Lily Fresh) | C41: After Wash Morning Fresh Fabric Conditioner | D41: In Stock | F41: 860 ml | G41: 860 | H41: ml | I41: Cleaning Essentials | J41: Fabric Conditioner & Additives | L41: https://www.flipkart.com/comfort-after-wash-morning-fresh-fabric-conditioner/p/itmf9jz4xzjyyer4?pid=FSNETM7DWRUTJBMG&marketplace=HYPERLOCAL | N41: 110 | O41: 125 | Q41: 430 ml | S41: Comfort | T41: mum_187_wh_hl_01 | U41: 430 | V41: ml | W41: 400051 | Y41: 2026-09-10 21:49:13
A42: 400051 | B42: Lizol Disinfectant Surface & Floor Cleaner (Citrus) 2 l | C42: Copy Link | D42: In Stock | F42: 2 ltr | G42: 2000 | H42: ml | I42: Cleaning Essentials | J42: Floor & Surface Cleaners | L42: https://www.flipkart.com/lizol-disinfectant-surface-cleaner-floor-bathroom-kitchen-tile-not-phenyl-liquid-floral/p/itmc7b54d3fb6adf?pid=BCRETEEZZZ5DRZGG&marketplace=HYPERLOCAL | N42: 414 | O42: 492 | P42: 409 | Q42: 2 L | S42: Lizol | T42: mum_187_wh_hl_01 | U42: 2000 | V42: ml | W42: 400051 | Y42: 2026-09-10 21:49:14
A43: 400051 | B43: Surf Excel Matic Top Load Liquid Detergent | C43: Matic Top Load Fresh Liquid Detergent | D43: In Stock | F43: 1 kg | G43: 1000 | H43: g | I43: Cleaning Essentials | J43: Liquid Detergents | L43: https://www.flipkart.com/surf-excel-matic-liquid-detergent-top-load-pouch-fresh/p/itm2072dc25c24ca?pid=LDTF6Y53EJ4TWGXZ&marketplace=HYPERLOCAL | N43: 314 | O43: 355 | Q43: 2 L | S43: Surf excel | T43: mum_187_wh_hl_01 | U43: 2000 | V43: ml | W43: 400051 | Y43: 2026-09-10 21:49:16
A44: 400051 | B44: Harpic Disinfectant Liquid Toilet Cleaner - (Original) | C44: Copy Link | D44: In Stock | F44: 1 ltr | G44: 1000 | H44: ml | I44: Cleaning Essentials | J44: Toilet & Bathroom Cleaners | L44: https://www.flipkart.com/harpic-toilet-cleaner-liquid-basin-commode-tile-bathroom-not-phenyl-blue-original-liquid-cleaner/p/itm9da35484b28f7?pid=TCNFBM86CZESNXDR&marketplace=HYPERLOCAL | N44: 382 | O44: 470 | P44: 378 | Q44: 2x1 L | S44: Harpic | T44: mum_187_wh_hl_01 | U44: 2000 | V44: ml | W44: 400051 | Y44: 2026-09-10 21:49:18
A45: 400051 | B45: Storia Tender Concentrate Coconut Water - No Added Sugar | C45: Copy Link | D45: In Stock | F45: 1 ltr | G45: 1000 | H45: ml | I45: Cold Drinks & Juices | J45: Coconut Water | L45: https://www.flipkart.com/storia-tender-coconut-water-no-added-sugar-low-calorie/p/itmb54cf8dea9e89?pid=DAJFQEGPYQP4UKG4&marketplace=HYPERLOCAL | N45: 98 | O45: 178 | P45: 96 | Q45: 1 L | S45: Storia | T45: mum_187_wh_hl_01 | U45: 1000 | V45: ml | W45: 400051 | Y45: 2026-09-10 21:49:20
A46: 400051 | B46: Lipton Lemon Iced Tea | C46: Clear & Light Green Tea Bags 50 pcs Green Tea Bags Box | D46: In Stock | F46: 350 ml | G46: 350 | H46: ml | I46: Cold Drinks & Juices | J46: Cold Coffee & Ice Tea | L46: https://www.flipkart.com/lipton-clear-light-green-tea-bags-50-pcs-box/p/itm0e69ac7c13d2f?pid=TEAGR9FPKC6WYJHV&marketplace=HYPERLOCAL | N46: 360 | O46: 400 | P46: 356 | Q46: 65 g Box | S46: Lipton | T46: mum_187_wh_hl_01 | U46: 65 | V46: g | W46: 400051 | Y46: 2026-09-10 21:49:21
A47: 400051 | B47: Nescafe Ready to Drink Cold Coffee, Iced Latte | C47: Copy Link | D47: In Stock | F47: 180 ml | G47: 180 | H47: ml | I47: Cold Drinks & Juices | J47: Cold Coffee & Ice Tea | L47: https://www.flipkart.com/nescafe-ready-drink-coffee-flavoured-milk-iced-latte-cold-brew/p/itm4e882a969a918?pid=CFEHM9JGDVRFBRNG&marketplace=HYPERLOCAL | N47: 40 | O47: 45 | P47: 38 | Q47: 180 ml | S47: Nescafe | T47: mum_187_wh_hl_01 | U47: 180 | V47: ml | W47: 400051 | Y47: 2026-09-10 21:49:23
A48: 400051 | B48: Hamdard Rooh Afza Rose Sharbat | C48: Copy Link | D48: In Stock | F48: 750 ml | G48: 750 | H48: ml | I48: Cold Drinks & Juices | J48: Concentrates & Syrups | L48: https://www.flipkart.com/rooh-afza-sharbat-rose/p/itmbd0091b881d7f?pid=CNCFFDJ7GGVGZEPJ&marketplace=HYPERLOCAL | N48: 170 | O48: 170 | S48: Rooh Afza | T48: mum_187_wh_hl_01 | W48: 400051 | Y48: 2026-09-10 21:49:24
A49: 400051 | B49: Red Bull Energy Drink | C49: Copy Link | D49: Out of Stock | F49: 250 ml | G49: 250 | H49: ml | I49: Cold Drinks & Juices | J49: Energy Drinks | L49: https://www.flipkart.com/red-bull-energy-drink/p/itmcf6e3657eb35f?pid=ESRH2X43RXX5SZF9&marketplace=HYPERLOCAL | N49: 0 | O49: 0 | S49: Red Bull | W49: 400051 | Y49: 2026-09-10 21:49:26
A50: 400051 | B50: Real Activ Fibre+ Multi Fruit Juice | C50: Copy Link | D50: In Stock | F50: 1 ltr | G50: 1000 | H50: ml | I50: Cold Drinks & Juices | J50: Fruit Juice | L50: https://www.flipkart.com/real-activ-fiber-multi-fruit-juice/p/itmewnfrgvfzfxx3?pid=DAJEUARY2AKYHEZC&marketplace=HYPERLOCAL | N50: 132 | O50: 160 | P50: 129 | Q50: 1 L | S50: Real | T50: mum_187_wh_hl_01 | U50: 1000 | V50: ml | W50: 400051 | Y50: 2026-09-10 21:49:28
A51: 400051 | B51: Frooti Mango Drink | C51: Copy Link | D51: Out of Stock | F51: 150 ml | G51: 150 | H51: ml | I51: Cold Drinks & Juices | J51: Mango Drinks | L51: https://www.flipkart.com/frooti-mango-drink/p/itmexfz3zgpkndqr?pid=DAJHJRZR8GYQJVT9&marketplace=HYPERLOCAL | N51: 60 | O51: 85 | Q51: 1.5 L | S51: FROOTI | T51: mum_187_wh_hl_01 | U51: 1500 | V51: ml | W51: 400051 | Y51: 2026-09-10 21:49:29
A52: 400051 | B52: Real Activ Apple Juice | C52: Copy Link | D52: In Stock | F52: 1 ltr | G52: 1000 | H52: ml | I52: Cold Drinks & Juices | J52: Pure Juices | L52: https://www.flipkart.com/real-activ-100-apple-juice/p/itmf4z9pmzdj2zzg?pid=DAJEUARYXF2VRAKE&marketplace=HYPERLOCAL | N52: 128 | O52: 160 | P52: 125 | Q52: 1 L | S52: Real | T52: mum_187_wh_hl_01 | U52: 1000 | V52: ml | W52: 400051 | Y52: 2026-09-10 21:49:31
A53: 400051 | B53: Kinley Strong Soda Water | C53: Copy Link | D53: In Stock | F53: 750 ml | G53: 750 | H53: ml | I53: Cold Drinks & Juices | J53: Soda & Mixers | L53: https://www.flipkart.com/bisleri-extra-strong-zero-sugar-soda/p/itmc4e825b170e16?pid=ARDGN58N2VGRXHFM&marketplace=HYPERLOCAL | N53: 20 | O53: 20 | Q53: 750 ml | S53: Bisleri | T53: mum_187_wh_hl_01 | U53: 750 | V53: ml | W53: 400051 | Y53: 2026-09-10 21:49:33
A54: 400051 | B54: Schweppes Indian Tonic Water | C54: Copy Link | D54: In Stock | F54: 300 ml | G54: 300 | H54: ml | I54: Cold Drinks & Juices | J54: Soda & Mixers | L54: https://www.flipkart.com/schweppes-contains-quinine-tonic-water/p/itmb597fd1d87dc6?pid=ARDETM7VF9QDFEM8&marketplace=HYPERLOCAL | N54: 57 | O54: 60 | P54: 55 | Q54: 300 ml | S54: Schweppes | T54: mum_187_wh_hl_01 | U54: 300 | V54: ml | W54: 400051 | Y54: 2026-09-10 21:49:35
A55: 400051 | B55: Coca-Cola Cola Soft Drink | C55: Copy Link | D55: Out of Stock | F55: 300 ml | G55: 300 | H55: ml | I55: Cold Drinks & Juices | J55: Soft Drinks | L55: https://www.flipkart.com/coca-cola-original-taste-soft-drink/p/itm0c67cee021b1b?pid=ARDET6ZNEMZRRTFK&marketplace=HYPERLOCAL | N55: 39 | O55: 40 | Q55: 300 ml | S55: Coca-Cola | T55: mum_187_wh_hl_01 | U55: 300 | V55: ml | W55: 400051 | Y55: 2026-09-10 21:49:37
A56: 400051 | B56: Pepsi Cola Soft Drink (2.25 l) | C56: Copy Link | D56: Out of Stock | F56: 2.25 ltr | G56: 2250 | H56: ml | I56: Cold Drinks & Juices | J56: Soft Drinks | L56: https://www.flipkart.com/pepsi-soft-drink/p/itm227f83292d4d5?pid=ARDEUATWPVVGZR6J&marketplace=HYPERLOCAL | N56: 95 | O56: 100 | P56: 93 | Q56: 2250 ml | S56: Pepsi | T56: mum_187_wh_hl_01 | U56: 2250 | V56: ml | W56: 400051 | Y56: 2026-09-10 21:49:39
A57: 400051 | B57: Bisleri Packaged Water (1 l) | C57: Copy Link | D57: In Stock | F57: 1 ltr | G57: 1000 | H57: ml | I57: Cold Drinks & Juices | J57: Water & Ice Cubes | L57: https://www.flipkart.com/bisleri-mineral-water/p/itm06149fe699cad?pid=WERGN58KURUQAGVJ&marketplace=HYPERLOCAL | N57: 20 | O57: 20 | Q57: 1 L | S57: Bisleri | T57: mum_187_wh_hl_01 | U57: 1000 | V57: ml | W57: 400051 | Y57: 2026-09-10 21:49:40
A58: 400051 | B58: iD Idli & Dosa Batter - 1 kg | C58: Copy Link | D58: In Stock | F58: 1 kg | G58: 1000 | H58: g | I58: Dairy & Breakfast | J58: Batter | L58: https://www.flipkart.com/id-idli-dosa-batter-1-kg/p/itm910b56ed9104c?pid=RYMFJHGTKQMZXHCW&marketplace=HYPERLOCAL | N58: 98 | O58: 105 | Q58: 1 kg | S58: iD | T58: mum_187_wh_hl_01 | U58: 1000 | V58: g | W58: 400051 | Y58: 2026-09-10 21:49:42
A59: 400051 | B59: Britannia 100% Whole Wheat Bread (No Maida) | C59: Copy Link | D59: Out of Stock | F59: 400 g | G59: 400 | H59: g | I59: Dairy & Breakfast | J59: Bread & Pav | L59: https://www.flipkart.com/britannia-100-whole-wheat-bread/p/itmb520d96adec79?pid=BABH9HZY4S97BGFY&marketplace=HYPERLOCAL | N59: 0 | O59: 0 | S59: BRITANNIA | W59: 400051 | Y59: 2026-09-10 21:49:44
A60: 400051 | B60: Britannia Pav | C60: Copy Link | D60: In Stock | F60: 250 g | G60: 250 | H60: g | I60: Dairy & Breakfast | J60: Bread & Pav | L60: https://www.flipkart.com/britannia-mumbai-pav-bread/p/itm4ae5f4603443a?pid=BABHMCY6GJYZ9CZQ&marketplace=HYPERLOCAL | N60: 29 | O60: 30 | Q60: 250 g | S60: BRITANNIA | T60: mum_187_wh_hl_01 | U60: 250 | V60: g | W60: 400051 | Y60: 2026-09-10 21:49:45
A61: 400051 | B61: The Health Factory Zero Maida Atta Bread (Wheat Bread) | C61: Copy Link | D61: In Stock | F61: 350 g | G61: 350 | H61: g | I61: Dairy & Breakfast | J61: Bread & Pav | L61: https://www.flipkart.com/health-factory-zero-maida-bread-simply-whole-wheat/p/itm1290b421d655e?pid=BABHYPYK7TGYXEFB&marketplace=HYPERLOCAL | N61: 59 | O61: 65 | P61: 56 | Q61: 350 g | S61: The Health Factory | T61: mum_187_wh_hl_01 | U61: 350 | V61: g | W61: 400051 | Y61: 2026-09-10 21:49:47
A62: 400051 | B62: Amul Salted Butter | C62: Copy Link | D62: Out of Stock | F62: 100 g | G62: 100 | H62: g | I62: Dairy & Breakfast | J62: Butter & More | L62: https://www.flipkart.com/amul-pasteurised-salted-butter/p/itmd8456fd5e5276?pid=BUTEZ3B9ZGVHWUVG&marketplace=HYPERLOCAL | N62: 310 | O62: 310 | Q62: 500 g | S62: Amul | T62: mum_187_wh_hl_01 | U62: 500 | V62: g | W62: 400051 | Y62: 2026-09-10 21:49:49
A63: 400051 | B63: Amul Cheese Cubes | C63: Copy Link | D63: In Stock | F63: 200 g | G63: 200 | H63: g | I63: Dairy & Breakfast | J63: Cheese | L63: https://www.flipkart.com/amul-easy-open-chiplet-8-cubes-processed-cheese/p/itmez6a8zch8hrbk?pid=CHEEZ6A8KJRBNKED&marketplace=HYPERLOCAL | N63: 135 | O63: 135 | Q63: 200 g, 8 Units | S63: Amul | T63: mum_187_wh_hl_01 | W63: 400051 | Y63: 2026-09-10 21:49:52
A64: 400051 | B64: Amul Cheese Slices | C64: Copy Link | D64: In Stock | F64: 200 g | G64: 200 | H64: g | I64: Dairy & Breakfast | J64: Cheese | L64: https://www.flipkart.com/amul-plain-processed-cheese-slices/p/itmcd6388db1cea0?pid=CHEHBF8AFRQHFHG5&marketplace=HYPERLOCAL | N64: 117 | O64: 170 | P64: 112 | Q64: 200 g | S64: Amul | T64: mum_187_wh_hl_01 | U64: 200 | V64: g | W64: 400051 | Y64: 2026-09-10 21:49:54
A65: 400051 | B65: Amul Fresh Cream | C65: Copy Link | D65: Out of Stock | F65: 250 ml | G65: 250 | H65: ml | I65: Dairy & Breakfast | J65: Cream & Whitener | L65: https://www.flipkart.com/mother-dairy-pure-cream/p/itmex437hgryerzr?pid=MLKEX437K482JBRN&marketplace=HYPERLOCAL | N65: 62 | O65: 65 | Q65: 200 ml | S65: MOTHER DAIRY | T65: mum_187_wh_hl_01 | U65: 200 | V65: ml | W65: 400051 | Y65: 2026-09-10 21:49:55
A66: 400051 | B66: Amul Masti Set Cup Curd Tub | C66: Copy Link | D66: In Stock | F66: 1 kg | G66: 1000 | H66: g | I66: Dairy & Breakfast | J66: Curd & Yogurt | L66: https://www.flipkart.com/amul-masti-dahi-plain-curd/p/itmcdb6b5d72c2ae?pid=CUYG2PU8DJWTVW6A&marketplace=HYPERLOCAL | N66: 20 | O66: 20 | Q66: 200 ml | S66: Amul | T66: mum_187_wh_hl_01 | U66: 200 | V66: ml | W66: 400051 | Y66: 2026-09-10 21:49:57
A67: 400051 | B67: Epigamia Alphonso Mango Flavoured Yogurt | C67: Copy Link | D67: In Stock | F67: 75 g | G67: 75 | H67: g | I67: Dairy & Breakfast | J67: Curd & Yogurt | L67: https://www.flipkart.com/epigamia-mango-flavoured-yogurt-flavored/p/itmb5d0700bac805?pid=CUYH45ZFGZHWKGRZ&marketplace=HYPERLOCAL | N67: 21 | O67: 25 | Q67: 75 g | S67: EPIGAMIA | T67: mum_187_wh_hl_01 | U67: 75 | V67: g | W67: 400051 | Y67: 2026-09-10 21:49:58
A68: 400051 | B68: Licious Farm Fresh Classic White Protein Rich Eggs | C68: Copy Link | D68: In Stock | F68: 6 pcs | G68: 6 | H68: pcs | I68: Dairy & Breakfast | J68: Eggs | L68: https://www.flipkart.com/farm-made-free-range-hen-brown-eggs/p/itmfbyftzpzjmwtk?pid=EEGFBYFTRVJMZCKM&marketplace=HYPERLOCAL | N68: 146 | O68: 159 | Q68: 6 Units | S68: Farm Made | T68: mum_187_wh_hl_01 | W68: 400051 | Y68: 2026-09-10 21:50:00
A69: 400051 | B69: Kellogg's Corn Flakes Original | C69: Copy Link | D69: Out of Stock | F69: 475 g | G69: 475 | H69: g | I69: Dairy & Breakfast | J69: Flakes & Kids Cereals | L69: https://www.flipkart.com/kellogg-s-corn-flakes-real-almonds-honey-650g-power-breakfast-7-vitamins-box/p/itm9ed5469ebc682?pid=CAFETEGHGUZHNNPN&marketplace=HYPERLOCAL | N69: 0 | O69: 0 | S69: Kellogg's | W69: 400051 | Y69: 2026-09-10 21:50:02
A70: 400051 | B70: Dabur Honey Squeezy | C70: Honey Squeezy 225g (Buy 1 Get 1) | Easy Squeeze Pack | Everyday Use | D70: In Stock | F70: 450 g | G70: 450 | H70: g | I70: Dairy & Breakfast | J70: Honey & Chyawanprash | L70: https://www.flipkart.com/dabur-honey-squeezy/p/itmeu6mgvfaedn4q?pid=HNYFCFJZGVSG3KHK&marketplace=HYPERLOCAL | N70: 167 | O70: 249 | P70: 163 | Q70: 2x225 g | S70: Dabur | T70: mum_187_wh_hl_01 | U70: 450 | V70: g | W70: 400051 | Y70: 2026-09-10 21:50:04
A71: 400051 | B71: Amul Sweet Lassi | C71: Copy Link | D71: In Stock | F71: 200 ml | G71: 200 | H71: ml | I71: Dairy & Breakfast | J71: Lassi, Shakes & More | L71: https://www.flipkart.com/amul-na-sweet-lassi/p/itmewfrbds9tjxua?pid=LSIEUHZAMXZHJMHZ&marketplace=HYPERLOCAL | N71: 25 | O71: 25 | Q71: 250 ml | S71: Amul | T71: mum_187_wh_hl_01 | U71: 250 | V71: ml | W71: 400051 | Y71: 2026-09-10 21:50:05
A72: 400051 | B72: Amul Cow Milk | C72: Copy Link | D72: In Stock | F72: 500 ml | G72: 500 | H72: ml | I72: Dairy & Breakfast | J72: Milk | L72: https://www.flipkart.com/amul-cow-milk/p/itm06ed6c697c4fb?pid=MLKHFR86CFESKGP7&marketplace=HYPERLOCAL | N72: 30 | O72: 30 | Q72: 500 ml | S72: Amul | T72: mum_187_wh_hl_01 | U72: 500 | V72: ml | W72: 400051 | Y72: 2026-09-10 21:50:07
A73: 400051 | B73: Amul Taaza Toned Milk | C73: Copy Link | D73: Out of Stock | F73: 500 ml | G73: 500 | H73: ml | I73: Dairy & Breakfast | J73: Milk | L73: https://www.flipkart.com/amul-taaza-toned-milk/p/itm8a494bf913753?pid=MLKHFR86BF77KGXZ&marketplace=HYPERLOCAL | N73: 30 | O73: 30 | Q73: 500 ml | S73: Amul | T73: mum_187_wh_hl_01 | U73: 500 | V73: ml | W73: 400051 | Y73: 2026-09-10 21:50:09
A74: 400051 | B74: Kellogg's Fruit, Nut & Seeds Muesli | C74: Muesli Fruit Nut & Seeds | 12-In-1 Power Breakfast |No Maida Pouch | D74: Out of Stock | F74: 500 g | G74: 500 | H74: g | I74: Dairy & Breakfast | J74: Muesli & Granola | L74: https://www.flipkart.com/kellogg-s-muesli-fruit-nut-seeds-12-1-power-breakfast-no-maida-palm-oil-pouch/p/itmbc5fd5a6a084c?pid=CAFFZ4485M5QZPVF&marketplace=HYPERLOCAL | N74: 347 | O74: 489 | P74: 343 | Q74: 750 g Pouch | S74: Kellogg's | T74: mum_187_wh_hl_01 | U74: 750 | V74: g | W74: 400051 | Y74: 2026-09-10 21:50:11
A75: 400051 | B75: Quaker Rolled Instant Oats | C75: Oats Pouch | D75: In Stock | F75: 400 g | G75: 400 | H75: g | I75: Dairy & Breakfast | J75: Oats | L75: https://www.flipkart.com/quaker-oats-pouch/p/itmf3qzpykhzhyr2?pid=CAFEUD56GKJXXSNC&marketplace=HYPERLOCAL | N75: 85 | O75: 86 | Q75: 400 g Pouch | S75: Quaker | T75: mum_187_wh_hl_01 | U75: 400 | V75: g | W75: 400051 | Y75: 2026-09-10 21:50:13
A76: 400051 | B76: Amul Fresh Malai Paneer | C76: Copy Link | D76: In Stock | F76: 200 g | G76: 200 | H76: g | I76: Dairy & Breakfast | J76: Paneer & Tofu | L76: https://www.flipkart.com/amul-malai-paneer/p/itmd2dac5a7f0d05?pid=PTFFSFHZPJ9AHZGT&marketplace=HYPERLOCAL | N76: 95 | O76: 95 | P76: 92 | Q76: 200 g | S76: Amul | T76: mum_187_wh_hl_01 | U76: 200 | V76: g | W76: 400051 | Y76: 2026-09-10 21:50:16
A77: 400051 | B77: Tata Sampann Thin Poha | C77: Copy Link | D77: In Stock | F77: 500 g | G77: 500 | H77: g | I77: Dairy & Breakfast | J77: Poha, Daliya & Other Grains | L77: https://www.flipkart.com/tata-sampann-high-fibre-thick-poha/p/itmac7f42993b418?pid=RICG35FPMB9WRJES&marketplace=HYPERLOCAL | N77: 90 | O77: 113 | Q77: 1 kg | S77: Tata Sampann | T77: mum_187_wh_hl_01 | U77: 1000 | V77: g | W77: 400051 | Y77: 2026-09-10 21:50:17
A78: 400051 | B78: MTR Roasted Vermicelli | C78: Copy Link | D78: In Stock | F78: 850 g | G78: 850 | H78: g | I78: Dairy & Breakfast | J78: Vermicelli | L78: https://www.flipkart.com/mtr-vermicelli-400-g/p/itm3b3845998adee?pid=VMCEU373HTPFPHN6&marketplace=HYPERLOCAL | N78: 61 | O78: 67 | P78: 59 | Q78: 400 g | S78: MTR | T78: mum_187_wh_hl_01 | U78: 400 | V78: g | W78: 400051 | Y78: 2026-09-10 21:50:19
A79: 400051 | B79: Happilo Premium Natural Californian Almonds | C79: Premium Naturals Californian Almonds Almonds | D79: In Stock | F79: 200 g | G79: 200 | H79: g | I79: Dry Fruits, Masala & Oil | J79: Dry Fruits | L79: https://www.flipkart.com/happilo-premium-naturals-californian-almonds/p/itm91dc68d0b1a8f?pid=NDFFGHMX4PYUEZBJ&marketplace=HYPERLOCAL | N79: 563 | O79: 750 | P79: 551 | Q79: 450 g | S79: Happilo | T79: mum_187_wh_hl_01 | U79: 450 | V79: g | W79: 400051 | Y79: 2026-09-10 21:50:21
A80: 400051 | B80: Amul Pure Ghee | C80: Copy Link | D80: Out of Stock | F80: 1 ltr | G80: 1000 | H80: ml | I80: Dry Fruits, Masala & Oil | J80: Ghee & Vanaspati | L80: https://www.flipkart.com/amul-pure-ghee-plastic-bottle/p/itmfghgzwqgbnzjj?pid=GHEFYYSKCCA3TSMF&marketplace=HYPERLOCAL | N80: 663 | O80: 670 | P80: 596 | Q80: 1 L | S80: Amul | T80: mum_187_wh_hl_01 | U80: 1000 | V80: ml | W80: 400051 | Y80: 2026-09-10 21:50:23
A81: 400051 | B81: Sundrop Refined Sunflower Oil | C81: Copy Link | D81: Out of Stock | F81: 1.75 l | G81: 1750 | H81: ml | I81: Dry Fruits, Masala & Oil | J81: Oil | L81: https://www.flipkart.com/sundrop-lite-refined-blended-oil/p/itm4a02cd54ee933?pid=EDOF6H79SUBPEYJK&marketplace=HYPERLOCAL | N81: 212 | O81: 225 | Q81: 850 g | S81: Sundrop | T81: mum_187_wh_hl_01 | U81: 850 | V81: g | W81: 400051 | Y81: 2026-09-10 21:50:25
A82: 400051 | B82: Everest Kashmiri Red Chilli Powder | C82: Copy Link | D82: In Stock | F82: 100 g | G82: 100 | H82: g | I82: Dry Fruits, Masala & Oil | J82: Powdered Spice | L82: https://www.flipkart.com/everest-kashmirilal-red-chilli-powder/p/itm4a69884ccab3e?pid=SCMGYF9XCMZQQQZB&marketplace=HYPERLOCAL | N82: 216 | O82: 262 | P82: 213 | Q82: 200 g | S82: EVEREST | T82: mum_187_wh_hl_01 | U82: 200 | V82: g | W82: 400051 | Y82: 2026-09-10 21:50:27
A83: 400051 | B83: Everest Turmeric Powder/Haldi | C83: Copy Link | D83: In Stock | F83: 100 g | G83: 100 | H83: g | I83: Dry Fruits, Masala & Oil | J83: Powdered Spice | L83: https://www.flipkart.com/everest-turmeric-powder/p/itmeuhfxf63zgbnk?pid=SCMEUHFX9K7TYZQP&marketplace=HYPERLOCAL | N83: 96 | O83: 96 | P83: 94 | Q83: 200 g | S83: EVEREST | T83: mum_187_wh_hl_01 | U83: 200 | V83: g | W83: 400051 | Y83: 2026-09-10 21:50:28
A84: 400051 | B84: Madhur Pure & Hygienic Sulphurless Sugar | C84: Copy Link | D84: Out of Stock | F84: 1 kg | G84: 1000 | H84: g | I84: Dry Fruits, Masala & Oil | J84: Salt, Sugar & Jaggery | L84: https://www.flipkart.com/madhur-pure-hygienic-refined-sugar/p/itme3f4d18778842?pid=SUGFTZ3QJAGGDYGC&marketplace=HYPERLOCAL | N84: 65 | O84: 65 | Q84: 1 kg Pouch | S84: MADHUR | T84: mum_187_wh_hl_01 | U84: 1000 | V84: g | W84: 400051 | Y84: 2026-09-10 21:50:30
A85: 400051 | B85: Tata Salt (Vacuum Evaporated Iodised) | C85: Copy Link | D85: In Stock | F85: 1 kg | G85: 1000 | H85: g | I85: Dry Fruits, Masala & Oil | J85: Salt, Sugar & Jaggery | L85: https://www.flipkart.com/tata-salt-vacuum-evaporated-iodized/p/itmd266ce5ced18b?pid=SATET96PTFPYSQWM&marketplace=HYPERLOCAL | N85: 25 | O85: 32 | Q85: 1 kg | S85: Tata Salt | T85: mum_187_wh_hl_01 | U85: 1000 | V85: g | W85: 400051 | Y85: 2026-09-10 21:50:32
A86: 400051 | B86: Catch Cumin Seeds / Jeera Seeds | C86: Copy Link | D86: In Stock | F86: 100 g | G86: 100 | H86: g | I86: Dry Fruits, Masala & Oil | J86: Whole Spices | L86: https://www.flipkart.com/catch-cumin-whole/p/itmfahf2pckskdar?pid=SCMEUE5Z3SGUDD8G&marketplace=HYPERLOCAL | N86: 97 | O86: 145 | P86: 95 | Q86: 200 g | S86: Catch | T86: mum_187_wh_hl_01 | U86: 200 | V86: g | W86: 400051 | Y86: 2026-09-10 21:50:33
A87: 400051 | B87: McCain French Fries | C87: Copy Link | D87: In Stock | F87: 1 kg | G87: 1000 | H87: g | I87: Instant & Frozen Food | J87: Frozen Veg Snacks | L87: https://www.flipkart.com/mccain-smiles/p/itmb9a5e428162cb?pid=RMDFSM96QAVJ2W7U&marketplace=HYPERLOCAL | N87: 281 | O87: 281 | P87: 272 | Q87: 750 g | S87: McCain | T87: mum_187_wh_hl_01 | U87: 750 | V87: g | W87: 400051 | Y87: 2026-09-10 21:50:35
A88: 400051 | B88: Maggi 2 Minutes Instant Noodles Made With Quality Spices | C88: 2-Minute Masala Instant Noodles | D88: In Stock | F88: 450 g | G88: 450 | H88: g | I88: Instant & Frozen Food | J88: Noodles | L88: https://www.flipkart.com/maggi-2-minute-masala-instant-noodles/p/itmdcb593c60e6ab?pid=NDLEUB3GZPKYVQGZ&marketplace=HYPERLOCAL | N88: 59 | O88: 60 | Q88: 280 g | S88: Maggi | T88: mum_187_wh_hl_01 | U88: 280 | V88: g | W88: 400051 | Y88: 2026-09-10 21:50:37
A89: 400051 | B89: Haldiram's Bhujia | C89: Copy Link | D89: Out of Stock | F89: 200 g | G89: 200 | H89: g | I89: Munchies | J89: Bhujia & Mixtures | L89: https://www.flipkart.com/haldiram-s-bhujia-sev/p/itmcf7427b395677?pid=SNSETFPYNEYXCJKH&marketplace=HYPERLOCAL | N89: 175 | O89: 175 | P89: 173 | Q89: 600 g | S89: Haldiram's | T89: mum_187_wh_hl_01 | U89: 600 | V89: g | W89: 400051 | Y89: 2026-09-10 21:50:39
A90: 400051 | B90: Lay's India's Magic Masala Potato Chips | C90: Copy Link | D90: In Stock | F90: 73.7 g | G90: 73.7 | H90: g | I90: Munchies | J90: Chips & Crisps | L90: https://www.flipkart.com/lay-s-india-s-magic-masala-chips/p/itmex3fhk6htahad?pid=CHPFVTF7KNJTR2UB&marketplace=HYPERLOCAL | N90: 35 | O90: 35 | Q90: 75 g | S90: Lay's | T90: mum_187_wh_hl_01 | U90: 75 | V90: g | W90: 400051 | Y90: 2026-09-10 21:50:40
A91: 400051 | B91: Mr. Makhana Black Salt Flavoured Makhana | C91: Copy Link | D91: In Stock | F91: 55 g | G91: 55 | H91: g | I91: Munchies | J91: Makhana & More | L91: https://www.flipkart.com/mr-makhana-black-salt/p/itm46d5e13486c46?pid=SNSHYGAGSSNFTSGR&marketplace=HYPERLOCAL | N91: 132 | O91: 150 | P91: 129 | Q91: 55 g | S91: Mr Makhana | T91: mum_187_wh_hl_01 | U91: 55 | V91: g | W91: 400051 | Y91: 2026-09-10 21:50:42
A92: 400051 | B92: Doritos Cheese Nachos | C92: Copy Link | D92: In Stock | F92: 71 g | G92: 71 | H92: g | I92: Munchies | J92: Nachos | L92: https://www.flipkart.com/doritos-cheese-flavoured-nachos/p/itmf5qdbqyrauasy?pid=CHPFFUK973BGAWSV&marketplace=HYPERLOCAL | N92: 20 | O92: 20 | Q92: 45 g | S92: DORITOS | T92: mum_187_wh_hl_01 | U92: 45 | V92: g | W92: 400051 | Y92: 2026-09-10 21:50:44
A93: 400051 | B93: Haldiram's Boondi | C93: Copy Link | D93: Out of Stock | F93: 210 g | G93: 210 | H93: g | I93: Munchies | J93: Namkeen Snacks | L93: https://www.flipkart.com/haldiram-s-boondi/p/itm3c20fb4eb8e2c?pid=SNSF6KYDCVCXJNWZ&marketplace=HYPERLOCAL | N93: 52 | O93: 52 | P93: 50 | Q93: 200 g | S93: Haldiram's | T93: mum_187_wh_hl_01 | U93: 200 | V93: g | W93: 400051 | Y93: 2026-09-10 21:50:45
A94: 400051 | B94: Act II Natural Microwave Popcorn | C94: Copy Link | D94: In Stock | F94: 33 g | G94: 33 | H94: g | I94: Munchies | J94: Popcorn | L94: https://www.flipkart.com/act-ii-microwave-natural-popcorn/p/itmfc6f53ce021c8?pid=PCPETZTZENF9MJCJ&marketplace=HYPERLOCAL | N94: 62 | O94: 75 | Q94: 92 g | S94: ACT II | T94: mum_187_wh_hl_01 | U94: 92 | V94: g | W94: 400051 | Y94: 2026-09-10 21:50:47
A95: 400051 | B95: Britannia Toastea Cake Rusk | C95: Copy Link | D95: In Stock | F95: 100 g | G95: 100 | H95: g | I95: Munchies | J95: Rusks & Wafers | L95: https://www.flipkart.com/britannia-toastea-premium-elaichi-rusk/p/itm2b9ef11fcb129?pid=RUKFSFAGBSCZ9GBW&marketplace=HYPERLOCAL | N95: 135 | O95: 150 | P95: 133 | S95: BRITANNIA | T95: mum_187_wh_hl_01 | W95: 400051 | Y95: 2026-09-10 21:50:48
A96: 400051 | B96: Kettle Studio Rock Sea Salt & English Vinegar Potato Chips | C96: Copy Link | D96: Out of Stock | F96: 113 g | G96: 113 | H96: g | I96: Organic & Premium | J96: Snacks & Munchies | L96: https://www.flipkart.com/kettle-studio-rock-sea-salt-english-vinegar-chips/p/itmffz7zh7h4e4hr?pid=CHPHHYBWRJGZ5FAY&marketplace=HYPERLOCAL | N96: 94 | O96: 99 | P96: 92 | Q96: 120 g | S96: Kettle Studio | T96: mum_187_wh_hl_01 | U96: 120 | V96: g | W96: 400051 | Y96: 2026-09-10 21:50:50
A97: 400051 | B97: Marlboro Advance Compact | C97: Copy Link | D97: In Stock | F97: 10 pcs | G97: 10 | H97: pcs | I97: Paan Corner | J97: Cigarettes | L97: https://www.flipkart.com/marlboro-advance-10s-regular-cigarettes/p/itm979e223d32820?pid=ZETH7YZHUXPYXH8Y&marketplace=HYPERLOCAL | N97: 240 | O97: 240 | Q97: 10 | S97: Marlboro | T97: mum_187_wh_hl_01 | W97: 400051 | Y97: 2026-09-10 21:50:51
A98: 400051 | B98: Nicotex Mint Plus Nicotine Gum | C98: Copy Link | D98: In Stock | F98: 44 pcs | G98: 44 | H98: pcs | I98: Paan Corner | J98: Smoking Cessation | L98: https://www.flipkart.com/cipla-nicotex-nicotine-mintplus-gums-2mg-30-each-pack-helps-quit-smoking-cessations/p/itm5eb0e7818dbe9?pid=SMAH8JCH4QHY7ACE&marketplace=HYPERLOCAL | N98: 255 | O98: 298 | P98: 249 | S98: Cipla | T98: mum_187_wh_hl_01 | W98: 400051 | Y98: 2026-09-10 21:50:53
A99: 400051 | B99: Dettol Original Bathing Bar | C99: Copy Link | D99: In Stock | F99: 150 g | G99: 150 | H99: g | I99: Personal Care | J99: Bathing Soaps | L99: https://www.flipkart.com/dettol-original-bathing-soap-men-women-face-body-hands-12h-protection/p/itmb00a2453faf71?pid=SOPHYKV2PJNZZZJF&marketplace=HYPERLOCAL | N99: 38 | O99: 40 | P99: 36 | Q99: 100 g | S99: Dettol | T99: mum_187_wh_hl_01 | U99: 100 | V99: g | W99: 400051 | Y99: 2026-09-10 21:50:55
A100: 400051 | B100: Nivea Men Fresh Active Men's Roll On | C100: Fresh Power, Antibacterial 72h Protection, 0% Alcohol, Fresh Musk Scent Deodorant Roll-on - For Men | D100: In Stock | F100: 50 ml | G100: 50 | H100: ml | I100: Personal Care | J100: Deodorant & Talc | L100: https://www.flipkart.com/nivea-men-fresh-power-antibacterial-72h-protection-0-alcohol-musk-scent-deodorant-roll-on/p/itme0a95a228f53b?pid=DEOESRG8HTBJRCSC&marketplace=HYPERLOCAL | N100: 154 | O100: 249 | P100: 150 | Q100: 50 ml | S100: Nivea Men | T100: mum_187_wh_hl_01 | U100: 50 | V100: ml | W100: 400051 | Y100: 2026-09-10 21:50:56
...

Sheet 2026-09-11 0721
A1: Pincode | B1: Item | C1: ProductName | D1: is_out_of_stock | E1: Serviceable | F1: Quantity | G1: Base_Final quantity | H1: Base_Final unit | I1: Segment | J1: Grocery | K1: National / PL | L1: Product_Link | M1: Backup_Links | N1: Price | O1: MRP | P1: XtraSaverPrice | Q1: Weight | R1: Volume | S1: Seller | T1: StoreId | U1: Final_Qty | V1: Final_unit | W1: Pincode_Used | X1: Used_Link | Y1: Captured_At
A2: 400051 | B2: Aashirvaad Select | Pure MP Sharbati Wheat Atta for Soft Makhmali Rotis | C2: Superior MP Atta | D2: In Stock | F2: 5 kg | G2: 5000 | H2: g | I2: Atta, Rice & Dal | J2: Atta | L2: https://www.flipkart.com/aashirvaad-superior-mp-atta/p/itmevbgvupx4gqxb?pid=FLREUC5PSFQUBHTC&marketplace=HYPERLOCAL | N2: 257 | O2: 314 | Q2: 5 kg | S2: AASHIRVAAD | T2: mum_187_wh_hl_01 | U2: 5000 | V2: g | W2: 400051 | Y2: 2026-09-11 07:22:36
A3: 400051 | B3: Fortune Chakki Fresh Atta | C3: Chakki Fresh Atta | D3: In Stock | F3: 5 kg | G3: 5000 | H3: g | I3: Atta, Rice & Dal | J3: Atta | L3: https://www.flipkart.com/fortune-chakki-fresh-atta/p/itmf8zjux3v4utqz?pid=FLRF8ZJU5KHYVCDC&marketplace=HYPERLOCAL | N3: 220 | O3: 277 | Q3: 5 kg | S3: FORTUNE | T3: mum_187_wh_hl_01 | U3: 5000 | V3: g | W3: 400051 | Y3: 2026-09-11 07:22:38
A4: 400051 | B4: Fortune 100% Chana Dal Besan | C4: Copy Link | D4: In Stock | F4: 1 kg | G4: 1000 | H4: g | I4: Atta, Rice & Dal | J4: Besan, Sooji & Maida | L4: https://www.flipkart.com/fortune-besan/p/itmetefhhdrhpfge?pid=FLRETEFHZHCFSEDD&marketplace=HYPERLOCAL | N4: 118 | O4: 169 | P4: 116 | Q4: 1 kg | S4: FORTUNE | T4: mum_187_wh_hl_01 | U4: 1000 | V4: g | W4: 400051 | Y4: 2026-09-11 07:22:40
A5: 400051 | B5: Rajdhani Sooji/Rava | C5: Copy Link | D5: In Stock | F5: 1 kg | G5: 1000 | H5: g | I5: Atta, Rice & Dal | J5: Besan, Sooji & Maida | L5: https://www.flipkart.com/rajdhani-sooji/p/itmf6yfkzqrf9twn?pid=FLRF6YFKKQ39F9MZ&marketplace=HYPERLOCAL | N5: 74 | O5: 98 | Q5: 1 kg | S5: Rajdhani | T5: mum_187_wh_hl_01 | U5: 1000 | V5: g | W5: 400051 | Y5: 2026-09-11 07:22:41
A6: 400051 | B6: Tata Sampann Unpolished Masoor Dal | C6: Copy Link | D6: In Stock | F6: 500 g | G6: 500 | H6: g | I6: Atta, Rice & Dal | J6: Moong & Masoor | L6: https://www.flipkart.com/tata-sampann-unpolished-red-masoor-dal-whole/p/itmb8901742a9e80?pid=PLSEUHQJGDGFGFQC&marketplace=HYPERLOCAL | N6: 76 | O6: 79 | P6: 74 | Q6: 500 g | S6: Tata Sampann | T6: mum_187_wh_hl_01 | U6: 500 | V6: g | W6: 400051 | Y6: 2026-09-11 07:22:43
A7: 400051 | B7: Tata Sampann Unpolished Organic Moong Sabut | C7: Unpolished Yellow Moong Dal (Split) | D7: In Stock | F7: 1 kg | G7: 1000 | H7: g | I7: Atta, Rice & Dal | J7: Moong & Masoor | L7: https://www.flipkart.com/tata-sampann-organic-unpolished-yellow-moong-dal-split/p/itmc58d782587d5f?pid=PLSF8GXG5GGPFCZH&marketplace=HYPERLOCAL | N7: 121 | O7: 140 | P7: 118 | Q7: 500 g | S7: Tata Sampann Organic | T7: mum_187_wh_hl_01 | U7: 500 | V7: g | W7: 400051 | Y7: 2026-09-11 07:22:44
A8: 400051 | B8: Nutrela Soya Mini Chunks | C8: Soya Chunks | D8: In Stock | F8: 200 g | G8: 200 | H8: g | I8: Atta, Rice & Dal | J8: Rajma, Chhole & Others | L8: https://www.flipkart.com/nutrela-soya-chunks/p/itm4e39c268eb367?pid=SYCG9G85AEWQJBKP&marketplace=HYPERLOCAL | N8: 140 | O8: 190 | Q8: 1 kg | S8: NUTRELA | T8: mum_187_wh_hl_01 | U8: 1000 | V8: g | W8: 400051 | Y8: 2026-09-11 07:22:46
A9: 400051 | B9: Tata Sampann Unpolished Kabuli Chana (Big Size) | C9: Unpolished Kabuli Chana | D9: In Stock | F9: 500 g | G9: 500 | H9: g | I9: Atta, Rice & Dal | J9: Rajma, Chhole & Others | L9: https://www.flipkart.com/tata-sampann-unpolished-kabuli-chana/p/itm210199349460e?pid=PLSGHKPK5EWUDFNS&marketplace=HYPERLOCAL | N9: 162 | O9: 168 | Q9: 1 kg | S9: Tata Sampann | T9: mum_187_wh_hl_01 | U9: 1000 | V9: g | W9: 400051 | Y9: 2026-09-11 07:22:47
A10: 400051 | B10: Tata Sampann Unpolished Rajma | C10: Copy Link | D10: In Stock | F10: 500 g | G10: 500 | H10: g | I10: Atta, Rice & Dal | J10: Rajma, Chhole & Others | L10: https://www.flipkart.com/rajdhani-unpolished-kashmiri-rajma/p/itme0c53828d1ebf?pid=PLSF6Y2DWKB5NAMU&marketplace=HYPERLOCAL | N10: 76 | O10: 112 | P10: 74 | Q10: 500 g | S10: Rajdhani | T10: mum_187_wh_hl_01 | U10: 500 | V10: g | W10: 400051 | Y10: 2026-09-11 07:22:50
A11: 400051 | B11: Daawat Super Basmati Rice (Long Grain) | C11: Copy Link | D11: In Stock | F11: 5 kg | G11: 5000 | H11: g | I11: Atta, Rice & Dal | J11: Rice | L11: https://www.flipkart.com/daawat-super-basmati-rice-long-grain/p/itm5e7f4d650da77?pid=RICEUC2YGH9ZBNEH&marketplace=HYPERLOCAL | N11: 832 | O11: 995 | P11: 748 | Q11: 5 kg | S11: Daawat | T11: mum_187_wh_hl_01 | U11: 5000 | V11: g | W11: 400051 | Y11: 2026-09-11 07:22:51
A12: 400051 | B12: India Gate Daily Premium Basmati Rice (Long Grain) | C12: Copy Link | D12: In Stock | F12: 5 kg | G12: 5000 | H12: g | I12: Atta, Rice & Dal | J12: Rice | L12: https://www.flipkart.com/india-gate-flavourful-fine-daily-premium-long-slender-grains-naturally-aged-basmati-rice-long-grain-polished/p/itm4e4c0ed865572?pid=RICGGJZYTF4DW3VB&marketplace=HYPERLOCAL | N12: 528 | O12: 680 | P12: 522 | Q12: 5 kg | S12: INDIA GATE | T12: mum_187_wh_hl_01 | U12: 5000 | V12: g | W12: 400051 | Y12: 2026-09-11 07:22:53
A13: 400051 | B13: Tata Sampann Unpolished Chana Dal | C13: Unpolished Yellow Chana Dal (Split) | D13: In Stock | F13: 500 g | G13: 500 | H13: g | I13: Atta, Rice & Dal | J13: Toor, Urad & Chana | L13: https://www.flipkart.com/tata-sampann-unpolished-yellow-chana-dal-split/p/itm549c1ab20445b?pid=PLSETEHFG2EY2UCQ&marketplace=HYPERLOCAL | N13: 71 | O13: 81 | P13: 68 | Q13: 500 g | S13: Tata Sampann | T13: mum_187_wh_hl_01 | U13: 500 | V13: g | W13: 400051 | Y13: 2026-09-11 07:22:55
A14: 400051 | B14: Tata Sampann Unpolished Toor Dal | C14: Unpolished Yellow Toor/Arhar Dal | D14: In Stock | F14: 2 kg | G14: 2000 | H14: g | I14: Atta, Rice & Dal | J14: Toor, Urad & Chana | L14: https://www.flipkart.com/tata-sampann-unpolished-yellow-toor-arhar-dal/p/itmed34edd39d2e9?pid=PLSG93HVZF2ERNWR&marketplace=HYPERLOCAL | N14: 339 | O14: 448 | Q14: 2 kg | S14: Tata Sampann | T14: mum_187_wh_hl_01 | U14: 2000 | V14: g | W14: 400051 | Y14: 2026-09-11 07:22:56
A15: 400051 | B15: Nestle Cerelac Wheat Apple Baby Cereal (6 - 24 Months) | C15: Copy Link | D15: In Stock | F15: 350 g | G15: 350 | H15: g | I15: Baby Care | J15: Baby Food | L15: https://www.flipkart.com/nestle-cerelac-wheat-apple-baby-food-cereal-no-preservatives/p/itmb753364d0fd30?pid=INFETZV5GYZ6Q9FW&marketplace=HYPERLOCAL | N15: 260 | O15: 260 | Q15: 350 g | S15: Nestle Cerelac | T15: mum_187_wh_hl_01 | U15: 350 | V15: g | W15: 400051 | Y15: 2026-09-11 07:23:00
A16: 400051 | B16: Himalaya Gentle Baby Wipes | C16: Copy Link | D16: In Stock | F16: 2 x 72 wipes | G16: 144 | H16: pcs | I16: Baby Care | J16: Baby Wipes | L16: https://www.flipkart.com/johnson-s-baby-skincare-wipes-72s/p/itm85e9b2b25d29c?pid=WIPDAJ2MZYF564HG&marketplace=HYPERLOCAL | N16: 241 | O16: 280 | P16: 236 | Q16: 72 Wipes | S16: JOHNSON'S | T16: mum_187_wh_hl_01 | W16: 400051 | Y16: 2026-09-11 07:23:01
A17: 400051 | B17: Johnson's Baby Soap | C17: Copy Link | D17: In Stock | F17: 3 pcs | G17: 3 | H17: pcs | I17: Baby Care | J17: Bathing Needs | L17: https://www.flipkart.com/himalaya-extra-moisturizing-baby-soap-dry-skin-b3g1-free-75g-helps-lock-moisture/p/itmc8f1ec744e790?pid=SOPEUBZRWAGG5NR8&marketplace=HYPERLOCAL | N17: 141 | O17: 195 | P17: 138 | Q17: 3x100 g | S17: HIMALAYA | T17: mum_187_wh_hl_01 | U17: 300 | V17: g | W17: 400051 | Y17: 2026-09-11 07:23:03
A18: 400051 | B18: Pampers Happy Sleep Pant Style Baby Diaper (M) | C18: Happy Sleep Anti Rash Shield Pant Diapers - M | D18: In Stock | F18: 48 pcs | G18: 48 | H18: pcs | I18: Baby Care | J18: Diapers & More | L18: https://www.flipkart.com/pampers-happy-sleep-anti-rash-shield-m/p/itm24477fbc6c3c2?pid=DPRH3SCGZZWJQZ5M&marketplace=HYPERLOCAL | N18: 508 | O18: 609 | P18: 457 | Q18: M | 48 Pcs | S18: Pampers | T18: mum_187_wh_hl_01 | W18: 400051 | Y18: 2026-09-11 07:23:05
A19: 400051 | B19: Johnson's Baby Lotion | C19: All Day Long Baby Lotion | D19: In Stock | F19: 200 ml | G19: 200 | H19: ml | I19: Baby Care | J19: Skin & Hair Care | L19: https://www.flipkart.com/johnson-s-all-day-long-baby-lotion/p/itmf9rb3byqhwfcr?pid=MSCF6SWQ6DNGZ3AH&marketplace=HYPERLOCAL | N19: 379 | O19: 475 | P19: 371 | Q19: 500 ml | S19: JOHNSON'S | T19: mum_187_wh_hl_01 | U19: 500 | V19: ml | W19: 400051 | Y19: 2026-09-11 07:23:07
A20: 400051 | B20: Weikfield Double Action Baking Powder | C20: Copy Link | D20: In Stock | F20: 100 g | G20: 100 | H20: g | I20: Bakery & Biscuits | J20: Baking Ingredients | L20: https://www.flipkart.com/weikfield-baking-powder-100-double-action-fluppy-cakes-cookies-powder/p/itmew5z7ujzcpyje?pid=BKIEUHNZXUWBHJ2W&marketplace=HYPERLOCAL | N20: 38 | O20: 40 | P20: 36 | Q20: 100 g | S20: WeiKFiELD | T20: mum_187_wh_hl_01 | U20: 100 | V20: g | W20: 400051 | Y20: 2026-09-11 07:23:10
A21: 400051 | B21: Lotte Choco Pie | C21: Copy Link | D21: In Stock | F21: 168 g | G21: 168 | H21: g | I21: Bakery & Biscuits | J21: Cakes & Rolls | L21: https://www.flipkart.com/lotte-choco-pie-soft-biscuits-coated-premium-chocolate-cream-sandwich-biscuit/p/itm600e9df6b15a2?pid=CKBEUARSF4EKDX2U&marketplace=HYPERLOCAL | N21: 139 | O21: 180 | P21: 136 | Q21: 336 g | S21: Lotte | T21: mum_187_wh_hl_01 | U21: 336 | V21: g | W21: 400051 | Y21: 2026-09-11 07:23:11
A22: 400051 | B22: Britannia Original Bourbon Creme Biscuit | C22: Copy Link | D22: In Stock | F22: 150 g | G22: 150 | H22: g | I22: Bakery & Biscuits | J22: Cookies | L22: https://www.flipkart.com/britannia-treat-bourbon-biscuits-cream-sandwich-biscuit/p/itmd5423e0a84931?pid=CKBG7BHRWSR3AHZW&marketplace=HYPERLOCAL | N22: 10 | O22: 10 | Q22: 50 g | S22: BRITANNIA | T22: mum_187_wh_hl_01 | U22: 50 | V22: g | W22: 400051 | Y22: 2026-09-11 07:23:13
A23: 400051 | B23: Britannia Good Day Cashew Biscuit | C23: Copy Link | D23: In Stock | F23: 200 g | G23: 200 | H23: g | I23: Bakery & Biscuits | J23: Cookies | L23: https://www.flipkart.com/britannia-good-day-cashew-cookies/p/itmb56a4a28a3424?pid=CKBET6WUZUR9PUSR&marketplace=HYPERLOCAL | N23: 43 | O23: 45 | Q23: 200 g | S23: BRITANNIA | T23: mum_187_wh_hl_01 | U23: 200 | V23: g | W23: 400051 | Y23: 2026-09-11 07:23:15
A24: 400051 | B24: Malkist Cheese Flavoured Cracker Biscuit - Family Pack | C24: Copy Link | D24: Out of Stock | F24: 144 g | G24: 144 | H24: g | I24: Bakery & Biscuits | J24: Cream Biscuits | L24: https://www.flipkart.com/malkist-cheese-cream-cracker-biscuit/p/itm2ff267d048c58?pid=CKBFT7N3QQG8NVZZ&marketplace=HYPERLOCAL | N24: 57 | O24: 60 | P24: 55 | Q24: 144 g | S24: Malkist | T24: mum_187_wh_hl_01 | U24: 144 | V24: g | W24: 400051 | Y24: 2026-09-11 07:23:16
A25: 400051 | B25: Britannia Marie Gold Marie Biscuits (208 g) | C25: Copy Link | D25: In Stock | F25: 208 g | G25: 208 | H25: g | I25: Bakery & Biscuits | J25: Glucose & Marie | L25: https://www.flipkart.com/britannia-vita-gold-marie-biscuit/p/itm5b8071bd3b51b?pid=CKBET6WVSMK7UFHE&marketplace=HYPERLOCAL | N25: 38 | O25: 45 | Q25: 248 g | S25: BRITANNIA | T25: mum_187_wh_hl_01 | U25: 248 | V25: g | W25: 400051 | Y25: 2026-09-11 07:23:18
A26: 400051 | B26: Britannia NutriChoice Digestive High Fibre Biscuit - 250 g Family Pack | C26: Gold Marie Biscuit | D26: In Stock | F26: 250 g | G26: 250 | H26: g | I26: Bakery & Biscuits | J26: Healthy & Digestive | L26: https://www.flipkart.com/britannia-gold-marie-biscuit/p/itm353dd93c372d2?pid=CKBET6WU3CEGCYV2&marketplace=HYPERLOCAL | N26: 38 | O26: 40 | Q26: 250 g | S26: BRITANNIA | T26: mum_187_wh_hl_01 | U26: 250 | V26: g | W26: 400051 | Y26: 2026-09-11 07:23:21
A27: 400051 | B27: McVitie's Digestive High Fibre Biscuit | C27: Copy Link | D27: Out of Stock | F27: 959.1 g | G27: 959.1 | H27: g | I27: Bakery & Biscuits | J27: Healthy & Digestive | L27: https://www.flipkart.com/mcvitie-s-high-fibre-biscuits-trans-fat-free-digestive-biscuit/p/itmd3de9538585f5?pid=CKBGVZFJNBTRRJPH&marketplace=HYPERLOCAL | N27: 0 | O27: 0 | S27: McVitie's | W27: 400051 | Y27: 2026-09-11 07:23:22
A28: 400051 | B28: Nivea Nourishing Body Lotion | C28: Body Lotion for Very Dry Skin, Nourishing Body Milk with 2x Almond Oil, For Men & Women | D28: In Stock | F28: 600 ml | G28: 600 | H28: ml | I28: Beauty & Cosmetics | J28: Body & Skin Care | L28: https://www.flipkart.com/nivea-body-lotion-very-dry-skin-nourishing-milk-2x-almond-oil-men-women/p/itmfa397ef11314a?pid=MSCET7YRBUNFUGV2&marketplace=HYPERLOCAL | N28: 110 | O28: 130 | P28: 107 | Q28: 120 ml | S28: NIVEA | T28: mum_187_wh_hl_01 | U28: 120 | V28: ml | W28: 400051 | Y28: 2026-09-11 07:23:24
A29: 400051 | B29: Maybelline New York Colossal Kajal (Deep Black) | C29: Copy Link | D29: In Stock | F29: 0.35 g | G29: 0.35 | H29: g | I29: Beauty & Cosmetics | J29: Eye Makeup | L29: https://www.flipkart.com/maybelline-new-york-colossal-kajal/p/itm689854fb6af5f?pid=KJLE2DAJUF7KADCQ&marketplace=HYPERLOCAL | N29: 150 | O29: 220 | Q29: Black | S29: MAYBELLINE NEW YORK | T29: mum_187_wh_hl_01 | W29: 400051 | Y29: 2026-09-11 07:23:26
A30: 400051 | B30: Pond's Bright Beauty Serum Skin Treatment Cream 34 g | F30: 35 g | G30: 35 | H30: g | I30: Beauty & Cosmetics | J30: Face Care
A31: 400051 | B31: Lakme Forever Matte Compact (Pearl) | C31: Copy Link | D31: In Stock | F31: 9 g | G31: 9 | H31: g | I31: Beauty & Cosmetics | J31: Face Cosmetics | L31: https://www.flipkart.com/lakm-forever-matte-compact/p/itm70a5e612ec622?pid=CMPG5K3DYPJBSZK3&marketplace=HYPERLOCAL | N31: 206 | O31: 245 | P31: 201 | S31: Lakmé | T31: mum_187_wh_hl_01 | W31: 400051 | Y31: 2026-09-11 07:23:27
A32: 400051 | B32: Livon Anti-Frizz Hair Serum | C32: Hair Serum,For Dry & Frizzy Hair, Provides shine, smoothness & damage protection | D32: In Stock | F32: 50 ml | G32: 50 | H32: ml | I32: Beauty & Cosmetics | J32: Hair Styling & Treatment | L32: https://www.flipkart.com/livon-hair-serum-for-dry-frizzy-hair-provides-shine-smoothness-damage-protection/p/itm46b51dbec7c99?pid=HSMDDAZEGXVQ2PD4&marketplace=HYPERLOCAL | N32: 206 | O32: 350 | P32: 201 | Q32: 100 ml | S32: LIVON | T32: mum_187_wh_hl_01 | U32: 100 | V32: ml | W32: 400051 | Y32: 2026-09-11 07:23:29
A33: 400051 | B33: Nivea Essential Care Lip Balm | C33: Essential Original Care Lip Balm Natural | D33: In Stock | F33: 4.8 g | G33: 4.8 | H33: g | I33: Beauty & Cosmetics | J33: Lip & Eye Care | L33: https://www.flipkart.com/nivea-care-natural/p/itmet5uxkbysnrjr?pid=LPBET5UXDPYZQH6Z&marketplace=HYPERLOCAL | N33: 138 | O33: 175 | P33: 135 | S33: NIVEA | T33: mum_187_wh_hl_01 | W33: 400051 | Y33: 2026-09-11 07:23:31
A34: 400051 | B34: Lakme 9To5 Hya Matte Lipstick (Workday Rose) | C34: Copy Link | D34: Out of Stock | F34: 3.6 g | G34: 3.6 | H34: g | I34: Beauty & Cosmetics | J34: Lip Cosmetics | L34: https://www.flipkart.com/lakm-9to5-primer-matte-lip-color/p/itmc921adcfbfd56?pid=LSKFX4KERQHZ8KCT&marketplace=HYPERLOCAL | N34: 418 | O34: 650 | P34: 409 | Q34: MR5 Berry Base | S34: Lakmé | T34: mum_187_wh_hl_01 | W34: 400051 | Y34: 2026-09-11 07:23:32
A35: 400051 | B35: Lakme Nail Paint Remover | C35: Copy Link | D35: In Stock | F35: 27 ml | G35: 27 | H35: ml | I35: Beauty & Cosmetics | J35: Nail Cosmetics | L35: https://www.flipkart.com/lakm-liquid-nail-polish-remover-vitamin-e-27ml/p/itm483b1bf92a749?pid=NPRGXQC9B6M7URE2&marketplace=HYPERLOCAL | N35: 96 | O35: 110 | P35: 94 | S35: Lakmé | T35: mum_187_wh_hl_01 | W35: 400051 | Y35: 2026-09-11 07:23:34
A36: 400051 | B36: Licious Chicken Curry Cut (Small Pieces) | C36: Copy Link | D36: Out of Stock | F36: 450 g | G36: 450 | H36: g | I36: Chicken, Meat & Fish | J36: Fresh Meat | L36: https://www.flipkart.com/licious-chicken-curry-cut-large-pcs/p/itm3babb9d82c00e?pid=MEAFSCBFTHQK8S42&marketplace=HYPERLOCAL | N36: 0 | O36: 0 | S36: Licious | W36: 400051 | Y36: 2026-09-11 07:23:35
A37: 400051 | B37: Surf Excel Easy Wash Detergent Powder | C37: Easy Wash Detergent Powder | D37: In Stock | F37: 1 kg | G37: 1000 | H37: g | I37: Cleaning Essentials | J37: Detergent Powder & Bars | L37: https://www.flipkart.com/surf-excel-easy-wash-detergent-powder/p/itm2ebbcc2dd9963?pid=LDTET5UDBXDFKWAZ&marketplace=HYPERLOCAL | N37: 80 | O37: 85 | Q37: 500 g | S37: Surf excel | T37: mum_187_wh_hl_01 | U37: 500 | V37: g | W37: 400051 | Y37: 2026-09-11 07:23:37
A38: 400051 | B38: Scotch Brite Scrub Pad | C38: Copy Link | D38: In Stock | F38: 5 pcs | G38: 5 | H38: pcs | I38: Cleaning Essentials | J38: Dishwashing Accessories | L38: https://www.flipkart.com/scotch-brite-super-strong7x10-cm-scrub-pad/p/itmbf74cb7a4cce7?pid=SRPGREGHT3BHJHFH&marketplace=HYPERLOCAL | N38: 32 | O38: 45 | P38: 30 | Q38: Pack of 1 | S38: Scotch-Brite | T38: mum_187_wh_hl_01 | W38: 400051 | Y38: 2026-09-11 07:23:39
A39: 400051 | B39: Vim Lemon Dishwash Bar (300 g) | C39: Dishwash Bar | D39: In Stock | F39: 300 g | G39: 300 | H39: g | I39: Cleaning Essentials | J39: Dishwashing Bars & Tubs | L39: https://www.flipkart.com/vim-dishwash-bar/p/itmew7uegahfruem?pid=DWBEU6M6WTGKAG9Q&marketplace=HYPERLOCAL | N39: 28 | O39: 30 | Q39: 275 g | S39: Vim | T39: mum_187_wh_hl_01 | U39: 275 | V39: g | W39: 400051 | Y39: 2026-09-11 07:23:40
A40: 400051 | B40: Vim Lemon Dishwash Gel | C40: Dish Cleaning Gel | D40: In Stock | F40: 750 ml | G40: 750 | H40: ml | I40: Cleaning Essentials | J40: Dishwashing Gels & Tablets | L40: https://www.flipkart.com/vim-dish-cleaning-gel/p/itmfd4qydmg59zvy?pid=DCGEUJSDG7NPZKHP&marketplace=HYPERLOCAL | N40: 137 | O40: 140 | Q40: 0.5 L | S40: Vim | T40: mum_187_wh_hl_01 | U40: 500 | V40: ml | W40: 400051 | Y40: 2026-09-11 07:23:42
A41: 400051 | B41: Comfort After Wash Fabric Conditioner (Lily Fresh) | C41: After Wash Morning Fresh Fabric Conditioner | D41: In Stock | F41: 860 ml | G41: 860 | H41: ml | I41: Cleaning Essentials | J41: Fabric Conditioner & Additives | L41: https://www.flipkart.com/comfort-after-wash-morning-fresh-fabric-conditioner/p/itmf9jz4xzjyyer4?pid=FSNETM7DWRUTJBMG&marketplace=HYPERLOCAL | N41: 110 | O41: 125 | Q41: 430 ml | S41: Comfort | T41: mum_187_wh_hl_01 | U41: 430 | V41: ml | W41: 400051 | Y41: 2026-09-11 07:23:43
A42: 400051 | B42: Lizol Disinfectant Surface & Floor Cleaner (Citrus) 2 l | C42: Copy Link | D42: In Stock | F42: 2 ltr | G42: 2000 | H42: ml | I42: Cleaning Essentials | J42: Floor & Surface Cleaners | L42: https://www.flipkart.com/lizol-disinfectant-surface-cleaner-floor-bathroom-kitchen-tile-not-phenyl-liquid-floral/p/itmc7b54d3fb6adf?pid=BCRETEEZZZ5DRZGG&marketplace=HYPERLOCAL | N42: 414 | O42: 492 | P42: 409 | Q42: 2 L | S42: Lizol | T42: mum_187_wh_hl_01 | U42: 2000 | V42: ml | W42: 400051 | Y42: 2026-09-11 07:23:45
A43: 400051 | B43: Surf Excel Matic Top Load Liquid Detergent | C43: Matic Top Load Fresh Liquid Detergent | D43: In Stock | F43: 1 kg | G43: 1000 | H43: g | I43: Cleaning Essentials | J43: Liquid Detergents | L43: https://www.flipkart.com/surf-excel-matic-liquid-detergent-top-load-pouch-fresh/p/itm2072dc25c24ca?pid=LDTF6Y53EJ4TWGXZ&marketplace=HYPERLOCAL | N43: 314 | O43: 355 | Q43: 2 L | S43: Surf excel | T43: mum_187_wh_hl_01 | U43: 2000 | V43: ml | W43: 400051 | Y43: 2026-09-11 07:23:47
A44: 400051 | B44: Harpic Disinfectant Liquid Toilet Cleaner - (Original) | C44: Copy Link | D44: In Stock | F44: 1 ltr | G44: 1000 | H44: ml | I44: Cleaning Essentials | J44: Toilet & Bathroom Cleaners | L44: https://www.flipkart.com/harpic-toilet-cleaner-liquid-basin-commode-tile-bathroom-not-phenyl-blue-original-liquid-cleaner/p/itm9da35484b28f7?pid=TCNFBM86CZESNXDR&marketplace=HYPERLOCAL | N44: 382 | O44: 470 | P44: 378 | Q44: 2x1 L | S44: Harpic | T44: mum_187_wh_hl_01 | U44: 2000 | V44: ml | W44: 400051 | Y44: 2026-09-11 07:23:48
A45: 400051 | B45: Storia Tender Concentrate Coconut Water - No Added Sugar | C45: Copy Link | D45: In Stock | F45: 1 ltr | G45: 1000 | H45: ml | I45: Cold Drinks & Juices | J45: Coconut Water | L45: https://www.flipkart.com/storia-tender-coconut-water-no-added-sugar-low-calorie/p/itmb54cf8dea9e89?pid=DAJFQEGPYQP4UKG4&marketplace=HYPERLOCAL | N45: 98 | O45: 178 | P45: 96 | Q45: 1 L | S45: Storia | T45: mum_187_wh_hl_01 | U45: 1000 | V45: ml | W45: 400051 | Y45: 2026-09-11 07:23:50
A46: 400051 | B46: Lipton Lemon Iced Tea | C46: Clear & Light Green Tea Bags 50 pcs Green Tea Bags Box | D46: In Stock | F46: 350 ml | G46: 350 | H46: ml | I46: Cold Drinks & Juices | J46: Cold Coffee & Ice Tea | L46: https://www.flipkart.com/lipton-clear-light-green-tea-bags-50-pcs-box/p/itm0e69ac7c13d2f?pid=TEAGR9FPKC6WYJHV&marketplace=HYPERLOCAL | N46: 374 | O46: 400 | P46: 370 | Q46: 65 g Box | S46: Lipton | T46: mum_187_wh_hl_01 | U46: 65 | V46: g | W46: 400051 | Y46: 2026-09-11 07:23:52
A47: 400051 | B47: Nescafe Ready to Drink Cold Coffee, Iced Latte | C47: Copy Link | D47: In Stock | F47: 180 ml | G47: 180 | H47: ml | I47: Cold Drinks & Juices | J47: Cold Coffee & Ice Tea | L47: https://www.flipkart.com/nescafe-ready-drink-coffee-flavoured-milk-iced-latte-cold-brew/p/itm4e882a969a918?pid=CFEHM9JGDVRFBRNG&marketplace=HYPERLOCAL | N47: 40 | O47: 45 | P47: 38 | Q47: 180 ml | S47: Nescafe | T47: mum_187_wh_hl_01 | U47: 180 | V47: ml | W47: 400051 | Y47: 2026-09-11 07:23:53
A48: 400051 | B48: Hamdard Rooh Afza Rose Sharbat | C48: Copy Link | D48: In Stock | F48: 750 ml | G48: 750 | H48: ml | I48: Cold Drinks & Juices | J48: Concentrates & Syrups | L48: https://www.flipkart.com/rooh-afza-sharbat-rose/p/itmbd0091b881d7f?pid=CNCFFDJ7GGVGZEPJ&marketplace=HYPERLOCAL | N48: 170 | O48: 170 | S48: Rooh Afza | T48: mum_187_wh_hl_01 | W48: 400051 | Y48: 2026-09-11 07:23:55
A49: 400051 | B49: Red Bull Energy Drink | C49: Copy Link | D49: Out of Stock | F49: 250 ml | G49: 250 | H49: ml | I49: Cold Drinks & Juices | J49: Energy Drinks | L49: https://www.flipkart.com/red-bull-energy-drink/p/itmcf6e3657eb35f?pid=ESRH2X43RXX5SZF9&marketplace=HYPERLOCAL | N49: 0 | O49: 0 | S49: Red Bull | W49: 400051 | Y49: 2026-09-11 07:23:56
A50: 400051 | B50: Real Activ Fibre+ Multi Fruit Juice | C50: Copy Link | D50: In Stock | F50: 1 ltr | G50: 1000 | H50: ml | I50: Cold Drinks & Juices | J50: Fruit Juice | L50: https://www.flipkart.com/real-activ-fiber-multi-fruit-juice/p/itmewnfrgvfzfxx3?pid=DAJEUARY2AKYHEZC&marketplace=HYPERLOCAL | N50: 132 | O50: 160 | P50: 129 | Q50: 1 L | S50: Real | T50: mum_187_wh_hl_01 | U50: 1000 | V50: ml | W50: 400051 | Y50: 2026-09-11 07:23:58
A51: 400051 | B51: Frooti Mango Drink | C51: Copy Link | D51: Out of Stock | F51: 150 ml | G51: 150 | H51: ml | I51: Cold Drinks & Juices | J51: Mango Drinks | L51: https://www.flipkart.com/frooti-mango-drink/p/itmexfz3zgpkndqr?pid=DAJHJRZR8GYQJVT9&marketplace=HYPERLOCAL | N51: 69 | O51: 85 | Q51: 1.5 L | S51: FROOTI | T51: mum_187_wh_hl_01 | U51: 1500 | V51: ml | W51: 400051 | Y51: 2026-09-11 07:23:59
A52: 400051 | B52: Real Activ Apple Juice | C52: Copy Link | D52: In Stock | F52: 1 ltr | G52: 1000 | H52: ml | I52: Cold Drinks & Juices | J52: Pure Juices | L52: https://www.flipkart.com/real-activ-100-apple-juice/p/itmf4z9pmzdj2zzg?pid=DAJEUARYXF2VRAKE&marketplace=HYPERLOCAL | N52: 128 | O52: 160 | P52: 125 | Q52: 1 L | S52: Real | T52: mum_187_wh_hl_01 | U52: 1000 | V52: ml | W52: 400051 | Y52: 2026-09-11 07:24:01
A53: 400051 | B53: Kinley Strong Soda Water | C53: Copy Link | D53: In Stock | F53: 750 ml | G53: 750 | H53: ml | I53: Cold Drinks & Juices | J53: Soda & Mixers | L53: https://www.flipkart.com/bisleri-extra-strong-zero-sugar-soda/p/itmc4e825b170e16?pid=ARDGN58N2VGRXHFM&marketplace=HYPERLOCAL | N53: 20 | O53: 20 | Q53: 750 ml | S53: Bisleri | T53: mum_187_wh_hl_01 | U53: 750 | V53: ml | W53: 400051 | Y53: 2026-09-11 07:24:02
A54: 400051 | B54: Schweppes Indian Tonic Water | C54: Copy Link | D54: In Stock | F54: 300 ml | G54: 300 | H54: ml | I54: Cold Drinks & Juices | J54: Soda & Mixers | L54: https://www.flipkart.com/schweppes-contains-quinine-tonic-water/p/itmb597fd1d87dc6?pid=ARDETM7VF9QDFEM8&marketplace=HYPERLOCAL | N54: 57 | O54: 60 | P54: 55 | Q54: 300 ml | S54: Schweppes | T54: mum_187_wh_hl_01 | U54: 300 | V54: ml | W54: 400051 | Y54: 2026-09-11 07:24:04
A55: 400051 | B55: Coca-Cola Cola Soft Drink | C55: Copy Link | D55: In Stock | F55: 300 ml | G55: 300 | H55: ml | I55: Cold Drinks & Juices | J55: Soft Drinks | L55: https://www.flipkart.com/coca-cola-original-taste-soft-drink/p/itm0c67cee021b1b?pid=ARDET6ZNEMZRRTFK&marketplace=HYPERLOCAL | N55: 39 | O55: 40 | Q55: 300 ml | S55: Coca-Cola | T55: mum_187_wh_hl_01 | U55: 300 | V55: ml | W55: 400051 | Y55: 2026-09-11 07:24:05
A56: 400051 | B56: Pepsi Cola Soft Drink (2.25 l) | C56: Copy Link | D56: Out of Stock | F56: 2.25 ltr | G56: 2250 | H56: ml | I56: Cold Drinks & Juices | J56: Soft Drinks | L56: https://www.flipkart.com/pepsi-soft-drink/p/itm227f83292d4d5?pid=ARDEUATWPVVGZR6J&marketplace=HYPERLOCAL | N56: 95 | O56: 100 | P56: 93 | Q56: 2250 ml | S56: Pepsi | T56: mum_187_wh_hl_01 | U56: 2250 | V56: ml | W56: 400051 | Y56: 2026-09-11 07:24:07
A57: 400051 | B57: Bisleri Packaged Water (1 l) | C57: Copy Link | D57: In Stock | F57: 1 ltr | G57: 1000 | H57: ml | I57: Cold Drinks & Juices | J57: Water & Ice Cubes | L57: https://www.flipkart.com/bisleri-mineral-water/p/itm06149fe699cad?pid=WERGN58KURUQAGVJ&marketplace=HYPERLOCAL | N57: 20 | O57: 20 | Q57: 1 L | S57: Bisleri | T57: mum_187_wh_hl_01 | U57: 1000 | V57: ml | W57: 400051 | Y57: 2026-09-11 07:24:08
A58: 400051 | B58: iD Idli & Dosa Batter - 1 kg | C58: Copy Link | D58: Out of Stock | F58: 1 kg | G58: 1000 | H58: g | I58: Dairy & Breakfast | J58: Batter | L58: https://www.flipkart.com/id-idli-dosa-batter-1-kg/p/itm910b56ed9104c?pid=RYMFJHGTKQMZXHCW&marketplace=HYPERLOCAL | N58: 0 | O58: 0 | Q58: 1 kg | S58: iD | U58: 1000 | V58: g | W58: 400051 | Y58: 2026-09-11 07:24:11
A59: 400051 | B59: Britannia 100% Whole Wheat Bread (No Maida) | C59: Copy Link | D59: Out of Stock | F59: 400 g | G59: 400 | H59: g | I59: Dairy & Breakfast | J59: Bread & Pav | L59: https://www.flipkart.com/britannia-100-whole-wheat-bread/p/itmb520d96adec79?pid=BABH9HZY4S97BGFY&marketplace=HYPERLOCAL | N59: 0 | O59: 0 | S59: BRITANNIA | W59: 400051 | Y59: 2026-09-11 07:24:12
A60: 400051 | B60: Britannia Pav | C60: Copy Link | D60: In Stock | F60: 250 g | G60: 250 | H60: g | I60: Dairy & Breakfast | J60: Bread & Pav | L60: https://www.flipkart.com/britannia-mumbai-pav-bread/p/itm4ae5f4603443a?pid=BABHMCY6GJYZ9CZQ&marketplace=HYPERLOCAL | N60: 29 | O60: 30 | Q60: 250 g | S60: BRITANNIA | T60: mum_187_wh_hl_01 | U60: 250 | V60: g | W60: 400051 | Y60: 2026-09-11 07:24:15
A61: 400051 | B61: The Health Factory Zero Maida Atta Bread (Wheat Bread) | C61: Copy Link | D61: In Stock | F61: 350 g | G61: 350 | H61: g | I61: Dairy & Breakfast | J61: Bread & Pav | L61: https://www.flipkart.com/health-factory-zero-maida-bread-simply-whole-wheat/p/itm1290b421d655e?pid=BABHYPYK7TGYXEFB&marketplace=HYPERLOCAL | N61: 59 | O61: 65 | P61: 56 | Q61: 350 g | S61: The Health Factory | T61: mum_187_wh_hl_01 | U61: 350 | V61: g | W61: 400051 | Y61: 2026-09-11 07:24:17
A62: 400051 | B62: Amul Salted Butter | C62: Copy Link | D62: Out of Stock | F62: 100 g | G62: 100 | H62: g | I62: Dairy & Breakfast | J62: Butter & More | L62: https://www.flipkart.com/amul-pasteurised-salted-butter/p/itmd8456fd5e5276?pid=BUTEZ3B9ZGVHWUVG&marketplace=HYPERLOCAL | N62: 310 | O62: 310 | Q62: 500 g | S62: Amul | T62: mum_187_wh_hl_01 | U62: 500 | V62: g | W62: 400051 | Y62: 2026-09-11 07:24:18
A63: 400051 | B63: Amul Cheese Cubes | C63: Copy Link | D63: In Stock | F63: 200 g | G63: 200 | H63: g | I63: Dairy & Breakfast | J63: Cheese | L63: https://www.flipkart.com/amul-easy-open-chiplet-8-cubes-processed-cheese/p/itmez6a8zch8hrbk?pid=CHEEZ6A8KJRBNKED&marketplace=HYPERLOCAL | N63: 135 | O63: 135 | Q63: 200 g, 8 Units | S63: Amul | T63: mum_187_wh_hl_01 | W63: 400051 | Y63: 2026-09-11 07:24:20
A64: 400051 | B64: Amul Cheese Slices | C64: Copy Link | D64: In Stock | F64: 200 g | G64: 200 | H64: g | I64: Dairy & Breakfast | J64: Cheese | L64: https://www.flipkart.com/amul-plain-processed-cheese-slices/p/itmcd6388db1cea0?pid=CHEHBF8AFRQHFHG5&marketplace=HYPERLOCAL | N64: 117 | O64: 170 | P64: 112 | Q64: 200 g | S64: Amul | T64: mum_187_wh_hl_01 | U64: 200 | V64: g | W64: 400051 | Y64: 2026-09-11 07:24:21
A65: 400051 | B65: Amul Fresh Cream | C65: Copy Link | D65: In Stock | F65: 250 ml | G65: 250 | H65: ml | I65: Dairy & Breakfast | J65: Cream & Whitener | L65: https://www.flipkart.com/mother-dairy-pure-cream/p/itmex437hgryerzr?pid=MLKEX437K482JBRN&marketplace=HYPERLOCAL | N65: 62 | O65: 65 | Q65: 200 ml | S65: MOTHER DAIRY | T65: mum_187_wh_hl_01 | U65: 200 | V65: ml | W65: 400051 | Y65: 2026-09-11 07:24:23
A66: 400051 | B66: Amul Masti Set Cup Curd Tub | C66: Copy Link | D66: In Stock | F66: 1 kg | G66: 1000 | H66: g | I66: Dairy & Breakfast | J66: Curd & Yogurt | L66: https://www.flipkart.com/amul-masti-dahi-plain-curd/p/itmcdb6b5d72c2ae?pid=CUYG2PU8DJWTVW6A&marketplace=HYPERLOCAL | N66: 20 | O66: 20 | Q66: 200 ml | S66: Amul | T66: mum_187_wh_hl_01 | U66: 200 | V66: ml | W66: 400051 | Y66: 2026-09-11 07:24:24
A67: 400051 | B67: Epigamia Alphonso Mango Flavoured Yogurt | C67: Copy Link | D67: In Stock | F67: 75 g | G67: 75 | H67: g | I67: Dairy & Breakfast | J67: Curd & Yogurt | L67: https://www.flipkart.com/epigamia-mango-flavoured-yogurt-flavored/p/itmb5d0700bac805?pid=CUYH45ZFGZHWKGRZ&marketplace=HYPERLOCAL | N67: 21 | O67: 25 | Q67: 75 g | S67: EPIGAMIA | T67: mum_187_wh_hl_01 | U67: 75 | V67: g | W67: 400051 | Y67: 2026-09-11 07:24:26
A68: 400051 | B68: Licious Farm Fresh Classic White Protein Rich Eggs | C68: Copy Link | D68: Out of Stock | F68: 6 pcs | G68: 6 | H68: pcs | I68: Dairy & Breakfast | J68: Eggs | L68: https://www.flipkart.com/farm-made-free-range-hen-brown-eggs/p/itmfbyftzpzjmwtk?pid=EEGFBYFTRVJMZCKM&marketplace=HYPERLOCAL | N68: 146 | O68: 159 | Q68: 6 Units | S68: Farm Made | T68: mum_187_wh_hl_01 | W68: 400051 | Y68: 2026-09-11 07:24:27
A69: 400051 | B69: Kellogg's Corn Flakes Original | C69: Copy Link | D69: Out of Stock | F69: 475 g | G69: 475 | H69: g | I69: Dairy & Breakfast | J69: Flakes & Kids Cereals | L69: https://www.flipkart.com/kellogg-s-corn-flakes-real-almonds-honey-650g-power-breakfast-7-vitamins-box/p/itm9ed5469ebc682?pid=CAFETEGHGUZHNNPN&marketplace=HYPERLOCAL | N69: 0 | O69: 0 | S69: Kellogg's | W69: 400051 | Y69: 2026-09-11 07:24:29
A70: 400051 | B70: Dabur Honey Squeezy | C70: Honey Squeezy 225g (Buy 1 Get 1) | Easy Squeeze Pack | Everyday Use | D70: In Stock | F70: 450 g | G70: 450 | H70: g | I70: Dairy & Breakfast | J70: Honey & Chyawanprash | L70: https://www.flipkart.com/dabur-honey-squeezy/p/itmeu6mgvfaedn4q?pid=HNYFCFJZGVSG3KHK&marketplace=HYPERLOCAL | N70: 167 | O70: 249 | P70: 163 | Q70: 2x225 g | S70: Dabur | T70: mum_187_wh_hl_01 | U70: 450 | V70: g | W70: 400051 | Y70: 2026-09-11 07:24:31
A71: 400051 | B71: Amul Sweet Lassi | C71: Copy Link | D71: In Stock | F71: 200 ml | G71: 200 | H71: ml | I71: Dairy & Breakfast | J71: Lassi, Shakes & More | L71: https://www.flipkart.com/amul-na-sweet-lassi/p/itmewfrbds9tjxua?pid=LSIEUHZAMXZHJMHZ&marketplace=HYPERLOCAL | N71: 25 | O71: 25 | Q71: 250 ml | S71: Amul | T71: mum_187_wh_hl_01 | U71: 250 | V71: ml | W71: 400051 | Y71: 2026-09-11 07:24:33
A72: 400051 | B72: Amul Cow Milk | C72: Copy Link | D72: In Stock | F72: 500 ml | G72: 500 | H72: ml | I72: Dairy & Breakfast | J72: Milk | L72: https://www.flipkart.com/amul-cow-milk/p/itm06ed6c697c4fb?pid=MLKHFR86CFESKGP7&marketplace=HYPERLOCAL | N72: 29 | O72: 30 | Q72: 500 ml | S72: Amul | T72: mum_187_wh_hl_01 | U72: 500 | V72: ml | W72: 400051 | Y72: 2026-09-11 07:24:35
A73: 400051 | B73: Amul Taaza Toned Milk | C73: Copy Link | D73: In Stock | F73: 500 ml | G73: 500 | H73: ml | I73: Dairy & Breakfast | J73: Milk | L73: https://www.flipkart.com/amul-taaza-toned-milk/p/itm8a494bf913753?pid=MLKHFR86BF77KGXZ&marketplace=HYPERLOCAL | N73: 29 | O73: 30 | Q73: 500 ml | S73: Amul | T73: mum_187_wh_hl_01 | U73: 500 | V73: ml | W73: 400051 | Y73: 2026-09-11 07:24:36
A74: 400051 | B74: Kellogg's Fruit, Nut & Seeds Muesli | C74: Muesli Fruit Nut & Seeds | 12-In-1 Power Breakfast |No Maida Pouch | D74: Out of Stock | F74: 500 g | G74: 500 | H74: g | I74: Dairy & Breakfast | J74: Muesli & Granola | L74: https://www.flipkart.com/kellogg-s-muesli-fruit-nut-seeds-12-1-power-breakfast-no-maida-palm-oil-pouch/p/itmbc5fd5a6a084c?pid=CAFFZ4485M5QZPVF&marketplace=HYPERLOCAL | N74: 347 | O74: 489 | P74: 343 | Q74: 750 g Pouch | S74: Kellogg's | T74: mum_187_wh_hl_01 | U74: 750 | V74: g | W74: 400051 | Y74: 2026-09-11 07:24:38
A75: 400051 | B75: Quaker Rolled Instant Oats | C75: Oats Pouch | D75: In Stock | F75: 400 g | G75: 400 | H75: g | I75: Dairy & Breakfast | J75: Oats | L75: https://www.flipkart.com/quaker-oats-pouch/p/itmf3qzpykhzhyr2?pid=CAFEUD56GKJXXSNC&marketplace=HYPERLOCAL | N75: 85 | O75: 86 | Q75: 400 g Pouch | S75: Quaker | T75: mum_187_wh_hl_01 | U75: 400 | V75: g | W75: 400051 | Y75: 2026-09-11 07:24:40
A76: 400051 | B76: Amul Fresh Malai Paneer | C76: Copy Link | D76: In Stock | F76: 200 g | G76: 200 | H76: g | I76: Dairy & Breakfast | J76: Paneer & Tofu | L76: https://www.flipkart.com/amul-malai-paneer/p/itmd2dac5a7f0d05?pid=PTFFSFHZPJ9AHZGT&marketplace=HYPERLOCAL | N76: 94 | O76: 95 | P76: 91 | Q76: 200 g | S76: Amul | T76: mum_187_wh_hl_01 | U76: 200 | V76: g | W76: 400051 | Y76: 2026-09-11 07:24:41
A77: 400051 | B77: Tata Sampann Thin Poha | C77: Copy Link | D77: In Stock | F77: 500 g | G77: 500 | H77: g | I77: Dairy & Breakfast | J77: Poha, Daliya & Other Grains | L77: https://www.flipkart.com/tata-sampann-high-fibre-thick-poha/p/itmac7f42993b418?pid=RICG35FPMB9WRJES&marketplace=HYPERLOCAL | N77: 90 | O77: 113 | Q77: 1 kg | S77: Tata Sampann | T77: mum_187_wh_hl_01 | U77: 1000 | V77: g | W77: 400051 | Y77: 2026-09-11 07:24:43
A78: 400051 | B78: MTR Roasted Vermicelli | C78: Copy Link | D78: In Stock | F78: 850 g | G78: 850 | H78: g | I78: Dairy & Breakfast | J78: Vermicelli | L78: https://www.flipkart.com/mtr-vermicelli-400-g/p/itm3b3845998adee?pid=VMCEU373HTPFPHN6&marketplace=HYPERLOCAL | N78: 61 | O78: 67 | P78: 59 | Q78: 400 g | S78: MTR | T78: mum_187_wh_hl_01 | U78: 400 | V78: g | W78: 400051 | Y78: 2026-09-11 07:24:44
A79: 400051 | B79: Happilo Premium Natural Californian Almonds | C79: Premium Naturals Californian Almonds Almonds | D79: In Stock | F79: 200 g | G79: 200 | H79: g | I79: Dry Fruits, Masala & Oil | J79: Dry Fruits | L79: https://www.flipkart.com/happilo-premium-naturals-californian-almonds/p/itm91dc68d0b1a8f?pid=NDFFGHMX4PYUEZBJ&marketplace=HYPERLOCAL | N79: 563 | O79: 750 | P79: 551 | Q79: 450 g | S79: Happilo | T79: mum_187_wh_hl_01 | U79: 450 | V79: g | W79: 400051 | Y79: 2026-09-11 07:24:46
A80: 400051 | B80: Amul Pure Ghee | C80: Copy Link | D80: Out of Stock | F80: 1 ltr | G80: 1000 | H80: ml | I80: Dry Fruits, Masala & Oil | J80: Ghee & Vanaspati | L80: https://www.flipkart.com/amul-pure-ghee-plastic-bottle/p/itmfghgzwqgbnzjj?pid=GHEFYYSKCCA3TSMF&marketplace=HYPERLOCAL | N80: 663 | O80: 670 | P80: 596 | Q80: 1 L | S80: Amul | T80: mum_187_wh_hl_01 | U80: 1000 | V80: ml | W80: 400051 | Y80: 2026-09-11 07:24:48
A81: 400051 | B81: Sundrop Refined Sunflower Oil | C81: Copy Link | D81: Out of Stock | F81: 1.75 l | G81: 1750 | H81: ml | I81: Dry Fruits, Masala & Oil | J81: Oil | L81: https://www.flipkart.com/sundrop-lite-refined-blended-oil/p/itm4a02cd54ee933?pid=EDOF6H79SUBPEYJK&marketplace=HYPERLOCAL | N81: 212 | O81: 225 | Q81: 850 g | S81: Sundrop | T81: mum_187_wh_hl_01 | U81: 850 | V81: g | W81: 400051 | Y81: 2026-09-11 07:24:49
A82: 400051 | B82: Everest Kashmiri Red Chilli Powder | C82: Copy Link | D82: In Stock | F82: 100 g | G82: 100 | H82: g | I82: Dry Fruits, Masala & Oil | J82: Powdered Spice | L82: https://www.flipkart.com/everest-kashmirilal-red-chilli-powder/p/itm4a69884ccab3e?pid=SCMGYF9XCMZQQQZB&marketplace=HYPERLOCAL | N82: 216 | O82: 262 | P82: 213 | Q82: 200 g | S82: EVEREST | T82: mum_187_wh_hl_01 | U82: 200 | V82: g | W82: 400051 | Y82: 2026-09-11 07:24:51
A83: 400051 | B83: Everest Turmeric Powder/Haldi | C83: Copy Link | D83: In Stock | F83: 100 g | G83: 100 | H83: g | I83: Dry Fruits, Masala & Oil | J83: Powdered Spice | L83: https://www.flipkart.com/everest-turmeric-powder/p/itmeuhfxf63zgbnk?pid=SCMEUHFX9K7TYZQP&marketplace=HYPERLOCAL | N83: 96 | O83: 96 | P83: 94 | Q83: 200 g | S83: EVEREST | T83: mum_187_wh_hl_01 | U83: 200 | V83: g | W83: 400051 | Y83: 2026-09-11 07:24:53
A84: 400051 | B84: Madhur Pure & Hygienic Sulphurless Sugar | C84: Copy Link | D84: Out of Stock | F84: 1 kg | G84: 1000 | H84: g | I84: Dry Fruits, Masala & Oil | J84: Salt, Sugar & Jaggery | L84: https://www.flipkart.com/madhur-pure-hygienic-refined-sugar/p/itme3f4d18778842?pid=SUGFTZ3QJAGGDYGC&marketplace=HYPERLOCAL | N84: 65 | O84: 65 | Q84: 1 kg Pouch | S84: MADHUR | T84: mum_187_wh_hl_01 | U84: 1000 | V84: g | W84: 400051 | Y84: 2026-09-11 07:24:54
A85: 400051 | B85: Tata Salt (Vacuum Evaporated Iodised) | C85: Copy Link | D85: Out of Stock | F85: 1 kg | G85: 1000 | H85: g | I85: Dry Fruits, Masala & Oil | J85: Salt, Sugar & Jaggery | L85: https://www.flipkart.com/tata-salt-vacuum-evaporated-iodized/p/itmd266ce5ced18b?pid=SATET96PTFPYSQWM&marketplace=HYPERLOCAL | N85: 28 | O85: 32 | Q85: 1 kg | S85: Tata Salt | T85: mum_187_wh_hl_01 | U85: 1000 | V85: g | W85: 400051 | Y85: 2026-09-11 07:24:56
A86: 400051 | B86: Catch Cumin Seeds / Jeera Seeds | C86: Copy Link | D86: In Stock | F86: 100 g | G86: 100 | H86: g | I86: Dry Fruits, Masala & Oil | J86: Whole Spices | L86: https://www.flipkart.com/catch-cumin-whole/p/itmfahf2pckskdar?pid=SCMEUE5Z3SGUDD8G&marketplace=HYPERLOCAL | N86: 97 | O86: 145 | P86: 95 | Q86: 200 g | S86: Catch | T86: mum_187_wh_hl_01 | U86: 200 | V86: g | W86: 400051 | Y86: 2026-09-11 07:24:57
A87: 400051 | B87: McCain French Fries | C87: Copy Link | D87: In Stock | F87: 1 kg | G87: 1000 | H87: g | I87: Instant & Frozen Food | J87: Frozen Veg Snacks | L87: https://www.flipkart.com/mccain-smiles/p/itmb9a5e428162cb?pid=RMDFSM96QAVJ2W7U&marketplace=HYPERLOCAL | N87: 281 | O87: 281 | P87: 272 | Q87: 750 g | S87: McCain | T87: mum_187_wh_hl_01 | U87: 750 | V87: g | W87: 400051 | Y87: 2026-09-11 07:24:59
A88: 400051 | B88: Maggi 2 Minutes Instant Noodles Made With Quality Spices | C88: 2-Minute Masala Instant Noodles | D88: In Stock | F88: 450 g | G88: 450 | H88: g | I88: Instant & Frozen Food | J88: Noodles | L88: https://www.flipkart.com/maggi-2-minute-masala-instant-noodles/p/itmdcb593c60e6ab?pid=NDLEUB3GZPKYVQGZ&marketplace=HYPERLOCAL | N88: 59 | O88: 60 | Q88: 280 g | S88: Maggi | T88: mum_187_wh_hl_01 | U88: 280 | V88: g | W88: 400051 | Y88: 2026-09-11 07:25:01
A89: 400051 | B89: Haldiram's Bhujia | C89: Copy Link | D89: Out of Stock | F89: 200 g | G89: 200 | H89: g | I89: Munchies | J89: Bhujia & Mixtures | L89: https://www.flipkart.com/haldiram-s-bhujia-sev/p/itmcf7427b395677?pid=SNSETFPYNEYXCJKH&marketplace=HYPERLOCAL | N89: 175 | O89: 175 | P89: 173 | Q89: 600 g | S89: Haldiram's | T89: mum_187_wh_hl_01 | U89: 600 | V89: g | W89: 400051 | Y89: 2026-09-11 07:25:03
A90: 400051 | B90: Lay's India's Magic Masala Potato Chips | C90: Copy Link | D90: In Stock | F90: 73.7 g | G90: 73.7 | H90: g | I90: Munchies | J90: Chips & Crisps | L90: https://www.flipkart.com/lay-s-india-s-magic-masala-chips/p/itmex3fhk6htahad?pid=CHPFVTF7KNJTR2UB&marketplace=HYPERLOCAL | N90: 35 | O90: 35 | Q90: 75 g | S90: Lay's | T90: mum_187_wh_hl_01 | U90: 75 | V90: g | W90: 400051 | Y90: 2026-09-11 07:25:04
A91: 400051 | B91: Mr. Makhana Black Salt Flavoured Makhana | C91: Copy Link | D91: In Stock | F91: 55 g | G91: 55 | H91: g | I91: Munchies | J91: Makhana & More | L91: https://www.flipkart.com/mr-makhana-black-salt/p/itm46d5e13486c46?pid=SNSHYGAGSSNFTSGR&marketplace=HYPERLOCAL | N91: 132 | O91: 150 | P91: 129 | Q91: 55 g | S91: Mr Makhana | T91: mum_187_wh_hl_01 | U91: 55 | V91: g | W91: 400051 | Y91: 2026-09-11 07:25:06
A92: 400051 | B92: Doritos Cheese Nachos | C92: Copy Link | D92: In Stock | F92: 71 g | G92: 71 | H92: g | I92: Munchies | J92: Nachos | L92: https://www.flipkart.com/doritos-cheese-flavoured-nachos/p/itmf5qdbqyrauasy?pid=CHPFFUK973BGAWSV&marketplace=HYPERLOCAL | N92: 20 | O92: 20 | Q92: 45 g | S92: DORITOS | T92: mum_187_wh_hl_01 | U92: 45 | V92: g | W92: 400051 | Y92: 2026-09-11 07:25:08
A93: 400051 | B93: Haldiram's Boondi | C93: Copy Link | D93: Out of Stock | F93: 210 g | G93: 210 | H93: g | I93: Munchies | J93: Namkeen Snacks | L93: https://www.flipkart.com/haldiram-s-boondi/p/itm3c20fb4eb8e2c?pid=SNSF6KYDCVCXJNWZ&marketplace=HYPERLOCAL | N93: 52 | O93: 52 | P93: 50 | Q93: 200 g | S93: Haldiram's | T93: mum_187_wh_hl_01 | U93: 200 | V93: g | W93: 400051 | Y93: 2026-09-11 07:25:09
A94: 400051 | B94: Act II Natural Microwave Popcorn | C94: Copy Link | D94: In Stock | F94: 33 g | G94: 33 | H94: g | I94: Munchies | J94: Popcorn | L94: https://www.flipkart.com/act-ii-microwave-natural-popcorn/p/itmfc6f53ce021c8?pid=PCPETZTZENF9MJCJ&marketplace=HYPERLOCAL | N94: 62 | O94: 75 | Q94: 92 g | S94: ACT II | T94: mum_187_wh_hl_01 | U94: 92 | V94: g | W94: 400051 | Y94: 2026-09-11 07:25:11
A95: 400051 | B95: Britannia Toastea Cake Rusk | C95: Copy Link | D95: In Stock | F95: 100 g | G95: 100 | H95: g | I95: Munchies | J95: Rusks & Wafers | L95: https://www.flipkart.com/britannia-toastea-premium-elaichi-rusk/p/itm2b9ef11fcb129?pid=RUKFSFAGBSCZ9GBW&marketplace=HYPERLOCAL | N95: 135 | O95: 150 | P95: 133 | S95: BRITANNIA | T95: mum_187_wh_hl_01 | W95: 400051 | Y95: 2026-09-11 07:25:12
A96: 400051 | B96: Kettle Studio Rock Sea Salt & English Vinegar Potato Chips | C96: Copy Link | D96: Out of Stock | F96: 113 g | G96: 113 | H96: g | I96: Organic & Premium | J96: Snacks & Munchies | L96: https://www.flipkart.com/kettle-studio-rock-sea-salt-english-vinegar-chips/p/itmffz7zh7h4e4hr?pid=CHPHHYBWRJGZ5FAY&marketplace=HYPERLOCAL | N96: 94 | O96: 99 | P96: 92 | Q96: 120 g | S96: Kettle Studio | T96: mum_187_wh_hl_01 | U96: 120 | V96: g | W96: 400051 | Y96: 2026-09-11 07:25:14
A97: 400051 | B97: Marlboro Advance Compact | C97: Copy Link | D97: In Stock | F97: 10 pcs | G97: 10 | H97: pcs | I97: Paan Corner | J97: Cigarettes | L97: https://www.flipkart.com/marlboro-advance-10s-regular-cigarettes/p/itm979e223d32820?pid=ZETH7YZHUXPYXH8Y&marketplace=HYPERLOCAL | N97: 240 | O97: 240 | Q97: 10 | S97: Marlboro | T97: mum_187_wh_hl_01 | W97: 400051 | Y97: 2026-09-11 07:25:16
A98: 400051 | B98: Nicotex Mint Plus Nicotine Gum | C98: Copy Link | D98: In Stock | F98: 44 pcs | G98: 44 | H98: pcs | I98: Paan Corner | J98: Smoking Cessation | L98: https://www.flipkart.com/cipla-nicotex-nicotine-mintplus-gums-2mg-30-each-pack-helps-quit-smoking-cessations/p/itm5eb0e7818dbe9?pid=SMAH8JCH4QHY7ACE&marketplace=HYPERLOCAL | N98: 255 | O98: 298 | P98: 249 | S98: Cipla | T98: mum_187_wh_hl_01 | W98: 400051 | Y98: 2026-09-11 07:25:17
A99: 400051 | B99: Dettol Original Bathing Bar | C99: Copy Link | D99: In Stock | F99: 150 g | G99: 150 | H99: g | I99: Personal Care | J99: Bathing Soaps | L99: https://www.flipkart.com/dettol-original-bathing-soap-men-women-face-body-hands-12h-protection/p/itmb00a2453faf71?pid=SOPHYKV2PJNZZZJF&marketplace=HYPERLOCAL | N99: 38 | O99: 40 | P99: 36 | Q99: 100 g | S99: Dettol | T99: mum_187_wh_hl_01 | U99: 100 | V99: g | W99: 400051 | Y99: 2026-09-11 07:25:19
A100: 400051 | B100: Nivea Men Fresh Active Men's Roll On | C100: Fresh Power, Antibacterial 72h Protection, 0% Alcohol, Fresh Musk Scent Deodorant Roll-on - For Men | D100: In Stock | F100: 50 ml | G100: 50 | H100: ml | I100: Personal Care | J100: Deodorant & Talc | L100: https://www.flipkart.com/nivea-men-fresh-power-antibacterial-72h-protection-0-alcohol-musk-scent-deodorant-roll-on/p/itme0a95a228f53b?pid=DEOESRG8HTBJRCSC&marketplace=HYPERLOCAL | N100: 154 | O100: 249 | P100: 150 | Q100: 50 ml | S100: Nivea Men | T100: mum_187_wh_hl_01 | U100: 50 | V100: ml | W100: 400051 | Y100: 2026-09-11 07:25:20
...

Sheet 2026-09-11 0845
A1: Pincode | B1: Item | C1: ProductName | D1: is_out_of_stock | E1: Serviceable | F1: Quantity | G1: Base_Final quantity | H1: Base_Final unit | I1: Segment | J1: Grocery | K1: National / PL | L1: Product_Link | M1: Backup_Links | N1: Price | O1: MRP | P1: XtraSaverPrice | Q1: Weight | R1: Volume | S1: Seller | T1: StoreId | U1: Final_Qty | V1: Final_unit | W1: Pincode_Used | X1: Used_Link | Y1: Captured_At
A2: 400051 | B2: Aashirvaad Select | Pure MP Sharbati Wheat Atta for Soft Makhmali Rotis | F2: 5 kg | G2: 5000 | H2: g | I2: Atta, Rice & Dal | J2: Atta | L2: https://www.flipkart.com/aashirvaad-superior-mp-atta/p/itmevbgvupx4gqxb?pid=FLREUC5PSFQUBHTC&marketplace=HYPERLOCAL | W2: 400051 | Y2: 2026-09-11 08:46:32
A3: 400051 | B3: Fortune Chakki Fresh Atta | F3: 5 kg | G3: 5000 | H3: g | I3: Atta, Rice & Dal | J3: Atta | L3: https://www.flipkart.com/fortune-chakki-fresh-atta/p/itmf8zjux3v4utqz?pid=FLRF8ZJU5KHYVCDC&marketplace=HYPERLOCAL | W3: 400051 | Y3: 2026-09-11 08:46:33
A4: 400051 | B4: Fortune 100% Chana Dal Besan | F4: 1 kg | G4: 1000 | H4: g | I4: Atta, Rice & Dal | J4: Besan, Sooji & Maida | L4: https://www.flipkart.com/fortune-besan/p/itmetefhhdrhpfge?pid=FLRETEFHZHCFSEDD&marketplace=HYPERLOCAL | W4: 400051 | Y4: 2026-09-11 08:46:34
A5: 400051 | B5: Rajdhani Sooji/Rava | F5: 1 kg | G5: 1000 | H5: g | I5: Atta, Rice & Dal | J5: Besan, Sooji & Maida | L5: https://www.flipkart.com/rajdhani-sooji/p/itmf6yfkzqrf9twn?pid=FLRF6YFKKQ39F9MZ&marketplace=HYPERLOCAL | W5: 400051 | Y5: 2026-09-11 08:46:36
A6: 400051 | B6: Tata Sampann Unpolished Masoor Dal | F6: 500 g | G6: 500 | H6: g | I6: Atta, Rice & Dal | J6: Moong & Masoor | L6: https://www.flipkart.com/tata-sampann-unpolished-red-masoor-dal-whole/p/itmb8901742a9e80?pid=PLSEUHQJGDGFGFQC&marketplace=HYPERLOCAL | W6: 400051 | Y6: 2026-09-11 08:46:37
A7: 400051 | B7: Tata Sampann Unpolished Organic Moong Sabut | F7: 1 kg | G7: 1000 | H7: g | I7: Atta, Rice & Dal | J7: Moong & Masoor | L7: https://www.flipkart.com/tata-sampann-organic-unpolished-yellow-moong-dal-split/p/itmc58d782587d5f?pid=PLSF8GXG5GGPFCZH&marketplace=HYPERLOCAL | W7: 400051 | Y7: 2026-09-11 08:46:38
A8: 400051 | B8: Nutrela Soya Mini Chunks | F8: 200 g | G8: 200 | H8: g | I8: Atta, Rice & Dal | J8: Rajma, Chhole & Others | L8: https://www.flipkart.com/nutrela-soya-chunks/p/itm4e39c268eb367?pid=SYCG9G85AEWQJBKP&marketplace=HYPERLOCAL | W8: 400051 | Y8: 2026-09-11 08:46:40
A9: 400051 | B9: Tata Sampann Unpolished Kabuli Chana (Big Size) | F9: 500 g | G9: 500 | H9: g | I9: Atta, Rice & Dal | J9: Rajma, Chhole & Others | L9: https://www.flipkart.com/tata-sampann-unpolished-kabuli-chana/p/itm210199349460e?pid=PLSGHKPK5EWUDFNS&marketplace=HYPERLOCAL | W9: 400051 | Y9: 2026-09-11 08:46:41
A10: 400051 | B10: Tata Sampann Unpolished Rajma | F10: 500 g | G10: 500 | H10: g | I10: Atta, Rice & Dal | J10: Rajma, Chhole & Others | L10: https://www.flipkart.com/rajdhani-unpolished-kashmiri-rajma/p/itme0c53828d1ebf?pid=PLSF6Y2DWKB5NAMU&marketplace=HYPERLOCAL | W10: 400051 | Y10: 2026-09-11 08:46:42
A11: 400051 | B11: Daawat Super Basmati Rice (Long Grain) | F11: 5 kg | G11: 5000 | H11: g | I11: Atta, Rice & Dal | J11: Rice | L11: https://www.flipkart.com/daawat-super-basmati-rice-long-grain/p/itm5e7f4d650da77?pid=RICEUC2YGH9ZBNEH&marketplace=HYPERLOCAL | W11: 400051 | Y11: 2026-09-11 08:46:43
A12: 400051 | B12: India Gate Daily Premium Basmati Rice (Long Grain) | F12: 5 kg | G12: 5000 | H12: g | I12: Atta, Rice & Dal | J12: Rice | L12: https://www.flipkart.com/india-gate-flavourful-fine-daily-premium-long-slender-grains-naturally-aged-basmati-rice-long-grain-polished/p/itm4e4c0ed865572?pid=RICGGJZYTF4DW3VB&marketplace=HYPERLOCAL | W12: 400051 | Y12: 2026-09-11 08:46:44
A13: 400051 | B13: Tata Sampann Unpolished Chana Dal | F13: 500 g | G13: 500 | H13: g | I13: Atta, Rice & Dal | J13: Toor, Urad & Chana | L13: https://www.flipkart.com/tata-sampann-unpolished-yellow-chana-dal-split/p/itm549c1ab20445b?pid=PLSETEHFG2EY2UCQ&marketplace=HYPERLOCAL | W13: 400051 | Y13: 2026-09-11 08:46:46
... A29: 400051 | B29: Maybelline New York Colossal Kajal (Deep Black) | F29: 0.35 g | G29: 0.35 | H29: g | I29: Beauty & Cosmetics | J29: Eye Makeup | L29: https://www.flipkart.com/maybelline-new-york-colossal-kajal/p/itm689854fb6af5f?pid=KJLE2DAJUF7KADCQ&marketplace=HYPERLOCAL | W29: 400051 | Y29: 2026-09-11 08:47:06
A30: 400051 | B30: Pond's Bright Beauty Serum Skin Treatment Cream 34 g | F30: 35 g | G30: 35 | H30: g | I30: Beauty & Cosmetics | J30: Face Care
A31: 400051 | B31: Lakme Forever Matte Compact (Pearl) | F31: 9 g | G31: 9 | H31: g | I31: Beauty & Cosmetics | J31: Face Cosmetics | L31: https://www.flipkart.com/lakm-forever-matte-compact/p/itm70a5e612ec622?pid=CMPG5K3DYPJBSZK3&marketplace=HYPERLOCAL | W31: 400051 | Y31: 2026-09-11 08:47:07
A32: 400051 | B32: Livon Anti-Frizz Hair Serum | F32: 50 ml | G32: 50 | H32: ml | I32: Beauty & Cosmetics | J32: Hair Styling & Treatment | L32: https://www.flipkart.com/livon-hair-serum-for-dry-frizzy-hair-provides-shine-smoothness-damage-protection/p/itm46b51dbec7c99?pid=HSMDDAZEGXVQ2PD4&marketplace=HYPERLOCAL | W32: 400051 | Y32: 2026-09-11 08:47:08
A33: 400051 | B33: Nivea Essential Care Lip Balm | F33: 4.8 g | G33: 4.8 | H33: g | I33: Beauty & Cosmetics | J33: Lip & Eye Care | L33: https://www.flipkart.com/nivea-care-natural/p/itmet5uxkbysnrjr?pid=LPBET5UXDPYZQH6Z&marketplace=HYPERLOCAL | W33: 400051 | Y33: 2026-09-11 08:47:09
A34: 400051 | B34: Lakme 9To5 Hya Matte Lipstick (Workday Rose) | F34: 3.6 g | G34: 3.6 | H34: g | I34: Beauty & Cosmetics | J34: Lip Cosmetics | L34: https://www.flipkart.com/lakm-9to5-primer-matte-lip-color/p/itmc921adcfbfd56?pid=LSKFX4KERQHZ8KCT&marketplace=HYPERLOCAL | W34: 400051 | Y34: 2026-09-11 08:47:10
A35: 400051 | B35: Lakme Nail Paint Remover | F35: 27 ml | G35: 27 | H35: ml | I35: Beauty & Cosmetics | J35: Nail Cosmetics | L35: https://www.flipkart.com/lakm-liquid-nail-polish-remover-vitamin-e-27ml/p/itm483b1bf92a749?pid=NPRGXQC9B6M7URE2&marketplace=HYPERLOCAL | W35: 400051 | Y35: 2026-09-11 08:47:12
A36: 400051 | B36: Licious Chicken Curry Cut (Small Pieces) | F36: 450 g | G36: 450 | H36: g | I36: Chicken, Meat & Fish | J36: Fresh Meat | L36: https://www.flipkart.com/licious-chicken-curry-cut-large-pcs/p/itm3babb9d82c00e?pid=MEAFSCBFTHQK8S42&marketplace=HYPERLOCAL | W36: 400051 | Y36: 2026-09-11 08:47:13
A37: 400051 | B37: Surf Excel Easy Wash Detergent Powder | F37: 1 kg | G37: 1000 | H37: g | I37: Cleaning Essentials | J37: Detergent Powder & Bars | L37: https://www.flipkart.com/surf-excel-easy-wash-detergent-powder/p/itm2ebbcc2dd9963?pid=LDTET5UDBXDFKWAZ&marketplace=HYPERLOCAL | W37: 400051 | Y37: 2026-09-11 08:47:14
A38: 400051 | B38: Scotch Brite Scrub Pad | F38: 5 pcs | G38: 5 | H38: pcs | I38: Cleaning Essentials | J38: Dishwashing Accessories | L38: https://www.flipkart.com/scotch-brite-super-strong7x10-cm-scrub-pad/p/itmbf74cb7a4cce7?pid=SRPGREGHT3BHJHFH&marketplace=HYPERLOCAL | W38: 400051 | Y38: 2026-09-11 08:47:15
A39: 400051 | B39: Vim Lemon Dishwash Bar (300 g) | F39: 300 g | G39: 300 | H39: g | I39: Cleaning Essentials | J39: Dishwashing Bars & Tubs | L39: https://www.flipkart.com/vim-dishwash-bar/p/itmew7uegahfruem?pid=DWBEU6M6WTGKAG9Q&marketplace=HYPERLOCAL | W39: 400051 | Y39: 2026-09-11 08:47:16
A40: 400051 | B40: Vim Lemon Dishwash Gel | F40: 750 ml | G40: 750 | H40: ml | I40: Cleaning Essentials | J40: Dishwashing Gels & Tablets | L40: https://www.flipkart.com/vim-dish-cleaning-gel/p/itmfd4qydmg59zvy?pid=DCGEUJSDG7NPZKHP&marketplace=HYPERLOCAL | W40: 400051 | Y40: 2026-09-11 08:47:18
A41: 400051 | B41: Comfort After Wash Fabric Conditioner (Lily Fresh) | F41: 860 ml | G41: 860 | H41: ml | I41: Cleaning Essentials | J41: Fabric Conditioner & Additives | L41: https://www.flipkart.com/comfort-after-wash-morning-fresh-fabric-conditioner/p/itmf9jz4xzjyyer4?pid=FSNETM7DWRUTJBMG&marketplace=HYPERLOCAL | W41: 400051 | Y41: 2026-09-11 08:47:19
A42: 400051 | B42: Lizol Disinfectant Surface & Floor Cleaner (Citrus) 2 l | F42: 2 ltr | G42: 2000 | H42: ml | I42: Cleaning Essentials | J42: Floor & Surface Cleaners | L42: https://www.flipkart.com/lizol-disinfectant-surface-cleaner-floor-bathroom-kitchen-tile-not-phenyl-liquid-floral/p/itmc7b54d3fb6adf?pid=BCRETEEZZZ5DRZGG&marketplace=HYPERLOCAL | W42: 400051 | Y42: 2026-09-11 08:47:20
... A183: 110060 | B183: Maybelline New York Colossal Kajal (Deep Black) | F183: 0.35 g | G183: 0.35 | H183: g | I183: Beauty & Cosmetics | J183: Eye Makeup | L183: https://www.flipkart.com/maybelline-new-york-colossal-kajal/p/itm689854fb6af5f?pid=KJLE2DAJUF7KADCQ&marketplace=HYPERLOCAL | W183: 110060 | Y183: 2026-09-11 08:50:54
A184: 110060 | B184: Pond's Bright Beauty Serum Skin Treatment Cream 34 g | F184: 35 g | G184: 35 | H184: g | I184: Beauty & Cosmetics | J184: Face Care
A185: 110060 | B185: Lakme Forever Matte Compact (Pearl) | F185: 9 g | G185: 9 | H185: g | I185: Beauty & Cosmetics | J185: Face Cosmetics | L185: https://www.flipkart.com/lakm-forever-matte-compact/p/itm70a5e612ec622?pid=CMPG5K3DYPJBSZK3&marketplace=HYPERLOCAL | W185: 110060 | Y185: 2026-09-11 08:50:55
A186: 110060 | B186: Livon Anti-Frizz Hair Serum | F186: 50 ml | G186: 50 | H186: ml | I186: Beauty & Cosmetics | J186: Hair Styling & Treatment | L186: https://www.flipkart.com/livon-hair-serum-for-dry-frizzy-hair-provides-shine-smoothness-damage-protection/p/itm46b51dbec7c99?pid=HSMDDAZEGXVQ2PD4&marketplace=HYPERLOCAL | W186: 110060 | Y186: 2026-09-11 08:50:56
A187: 110060 | B187: Nivea Essential Care Lip Balm | F187: 4.8 g | G187: 4.8 | H187: g | I187: Beauty & Cosmetics | J187: Lip & Eye Care | L187: https://www.flipkart.com/nivea-care-natural/p/itmet5uxkbysnrjr?pid=LPBET5UXDPYZQH6Z&marketplace=HYPERLOCAL | W187: 110060 | Y187: 2026-09-11 08:50:57
A188: 110060 | B188: Lakme 9To5 Hya Matte Lipstick (Workday Rose) | F188: 3.6 g | G188: 3.6 | H188: g | I188: Beauty & Cosmetics | J188: Lip Cosmetics | L188: https://www.flipkart.com/lakm-9to5-primer-matte-lip-color/p/itmc921adcfbfd56?pid=LSKFX4KERQHZ8KCT&marketplace=HYPERLOCAL | W188: 110060 | Y188: 2026-09-11 08:50:59
A189: 110060 | B189: Lakme Nail Paint Remover | F189: 27 ml | G189: 27 | H189: ml | I189: Beauty & Cosmetics | J189: Nail Cosmetics | L189: https://www.flipkart.com/lakm-liquid-nail-polish-remover-vitamin-e-27ml/p/itm483b1bf92a749?pid=NPRGXQC9B6M7URE2&marketplace=HYPERLOCAL | W189: 110060 | Y189: 2026-09-11 08:51:00
A190: 110060 | B190: Licious Chicken Curry Cut (Small Pieces) | F190: 450 g | G190: 450 | H190: g | I190: Chicken, Meat & Fish | J190: Fresh Meat | L190: https://www.flipkart.com/licious-chicken-curry-cut-large-pcs/p/itm3babb9d82c00e?pid=MEAFSCBFTHQK8S42&marketplace=HYPERLOCAL | W190: 110060 | Y190: 2026-09-11 08:51:01
A191: 110060 | B191: Surf Excel Easy Wash Detergent Powder | F191: 1 kg | G191: 1000 | H191: g | I191: Cleaning Essentials | J191: Detergent Powder & Bars | L191: https://www.flipkart.com/surf-excel-easy-wash-detergent-powder/p/itm2ebbcc2dd9963?pid=LDTET5UDBXDFKWAZ&marketplace=HYPERLOCAL | W191: 110060 | Y191: 2026-09-11 08:51:02
A192: 110060 | B192: Scotch Brite Scrub Pad | F192: 5 pcs | G192: 5 | H192: pcs | I192: Cleaning Essentials | J192: Dishwashing Accessories | L192: https://www.flipkart.com/scotch-brite-super-strong7x10-cm-scrub-pad/p/itmbf74cb7a4cce7?pid=SRPGREGHT3BHJHFH&marketplace=HYPERLOCAL | W192: 110060 | Y192: 2026-09-11 08:51:03
A193: 110060 | B193: Vim Lemon Dishwash Bar (300 g) | F193: 300 g | G193: 300 | H193: g | I193: Cleaning Essentials | J193: Dishwashing Bars & Tubs | L193: https://www.flipkart.com/vim-dishwash-bar/p/itmew7uegahfruem?pid=DWBEU6M6WTGKAG9Q&marketplace=HYPERLOCAL | W193: 110060 | Y193: 2026-09-11 08:51:04
A194: 110060 | B194: Vim Lemon Dishwash Gel | F194: 750 ml | G194: 750 | H194: ml | I194: Cleaning Essentials | J194: Dishwashing Gels & Tablets | L194: https://www.flipkart.com/vim-dish-cleaning-gel/p/itmfd4qydmg59zvy?pid=DCGEUJSDG7NPZKHP&marketplace=HYPERLOCAL | W194: 110060 | Y194: 2026-09-11 08:51:05
A195: 110060 | B195: Comfort After Wash Fabric Conditioner (Lily Fresh) | F195: 860 ml | G195: 860 | H195: ml | I195: Cleaning Essentials | J195: Fabric Conditioner & Additives | L195: https://www.flipkart.com/comfort-after-wash-morning-fresh-fabric-conditioner/p/itmf9jz4xzjyyer4?pid=FSNETM7DWRUTJBMG&marketplace=HYPERLOCAL | W195: 110060 | Y195: 2026-09-11 08:51:06
A196: 110060 | B196: Lizol Disinfectant Surface & Floor Cleaner (Citrus) 2 l | F196: 2 ltr | G196: 2000 | H196: ml | I196: Cleaning Essentials | J196: Floor & Surface Cleaners | L196: https://www.flipkart.com/lizol-disinfectant-surface-cleaner-floor-bathroom-kitchen-tile-not-phenyl-liquid-floral/p/itmc7b54d3fb6adf?pid=BCRETEEZZZ5DRZGG&marketplace=HYPERLOCAL | W196: 110060 | Y196: 2026-09-11 08:51:08
... A309: 110060 | B309: Safal Frozen Sweet Corn | F309: 500 g | G309: 500 | H309: g | I309: Vegetables & Fruits | J309: Frozen Veg | L309: https://www.flipkart.com/safal-sweet-corn/p/itm2792e5329bbfe?pid=RMDFSM96TND6BHUH&marketplace=HYPERLOCAL | W309: 110060 | Y309: 2026-09-11 08:53:21

Sheet 2026-09-11 1033
A1: Pincode | B1: Item | C1: ProductName | D1: is_out_of_stock | E1: Serviceable | F1: Segment | G1: Grocery | H1: Product_Link | I1: Price | J1: MRP | K1: XtraSaverPrice | L1: Weight | M1: Volume | N1: Seller | O1: StoreId | P1: Final_Qty | Q1: Final_unit | R1: Pincode_Used | S1: Used_Link | T1: Captured_At
A2: 400051 | B2: Aashirvaad Select | Pure MP Sharbati Wheat Atta for Soft Makhmali Rotis | C2: Superior MP Atta | D2: In Stock | F2: Atta, Rice & Dal | G2: Atta | H2: https://www.flipkart.com/aashirvaad-superior-mp-atta/p/itmevbgvupx4gqxb?pid=FLREUC5PSFQUBHTC&marketplace=HYPERLOCAL | I2: 257 | J2: 314 | L2: 5 kg | N2: AASHIRVAAD | O2: mum_187_wh_hl_01 | P2: 5000 | Q2: g | R2: 400051 | T2: 2026-09-11 10:33:38
A3: 400051 | B3: Fortune Chakki Fresh Atta | C3: Chakki Fresh Atta | D3: In Stock | F3: Atta, Rice & Dal | G3: Atta | H3: https://www.flipkart.com/fortune-chakki-fresh-atta/p/itmf8zjux3v4utqz?pid=FLRF8ZJU5KHYVCDC&marketplace=HYPERLOCAL | I3: 220 | J3: 277 | L3: 5 kg | N3: FORTUNE | O3: mum_187_wh_hl_01 | P3: 5000 | Q3: g | R3: 400051 | T3: 2026-09-11 10:33:39
A4: 400051 | B4: Fortune 100% Chana Dal Besan | C4: Copy Link | D4: In Stock | F4: Atta, Rice & Dal | G4: Besan, Sooji & Maida | H4: https://www.flipkart.com/fortune-besan/p/itmetefhhdrhpfge?pid=FLRETEFHZHCFSEDD&marketplace=HYPERLOCAL | I4: 118 | J4: 169 | K4: 116 | L4: 1 kg | N4: FORTUNE | O4: mum_187_wh_hl_01 | P4: 1000 | Q4: g | R4: 400051 | T4: 2026-09-11 10:33:41
A5: 400051 | B5: Rajdhani Sooji/Rava | C5: Copy Link | D5: In Stock | F5: Atta, Rice & Dal | G5: Besan, Sooji & Maida | H5: https://www.flipkart.com/rajdhani-sooji/p/itmf6yfkzqrf9twn?pid=FLRF6YFKKQ39F9MZ&marketplace=HYPERLOCAL | I5: 74 | J5: 98 | L5: 1 kg | N5: Rajdhani | O5: mum_187_wh_hl_01 | P5: 1000 | Q5: g | R5: 400051 | T5: 2026-09-11 10:33:42
A6: 400051 | B6: Tata Sampann Unpolished Masoor Dal | C6: Copy Link | D6: In Stock | F6: Atta, Rice & Dal | G6: Moong & Masoor | H6: https://www.flipkart.com/tata-sampann-unpolished-red-masoor-dal-whole/p/itmb8901742a9e80?pid=PLSEUHQJGDGFGFQC&marketplace=HYPERLOCAL | I6: 76 | J6: 79 | K6: 74 | L6: 500 g | N6: Tata Sampann | O6: mum_187_wh_hl_01 | P6: 500 | Q6: g | R6: 400051 | T6: 2026-09-11 10:33:44
A7: 400051 | B7: Tata Sampann Unpolished Organic Moong Sabut | C7: Unpolished Yellow Moong Dal (Split) | D7: In Stock | F7: Atta, Rice & Dal | G7: Moong & Masoor | H7: https://www.flipkart.com/tata-sampann-organic-unpolished-yellow-moong-dal-split/p/itmc58d782587d5f?pid=PLSF8GXG5GGPFCZH&marketplace=HYPERLOCAL | I7: 121 | J7: 140 | K7: 118 | L7: 500 g | N7: Tata Sampann Organic | O7: mum_187_wh_hl_01 | P7: 500 | Q7: g | R7: 400051 | T7: 2026-09-11 10:33:45
A8: 400051 | B8: Nutrela Soya Mini Chunks | C8: Soya Chunks | D8: In Stock | F8: Atta, Rice & Dal | G8: Rajma, Chhole & Others | H8: https://www.flipkart.com/nutrela-soya-chunks/p/itm4e39c268eb367?pid=SYCG9G85AEWQJBKP&marketplace=HYPERLOCAL | I8: 140 | J8: 190 | L8: 1 kg | N8: NUTRELA | O8: mum_187_wh_hl_01 | P8: 1000 | Q8: g | R8: 400051 | T8: 2026-09-11 10:33:47
A9: 400051 | B9: Tata Sampann Unpolished Kabuli Chana (Big Size) | C9: Unpolished Kabuli Chana | D9: In Stock | F9: Atta, Rice & Dal | G9: Rajma, Chhole & Others | H9: https://www.flipkart.com/tata-sampann-unpolished-kabuli-chana/p/itm210199349460e?pid=PLSGHKPK5EWUDFNS&marketplace=HYPERLOCAL | I9: 145 | J9: 168 | L9: 1 kg | N9: Tata Sampann | O9: mum_187_wh_hl_01 | P9: 1000 | Q9: g | R9: 400051 | T9: 2026-09-11 10:33:49
A10: 400051 | B10: Tata Sampann Unpolished Rajma | C10: Copy Link | D10: In Stock | F10: Atta, Rice & Dal | G10: Rajma, Chhole & Others | H10: https://www.flipkart.com/rajdhani-unpolished-kashmiri-rajma/p/itme0c53828d1ebf?pid=PLSF6Y2DWKB5NAMU&marketplace=HYPERLOCAL | I10: 76 | J10: 112 | K10: 74 | L10: 500 g | N10: Rajdhani | O10: mum_187_wh_hl_01 | P10: 500 | Q10: g | R10: 400051 | T10: 2026-09-11 10:33:50
A11: 400051 | B11: Daawat Super Basmati Rice (Long Grain) | C11: Copy Link | D11: In Stock | F11: Atta, Rice & Dal | G11: Rice | H11: https://www.flipkart.com/daawat-super-basmati-rice-long-grain/p/itm5e7f4d650da77?pid=RICEUC2YGH9ZBNEH&marketplace=HYPERLOCAL | I11: 832 | J11: 995 | K11: 748 | L11: 5 kg | N11: Daawat | O11: mum_187_wh_hl_01 | P11: 5000 | Q11: g | R11: 400051 | T11: 2026-09-11 10:33:52
A12: 400051 | B12: India Gate Daily Premium Basmati Rice (Long Grain) | C12: Copy Link | D12: In Stock | F12: Atta, Rice & Dal | G12: Rice | H12: https://www.flipkart.com/india-gate-flavourful-fine-daily-premium-long-slender-grains-naturally-aged-basmati-rice-long-grain-polished/p/itm4e4c0ed865572?pid=RICGGJZYTF4DW3VB&marketplace=HYPERLOCAL | I12: 528 | J12: 680 | K12: 522 | L12: 5 kg | N12: INDIA GATE | O12: mum_187_wh_hl_01 | P12: 5000 | Q12: g | R12: 400051 | T12: 2026-09-11 10:33:53
A13: 400051 | B13: Tata Sampann Unpolished Chana Dal | C13: Unpolished Yellow Chana Dal (Split) | D13: In Stock | F13: Atta, Rice & Dal | G13: Toor, Urad & Chana | H13: https://www.flipkart.com/tata-sampann-unpolished-yellow-chana-dal-split/p/itm549c1ab20445b?pid=PLSETEHFG2EY2UCQ&marketplace=HYPERLOCAL | I13: 71 | J13: 81 | K13: 68 | L13: 500 g | N13: Tata Sampann | O13: mum_187_wh_hl_01 | P13: 500 | Q13: g | R13: 400051 | T13: 2026-09-11 10:33:55
A14: 400051 | B14: Tata Sampann Unpolished Toor Dal | C14: Unpolished Yellow Toor/Arhar Dal | D14: In Stock | F14: Atta, Rice & Dal | G14: Toor, Urad & Chana | H14: https://www.flipkart.com/tata-sampann-unpolished-yellow-toor-arhar-dal/p/itmed34edd39d2e9?pid=PLSG93HVZF2ERNWR&marketplace=HYPERLOCAL | I14: 339 | J14: 448 | L14: 2 kg | N14: Tata Sampann | O14: mum_187_wh_hl_01 | P14: 2000 | Q14: g | R14: 400051 | T14: 2026-09-11 10:33:57
A15: 400051 | B15: Nestle Cerelac Wheat Apple Baby Cereal (6 - 24 Months) | C15: Copy Link | D15: In Stock | F15: Baby Care | G15: Baby Food | H15: https://www.flipkart.com/nestle-cerelac-wheat-apple-baby-food-cereal-no-preservatives/p/itmb753364d0fd30?pid=INFETZV5GYZ6Q9FW&marketplace=HYPERLOCAL | I15: 260 | J15: 260 | L15: 350 g | N15: Nestle Cerelac | O15: mum_187_wh_hl_01 | P15: 350 | Q15: g | R15: 400051 | T15: 2026-09-11 10:33:59
A16: 400051 | B16: Himalaya Gentle Baby Wipes | C16: Copy Link | D16: In Stock | F16: Baby Care | G16: Baby Wipes | H16: https://www.flipkart.com/johnson-s-baby-skincare-wipes-72s/p/itm85e9b2b25d29c?pid=WIPDAJ2MZYF564HG&marketplace=HYPERLOCAL | I16: 241 | J16: 280 | K16: 236 | L16: 72 Wipes | N16: JOHNSON'S | O16: mum_187_wh_hl_01 | R16: 400051 | T16: 2026-09-11 10:34:00
A17: 400051 | B17: Johnson's Baby Soap | C17: Copy Link | D17: In Stock | F17: Baby Care | G17: Bathing Needs | H17: https://www.flipkart.com/himalaya-extra-moisturizing-baby-soap-dry-skin-b3g1-free-75g-helps-lock-moisture/p/itmc8f1ec744e790?pid=SOPEUBZRWAGG5NR8&marketplace=HYPERLOCAL | I17: 141 | J17: 195 | K17: 138 | L17: 3x100 g | N17: HIMALAYA | O17: mum_187_wh_hl_01 | P17: 300 | Q17: g | R17: 400051 | T17: 2026-09-11 10:34:02
A18: 400051 | B18: Pampers Happy Sleep Pant Style Baby Diaper (M) | C18: Happy Sleep Anti Rash Shield Pant Diapers - M | D18: In Stock | F18: Baby Care | G18: Diapers & More | H18: https://www.flipkart.com/pampers-happy-sleep-anti-rash-shield-m/p/itm24477fbc6c3c2?pid=DPRH3SCGZZWJQZ5M&marketplace=HYPERLOCAL | I18: 508 | J18: 609 | K18: 457 | L18: M | 48 Pcs | N18: Pampers | O18: mum_187_wh_hl_01 | R18: 400051 | T18: 2026-09-11 10:34:03
A19: 400051 | B19: Johnson's Baby Lotion | C19: All Day Long Baby Lotion | D19: In Stock | F19: Baby Care | G19: Skin & Hair Care | H19: https://www.flipkart.com/johnson-s-all-day-long-baby-lotion/p/itmf9rb3byqhwfcr?pid=MSCF6SWQ6DNGZ3AH&marketplace=HYPERLOCAL | I19: 379 | J19: 475 | K19: 371 | L19: 500 ml | N19: JOHNSON'S | O19: mum_187_wh_hl_01 | P19: 500 | Q19: ml | R19: 400051 | T19: 2026-09-11 10:34:05
A20: 400051 | B20: Weikfield Double Action Baking Powder | C20: Copy Link | D20: In Stock | F20: Bakery & Biscuits | G20: Baking Ingredients | H20: https://www.flipkart.com/weikfield-baking-powder-100-double-action-fluppy-cakes-cookies-powder/p/itmew5z7ujzcpyje?pid=BKIEUHNZXUWBHJ2W&marketplace=HYPERLOCAL | I20: 38 | J20: 40 | K20: 36 | L20: 100 g | N20: WeiKFiELD | O20: mum_187_wh_hl_01 | P20: 100 | Q20: g | R20: 400051 | T20: 2026-09-11 10:34:07
A21: 400051 | B21: Lotte Choco Pie | C21: Copy Link | D21: In Stock | F21: Bakery & Biscuits | G21: Cakes & Rolls | H21: https://www.flipkart.com/lotte-choco-pie-soft-biscuits-coated-premium-chocolate-cream-sandwich-biscuit/p/itm600e9df6b15a2?pid=CKBEUARSF4EKDX2U&marketplace=HYPERLOCAL | I21: 139 | J21: 180 | K21: 136 | L21: 336 g | N21: Lotte | O21: mum_187_wh_hl_01 | P21: 336 | Q21: g | R21: 400051 | T21: 2026-09-11 10:34:08
A22: 400051 | B22: Britannia Original Bourbon Creme Biscuit | C22: Copy Link | D22: In Stock | F22: Bakery & Biscuits | G22: Cookies | H22: https://www.flipkart.com/britannia-treat-bourbon-biscuits-cream-sandwich-biscuit/p/itmd5423e0a84931?pid=CKBG7BHRWSR3AHZW&marketplace=HYPERLOCAL | I22: 10 | J22: 10 | L22: 50 g | N22: BRITANNIA | O22: mum_187_wh_hl_01 | P22: 50 | Q22: g | R22: 400051 | T22: 2026-09-11 10:34:10
A23: 400051 | B23: Britannia Good Day Cashew Biscuit | C23: Copy Link | D23: In Stock | F23: Bakery & Biscuits | G23: Cookies | H23: https://www.flipkart.com/britannia-good-day-cashew-cookies/p/itmb56a4a28a3424?pid=CKBET6WUZUR9PUSR&marketplace=HYPERLOCAL | I23: 43 | J23: 45 | L23: 200 g | N23: BRITANNIA | O23: mum_187_wh_hl_01 | P23: 200 | Q23: g | R23: 400051 | T23: 2026-09-11 10:34:11
A24: 400051 | B24: Malkist Cheese Flavoured Cracker Biscuit - Family Pack | C24: Copy Link | D24: Out of Stock | F24: Bakery & Biscuits | G24: Cream Biscuits | H24: https://www.flipkart.com/malkist-cheese-cream-cracker-biscuit/p/itm2ff267d048c58?pid=CKBFT7N3QQG8NVZZ&marketplace=HYPERLOCAL | I24: 57 | J24: 60 | K24: 55 | L24: 144 g | N24: Malkist | O24: mum_187_wh_hl_01 | P24: 144 | Q24: g | R24: 400051 | T24: 2026-09-11 10:34:13
A25: 400051 | B25: Britannia Marie Gold Marie Biscuits (208 g) | C25: Copy Link | D25: In Stock | F25: Bakery & Biscuits | G25: Glucose & Marie | H25: https://www.flipkart.com/britannia-vita-gold-marie-biscuit/p/itm5b8071bd3b51b?pid=CKBET6WVSMK7UFHE&marketplace=HYPERLOCAL | I25: 38 | J25: 45 | L25: 248 g | N25: BRITANNIA | O25: mum_187_wh_hl_01 | P25: 248 | Q25: g | R25: 400051 | T25: 2026-09-11 10:34:15
A26: 400051 | B26: Britannia NutriChoice Digestive High Fibre Biscuit - 250 g Family Pack | C26: Gold Marie Biscuit | D26: In Stock | F26: Bakery & Biscuits | G26: Healthy & Digestive | H26: https://www.flipkart.com/britannia-gold-marie-biscuit/p/itm353dd93c372d2?pid=CKBET6WU3CEGCYV2&marketplace=HYPERLOCAL | I26: 38 | J26: 40 | L26: 250 g | N26: BRITANNIA | O26: mum_187_wh_hl_01 | P26: 250 | Q26: g | R26: 400051 | T26: 2026-09-11 10:34:16
A27: 400051 | B27: McVitie's Digestive High Fibre Biscuit | C27: Copy Link | D27: Out of Stock | F27: Bakery & Biscuits | G27: Healthy & Digestive | H27: https://www.flipkart.com/mcvitie-s-high-fibre-biscuits-trans-fat-free-digestive-biscuit/p/itmd3de9538585f5?pid=CKBGVZFJNBTRRJPH&marketplace=HYPERLOCAL | I27: 0 | J27: 0 | N27: McVitie's | R27: 400051 | T27: 2026-09-11 10:34:18
A28: 400051 | B28: Nivea Nourishing Body Lotion | C28: Body Lotion for Very Dry Skin, Nourishing Body Milk with 2x Almond Oil, For Men & Women | D28: In Stock | F28: Beauty & Cosmetics | G28: Body & Skin Care | H28: https://www.flipkart.com/nivea-body-lotion-very-dry-skin-nourishing-milk-2x-almond-oil-men-women/p/itmfa397ef11314a?pid=MSCET7YRBUNFUGV2&marketplace=HYPERLOCAL | I28: 110 | J28: 130 | K28: 107 | L28: 120 ml | N28: NIVEA | O28: mum_187_wh_hl_01 | P28: 120 | Q28: ml | R28: 400051 | T28: 2026-09-11 10:34:19
A29: 400051 | B29: Maybelline New York Colossal Kajal (Deep Black) | C29: Copy Link | D29: In Stock | F29: Beauty & Cosmetics | G29: Eye Makeup | H29: https://www.flipkart.com/maybelline-new-york-colossal-kajal/p/itm689854fb6af5f?pid=KJLE2DAJUF7KADCQ&marketplace=HYPERLOCAL | I29: 150 | J29: 220 | L29: Black | N29: MAYBELLINE NEW YORK | O29: mum_187_wh_hl_01 | R29: 400051 | T29: 2026-09-11 10:34:21
A30: 400051 | B30: Pond's Bright Beauty Serum Skin Treatment Cream 34 g | F30: Beauty & Cosmetics | G30: Face Care
A31: 400051 | B31: Lakme Forever Matte Compact (Pearl) | C31: Copy Link | D31: In Stock | F31: Beauty & Cosmetics | G31: Face Cosmetics | H31: https://www.flipkart.com/lakm-forever-matte-compact/p/itm70a5e612ec622?pid=CMPG5K3DYPJBSZK3&marketplace=HYPERLOCAL | I31: 199 | J31: 245 | K31: 195 | N31: Lakmé | O31: mum_187_wh_hl_01 | R31: 400051 | T31: 2026-09-11 10:34:23
A32: 400051 | B32: Livon Anti-Frizz Hair Serum | C32: Hair Serum,For Dry & Frizzy Hair, Provides shine, smoothness & damage protection | D32: In Stock | F32: Beauty & Cosmetics | G32: Hair Styling & Treatment | H32: https://www.flipkart.com/livon-hair-serum-for-dry-frizzy-hair-provides-shine-smoothness-damage-protection/p/itm46b51dbec7c99?pid=HSMDDAZEGXVQ2PD4&marketplace=HYPERLOCAL | I32: 206 | J32: 350 | K32: 201 | L32: 100 ml | N32: LIVON | O32: mum_187_wh_hl_01 | P32: 100 | Q32: ml | R32: 400051 | T32: 2026-09-11 10:34:25
A33: 400051 | B33: Nivea Essential Care Lip Balm | C33: Essential Original Care Lip Balm Natural | D33: In Stock | F33: Beauty & Cosmetics | G33: Lip & Eye Care | H33: https://www.flipkart.com/nivea-care-natural/p/itmet5uxkbysnrjr?pid=LPBET5UXDPYZQH6Z&marketplace=HYPERLOCAL | I33: 138 | J33: 175 | K33: 135 | N33: NIVEA | O33: mum_187_wh_hl_01 | R33: 400051 | T33: 2026-09-11 10:34:26
A34: 400051 | B34: Lakme 9To5 Hya Matte Lipstick (Workday Rose) | C34: Copy Link | D34: Out of Stock | F34: Beauty & Cosmetics | G34: Lip Cosmetics | H34: https://www.flipkart.com/lakm-9to5-primer-matte-lip-color/p/itmc921adcfbfd56?pid=LSKFX4KERQHZ8KCT&marketplace=HYPERLOCAL | I34: 418 | J34: 650 | K34: 409 | L34: MR5 Berry Base | N34: Lakmé | O34: mum_187_wh_hl_01 | R34: 400051 | T34: 2026-09-11 10:34:28
A35: 400051 | B35: Lakme Nail Paint Remover | C35: Copy Link | D35: In Stock | F35: Beauty & Cosmetics | G35: Nail Cosmetics | H35: https://www.flipkart.com/lakm-liquid-nail-polish-remover-vitamin-e-27ml/p/itm483b1bf92a749?pid=NPRGXQC9B6M7URE2&marketplace=HYPERLOCAL | I35: 96 | J35: 110 | K35: 94 | N35: Lakmé | O35: mum_187_wh_hl_01 | R35: 400051 | T35: 2026-09-11 10:34:29
A36: 400051 | B36: Licious Chicken Curry Cut (Small Pieces) | C36: Copy Link | D36: Out of Stock | F36: Chicken, Meat & Fish | G36: Fresh Meat | H36: https://www.flipkart.com/licious-chicken-curry-cut-large-pcs/p/itm3babb9d82c00e?pid=MEAFSCBFTHQK8S42&marketplace=HYPERLOCAL | I36: 0 | J36: 0 | N36: Licious | R36: 400051 | T36: 2026-09-11 10:34:31
A37: 400051 | B37: Surf Excel Easy Wash Detergent Powder | C37: Easy Wash Detergent Powder | D37: In Stock | F37: Cleaning Essentials | G37: Detergent Powder & Bars | H37: https://www.flipkart.com/surf-excel-easy-wash-detergent-powder/p/itm2ebbcc2dd9963?pid=LDTET5UDBXDFKWAZ&marketplace=HYPERLOCAL | I37: 80 | J37: 85 | L37: 500 g | N37: Surf excel | O37: mum_187_wh_hl_01 | P37: 500 | Q37: g | R37: 400051 | T37: 2026-09-11 10:34:33
A38: 400051 | B38: Scotch Brite Scrub Pad | C38: Copy Link | D38: In Stock | F38: Cleaning Essentials | G38: Dishwashing Accessories | H38: https://www.flipkart.com/scotch-brite-super-strong7x10-cm-scrub-pad/p/itmbf74cb7a4cce7?pid=SRPGREGHT3BHJHFH&marketplace=HYPERLOCAL | I38: 32 | J38: 45 | K38: 30 | L38: Pack of 1 | N38: Scotch-Brite | O38: mum_187_wh_hl_01 | R38: 400051 | T38: 2026-09-11 10:34:34
A39: 400051 | B39: Vim Lemon Dishwash Bar (300 g) | C39: Dishwash Bar | D39: In Stock | F39: Cleaning Essentials | G39: Dishwashing Bars & Tubs | H39: https://www.flipkart.com/vim-dishwash-bar/p/itmew7uegahfruem?pid=DWBEU6M6WTGKAG9Q&marketplace=HYPERLOCAL | I39: 28 | J39: 30 | L39: 275 g | N39: Vim | O39: mum_187_wh_hl_01 | P39: 275 | Q39: g | R39: 400051 | T39: 2026-09-11 10:34:36
A40: 400051 | B40: Vim Lemon Dishwash Gel | C40: Dish Cleaning Gel | D40: In Stock | F40: Cleaning Essentials | G40: Dishwashing Gels & Tablets | H40: https://www.flipkart.com/vim-dish-cleaning-gel/p/itmfd4qydmg59zvy?pid=DCGEUJSDG7NPZKHP&marketplace=HYPERLOCAL | I40: 137 | J40: 140 | L40: 0.5 L | N40: Vim | O40: mum_187_wh_hl_01 | P40: 500 | Q40: ml | R40: 400051 | T40: 2026-09-11 10:34:37
A41: 400051 | B41: Comfort After Wash Fabric Conditioner (Lily Fresh) | C41: After Wash Morning Fresh Fabric Conditioner | D41: In Stock | F41: Cleaning Essentials | G41: Fabric Conditioner & Additives | H41: https://www.flipkart.com/comfort-after-wash-morning-fresh-fabric-conditioner/p/itmf9jz4xzjyyer4?pid=FSNETM7DWRUTJBMG&marketplace=HYPERLOCAL | I41: 110 | J41: 125 | L41: 430 ml | N41: Comfort | O41: mum_187_wh_hl_01 | P41: 430 | Q41: ml | R41: 400051 | T41: 2026-09-11 10:34:39
A42: 400051 | B42: Lizol Disinfectant Surface & Floor Cleaner (Citrus) 2 l | C42: Copy Link | D42: In Stock | F42: Cleaning Essentials | G42: Floor & Surface Cleaners | H42: https://www.flipkart.com/lizol-disinfectant-surface-cleaner-floor-bathroom-kitchen-tile-not-phenyl-liquid-floral/p/itmc7b54d3fb6adf?pid=BCRETEEZZZ5DRZGG&marketplace=HYPERLOCAL | I42: 414 | J42: 492 | K42: 409 | L42: 2 L | N42: Lizol | O42: mum_187_wh_hl_01 | P42: 2000 | Q42: ml | R42: 400051 | T42: 2026-09-11 10:34:41
A43: 400051 | B43: Surf Excel Matic Top Load Liquid Detergent | C43: Matic Top Load Fresh Liquid Detergent | D43: In Stock | F43: Cleaning Essentials | G43: Liquid Detergents | H43: https://www.flipkart.com/surf-excel-matic-liquid-detergent-top-load-pouch-fresh/p/itm2072dc25c24ca?pid=LDTF6Y53EJ4TWGXZ&marketplace=HYPERLOCAL | I43: 314 | J43: 355 | L43: 2 L | N43: Surf excel | O43: mum_187_wh_hl_01 | P43: 2000 | Q43: ml | R43: 400051 | T43: 2026-09-11 10:34:42
A44: 400051 | B44: Harpic Disinfectant Liquid Toilet Cleaner - (Original) | C44: Copy Link | D44: In Stock | F44: Cleaning Essentials | G44: Toilet & Bathroom Cleaners | H44: https://www.flipkart.com/harpic-toilet-cleaner-liquid-basin-commode-tile-bathroom-not-phenyl-blue-original-liquid-cleaner/p/itm9da35484b28f7?pid=TCNFBM86CZESNXDR&marketplace=HYPERLOCAL | I44: 382 | J44: 470 | K44: 378 | L44: 2x1 L | N44: Harpic | O44: mum_187_wh_hl_01 | P44: 2000 | Q44: ml | R44: 400051 | T44: 2026-09-11 10:34:44
A45: 400051 | B45: Storia Tender Concentrate Coconut Water - No Added Sugar | C45: Copy Link | D45: In Stock | F45: Cold Drinks & Juices | G45: Coconut Water | H45: https://www.flipkart.com/storia-tender-coconut-water-no-added-sugar-low-calorie/p/itmb54cf8dea9e89?pid=DAJFQEGPYQP4UKG4&marketplace=HYPERLOCAL | I45: 98 | J45: 178 | K45: 96 | L45: 1 L | N45: Storia | O45: mum_187_wh_hl_01 | P45: 1000 | Q45: ml | R45: 400051 | T45: 2026-09-11 10:34:45
A46: 400051 | B46: Lipton Lemon Iced Tea | C46: Clear & Light Green Tea Bags 50 pcs Green Tea Bags Box | D46: In Stock | F46: Cold Drinks & Juices | G46: Cold Coffee & Ice Tea | H46: https://www.flipkart.com/lipton-clear-light-green-tea-bags-50-pcs-box/p/itm0e69ac7c13d2f?pid=TEAGR9FPKC6WYJHV&marketplace=HYPERLOCAL | I46: 374 | J46: 400 | K46: 370 | L46: 65 g Box | N46: Lipton | O46: mum_187_wh_hl_01 | P46: 65 | Q46: g | R46: 400051 | T46: 2026-09-11 10:34:47
A47: 400051 | B47: Nescafe Ready to Drink Cold Coffee, Iced Latte | C47: Copy Link | D47: In Stock | F47: Cold Drinks & Juices | G47: Cold Coffee & Ice Tea | H47: https://www.flipkart.com/nescafe-ready-drink-coffee-flavoured-milk-iced-latte-cold-brew/p/itm4e882a969a918?pid=CFEHM9JGDVRFBRNG&marketplace=HYPERLOCAL | I47: 40 | J47: 45 | K47: 38 | L47: 180 ml | N47: Nescafe | O47: mum_187_wh_hl_01 | P47: 180 | Q47: ml | R47: 400051 | T47: 2026-09-11 10:34:49
A48: 400051 | B48: Hamdard Rooh Afza Rose Sharbat | C48: Copy Link | D48: In Stock | F48: Cold Drinks & Juices | G48: Concentrates & Syrups | H48: https://www.flipkart.com/rooh-afza-sharbat-rose/p/itmbd0091b881d7f?pid=CNCFFDJ7GGVGZEPJ&marketplace=HYPERLOCAL | I48: 170 | J48: 170 | N48: Rooh Afza | O48: mum_187_wh_hl_01 | R48: 400051 | T48: 2026-09-11 10:34:50
A49: 400051 | B49: Red Bull Energy Drink | C49: Copy Link | D49: Out of Stock | F49: Cold Drinks & Juices | G49: Energy Drinks | H49: https://www.flipkart.com/red-bull-energy-drink/p/itmcf6e3657eb35f?pid=ESRH2X43RXX5SZF9&marketplace=HYPERLOCAL | I49: 0 | J49: 0 | N49: Red Bull | R49: 400051 | T49: 2026-09-11 10:34:52
A50: 400051 | B50: Real Activ Fibre+ Multi Fruit Juice | C50: Copy Link | D50: In Stock | F50: Cold Drinks & Juices | G50: Fruit Juice | H50: https://www.flipkart.com/real-activ-fiber-multi-fruit-juice/p/itmewnfrgvfzfxx3?pid=DAJEUARY2AKYHEZC&marketplace=HYPERLOCAL | I50: 132 | J50: 160 | K50: 129 | L50: 1 L | N50: Real | O50: mum_187_wh_hl_01 | P50: 1000 | Q50: ml | R50: 400051 | T50: 2026-09-11 10:34:54
A51: 400051 | B51: Frooti Mango Drink | C51: Copy Link | D51: Out of Stock | F51: Cold Drinks & Juices | G51: Mango Drinks | H51: https://www.flipkart.com/frooti-mango-drink/p/itmexfz3zgpkndqr?pid=DAJHJRZR8GYQJVT9&marketplace=HYPERLOCAL | I51: 69 | J51: 85 | L51: 1.5 L | N51: FROOTI | O51: mum_187_wh_hl_01 | P51: 1500 | Q51: ml | R51: 400051 | T51: 2026-09-11 10:34:55
A52: 400051 | B52: Real Activ Apple Juice | C52: Copy Link | D52: In Stock | F52: Cold Drinks & Juices | G52: Pure Juices | H52: https://www.flipkart.com/real-activ-100-apple-juice/p/itmf4z9pmzdj2zzg?pid=DAJEUARYXF2VRAKE&marketplace=HYPERLOCAL | I52: 128 | J52: 160 | K52: 125 | L52: 1 L | N52: Real | O52: mum_187_wh_hl_01 | P52: 1000 | Q52: ml | R52: 400051 | T52: 2026-09-11 10:34:57
A53: 400051 | B53: Kinley Strong Soda Water | C53: Copy Link | D53: In Stock | F53: Cold Drinks & Juices | G53: Soda & Mixers | H53: https://www.flipkart.com/bisleri-extra-strong-zero-sugar-soda/p/itmc4e825b170e16?pid=ARDGN58N2VGRXHFM&marketplace=HYPERLOCAL | I53: 20 | J53: 20 | L53: 750 ml | N53: Bisleri | O53: mum_187_wh_hl_01 | P53: 750 | Q53: ml | R53: 400051 | T53: 2026-09-11 10:34:59
A54: 400051 | B54: Schweppes Indian Tonic Water | C54: Copy Link | D54: In Stock | F54: Cold Drinks & Juices | G54: Soda & Mixers | H54: https://www.flipkart.com/schweppes-contains-quinine-tonic-water/p/itmb597fd1d87dc6?pid=ARDETM7VF9QDFEM8&marketplace=HYPERLOCAL | I54: 57 | J54: 60 | K54: 55 | L54: 300 ml | N54: Schweppes | O54: mum_187_wh_hl_01 | P54: 300 | Q54: ml | R54: 400051 | T54: 2026-09-11 10:35:00
A55: 400051 | B55: Coca-Cola Cola Soft Drink | C55: Copy Link | D55: In Stock | F55: Cold Drinks & Juices | G55: Soft Drinks | H55: https://www.flipkart.com/coca-cola-original-taste-soft-drink/p/itm0c67cee021b1b?pid=ARDET6ZNEMZRRTFK&marketplace=HYPERLOCAL | I55: 39 | J55: 40 | L55: 300 ml | N55: Coca-Cola | O55: mum_187_wh_hl_01 | P55: 300 | Q55: ml | R55: 400051 | T55: 2026-09-11 10:35:02
A56: 400051 | B56: Pepsi Cola Soft Drink (2.25 l) | C56: Copy Link | D56: Out of Stock | F56: Cold Drinks & Juices | G56: Soft Drinks | H56: https://www.flipkart.com/pepsi-soft-drink/p/itm227f83292d4d5?pid=ARDEUATWPVVGZR6J&marketplace=HYPERLOCAL | I56: 95 | J56: 100 | K56: 93 | L56: 2250 ml | N56: Pepsi | O56: mum_187_wh_hl_01 | P56: 2250 | Q56: ml | R56: 400051 | T56: 2026-09-11 10:35:03
A57: 400051 | B57: Bisleri Packaged Water (1 l) | C57: Copy Link | D57: In Stock | F57: Cold Drinks & Juices | G57: Water & Ice Cubes | H57: https://www.flipkart.com/bisleri-mineral-water/p/itm06149fe699cad?pid=WERGN58KURUQAGVJ&marketplace=HYPERLOCAL | I57: 20 | J57: 20 | L57: 1 L | N57: Bisleri | O57: mum_187_wh_hl_01 | P57: 1000 | Q57: ml | R57: 400051 | T57: 2026-09-11 10:35:05
A58: 400051 | B58: iD Idli & Dosa Batter - 1 kg | C58: Copy Link | D58: In Stock | F58: Dairy & Breakfast | G58: Batter | H58: https://www.flipkart.com/id-idli-dosa-batter-1-kg/p/itm910b56ed9104c?pid=RYMFJHGTKQMZXHCW&marketplace=HYPERLOCAL | I58: 98 | J58: 105 | L58: 1 kg | N58: iD | O58: mum_187_wh_hl_01 | P58: 1000 | Q58: g | R58: 400051 | T58: 2026-09-11 10:35:07
A59: 400051 | B59: Britannia 100% Whole Wheat Bread (No Maida) | C59: Copy Link | D59: Out of Stock | F59: Dairy & Breakfast | G59: Bread & Pav | H59: https://www.flipkart.com/britannia-100-whole-wheat-bread/p/itmb520d96adec79?pid=BABH9HZY4S97BGFY&marketplace=HYPERLOCAL | I59: 0 | J59: 0 | N59: BRITANNIA | R59: 400051 | T59: 2026-09-11 10:35:08
A60: 400051 | B60: Britannia Pav | C60: Copy Link | D60: In Stock | F60: Dairy & Breakfast | G60: Bread & Pav | H60: https://www.flipkart.com/britannia-mumbai-pav-bread/p/itm4ae5f4603443a?pid=BABHMCY6GJYZ9CZQ&marketplace=HYPERLOCAL | I60: 29 | J60: 30 | L60: 250 g | N60: BRITANNIA | O60: mum_187_wh_hl_01 | P60: 250 | Q60: g | R60: 400051 | T60: 2026-09-11 10:35:09
A61: 400051 | B61: The Health Factory Zero Maida Atta Bread (Wheat Bread) | C61: Copy Link | D61: In Stock | F61: Dairy & Breakfast | G61: Bread & Pav | H61: https://www.flipkart.com/health-factory-zero-maida-bread-simply-whole-wheat/p/itm1290b421d655e?pid=BABHYPYK7TGYXEFB&marketplace=HYPERLOCAL | I61: 58 | J61: 65 | K61: 55 | L61: 350 g | N61: The Health Factory | O61: mum_187_wh_hl_01 | P61: 350 | Q61: g | R61: 400051 | T61: 2026-09-11 10:35:11
A62: 400051 | B62: Amul Salted Butter | C62: Copy Link | D62: Out of Stock | F62: Dairy & Breakfast | G62: Butter & More | H62: https://www.flipkart.com/amul-pasteurised-salted-butter/p/itmd8456fd5e5276?pid=BUTEZ3B9ZGVHWUVG&marketplace=HYPERLOCAL | I62: 310 | J62: 310 | L62: 500 g | N62: Amul | O62: mum_187_wh_hl_01 | P62: 500 | Q62: g | R62: 400051 | T62: 2026-09-11 10:35:13
A63: 400051 | B63: Amul Cheese Cubes | C63: Copy Link | D63: In Stock | F63: Dairy & Breakfast | G63: Cheese | H63: https://www.flipkart.com/amul-easy-open-chiplet-8-cubes-processed-cheese/p/itmez6a8zch8hrbk?pid=CHEEZ6A8KJRBNKED&marketplace=HYPERLOCAL | I63: 135 | J63: 135 | L63: 200 g, 8 Units | N63: Amul | O63: mum_187_wh_hl_01 | R63: 400051 | T63: 2026-09-11 10:35:15
A64: 400051 | B64: Amul Cheese Slices | C64: Copy Link | D64: In Stock | F64: Dairy & Breakfast | G64: Cheese | H64: https://www.flipkart.com/amul-plain-processed-cheese-slices/p/itmcd6388db1cea0?pid=CHEHBF8AFRQHFHG5&marketplace=HYPERLOCAL | I64: 117 | J64: 170 | K64: 112 | L64: 200 g | N64: Amul | O64: mum_187_wh_hl_01 | P64: 200 | Q64: g | R64: 400051 | T64: 2026-09-11 10:35:16
A65: 400051 | B65: Amul Fresh Cream | C65: Copy Link | D65: In Stock | F65: Dairy & Breakfast | G65: Cream & Whitener | H65: https://www.flipkart.com/mother-dairy-pure-cream/p/itmex437hgryerzr?pid=MLKEX437K482JBRN&marketplace=HYPERLOCAL | I65: 62 | J65: 65 | L65: 200 ml | N65: MOTHER DAIRY | O65: mum_187_wh_hl_01 | P65: 200 | Q65: ml | R65: 400051 | T65: 2026-09-11 10:35:18
A66: 400051 | B66: Amul Masti Set Cup Curd Tub | C66: Copy Link | D66: In Stock | F66: Dairy & Breakfast | G66: Curd & Yogurt | H66: https://www.flipkart.com/amul-masti-dahi-plain-curd/p/itmcdb6b5d72c2ae?pid=CUYG2PU8DJWTVW6A&marketplace=HYPERLOCAL | I66: 20 | J66: 20 | L66: 200 ml | N66: Amul | O66: mum_187_wh_hl_01 | P66: 200 | Q66: ml | R66: 400051 | T66: 2026-09-11 10:35:19
A67: 400051 | B67: Epigamia Alphonso Mango Flavoured Yogurt | C67: Copy Link | D67: In Stock | F67: Dairy & Breakfast | G67: Curd & Yogurt | H67: https://www.flipkart.com/epigamia-mango-flavoured-yogurt-flavored/p/itmb5d0700bac805?pid=CUYH45ZFGZHWKGRZ&marketplace=HYPERLOCAL | I67: 21 | J67: 25 | L67: 75 g | N67: EPIGAMIA | O67: mum_187_wh_hl_01 | P67: 75 | Q67: g | R67: 400051 | T67: 2026-09-11 10:35:21
A68: 400051 | B68: Licious Farm Fresh Classic White Protein Rich Eggs | C68: Copy Link | D68: Out of Stock | F68: Dairy & Breakfast | G68: Eggs | H68: https://www.flipkart.com/farm-made-free-range-hen-brown-eggs/p/itmfbyftzpzjmwtk?pid=EEGFBYFTRVJMZCKM&marketplace=HYPERLOCAL | I68: 146 | J68: 159 | L68: 6 Units | N68: Farm Made | O68: mum_187_wh_hl_01 | R68: 400051 | T68: 2026-09-11 10:35:22
A69: 400051 | B69: Kellogg's Corn Flakes Original | C69: Copy Link | D69: Out of Stock | F69: Dairy & Breakfast | G69: Flakes & Kids Cereals | H69: https://www.flipkart.com/kellogg-s-corn-flakes-real-almonds-honey-650g-power-breakfast-7-vitamins-box/p/itm9ed5469ebc682?pid=CAFETEGHGUZHNNPN&marketplace=HYPERLOCAL | I69: 0 | J69: 0 | N69: Kellogg's | R69: 400051 | T69: 2026-09-11 10:35:24
A70: 400051 | B70: Dabur Honey Squeezy | C70: Honey Squeezy 225g (Buy 1 Get 1) | Easy Squeeze Pack | Everyday Use | D70: In Stock | F70: Dairy & Breakfast | G70: Honey & Chyawanprash | H70: https://www.flipkart.com/dabur-honey-squeezy/p/itmeu6mgvfaedn4q?pid=HNYFCFJZGVSG3KHK&marketplace=HYPERLOCAL | I70: 167 | J70: 249 | K70: 163 | L70: 2x225 g | N70: Dabur | O70: mum_187_wh_hl_01 | P70: 450 | Q70: g | R70: 400051 | T70: 2026-09-11 10:35:26
A71: 400051 | B71: Amul Sweet Lassi | C71: Copy Link | D71: In Stock | F71: Dairy & Breakfast | G71: Lassi, Shakes & More | H71: https://www.flipkart.com/amul-na-sweet-lassi/p/itmewfrbds9tjxua?pid=LSIEUHZAMXZHJMHZ&marketplace=HYPERLOCAL | I71: 25 | J71: 25 | L71: 250 ml | N71: Amul | O71: mum_187_wh_hl_01 | P71: 250 | Q71: ml | R71: 400051 | T71: 2026-09-11 10:35:28
A72: 400051 | B72: Amul Cow Milk | C72: Copy Link | D72: In Stock | F72: Dairy & Breakfast | G72: Milk | H72: https://www.flipkart.com/amul-cow-milk/p/itm06ed6c697c4fb?pid=MLKHFR86CFESKGP7&marketplace=HYPERLOCAL | I72: 30 | J72: 30 | L72: 500 ml | N72: Amul | O72: mum_187_wh_hl_01 | P72: 500 | Q72: ml | R72: 400051 | T72: 2026-09-11 10:35:30
A73: 400051 | B73: Amul Taaza Toned Milk | C73: Copy Link | D73: In Stock | F73: Dairy & Breakfast | G73: Milk | H73: https://www.flipkart.com/amul-taaza-toned-milk/p/itm8a494bf913753?pid=MLKHFR86BF77KGXZ&marketplace=HYPERLOCAL | I73: 30 | J73: 30 | L73: 500 ml | N73: Amul | O73: mum_187_wh_hl_01 | P73: 500 | Q73: ml | R73: 400051 | T73: 2026-09-11 10:35:31
A74: 400051 | B74: Kellogg's Fruit, Nut & Seeds Muesli | C74: Muesli Fruit Nut & Seeds | 12-In-1 Power Breakfast |No Maida Pouch | D74: Out of Stock | F74: Dairy & Breakfast | G74: Muesli & Granola | H74: https://www.flipkart.com/kellogg-s-muesli-fruit-nut-seeds-12-1-power-breakfast-no-maida-palm-oil-pouch/p/itmbc5fd5a6a084c?pid=CAFFZ4485M5QZPVF&marketplace=HYPERLOCAL | I74: 347 | J74: 489 | K74: 343 | L74: 750 g Pouch | N74: Kellogg's | O74: mum_187_wh_hl_01 | P74: 750 | Q74: g | R74: 400051 | T74: 2026-09-11 10:35:33
A75: 400051 | B75: Quaker Rolled Instant Oats | C75: Oats Pouch | D75: In Stock | F75: Dairy & Breakfast | G75: Oats | H75: https://www.flipkart.com/quaker-oats-pouch/p/itmf3qzpykhzhyr2?pid=CAFEUD56GKJXXSNC&marketplace=HYPERLOCAL | I75: 85 | J75: 86 | L75: 400 g Pouch | N75: Quaker | O75: mum_187_wh_hl_01 | P75: 400 | Q75: g | R75: 400051 | T75: 2026-09-11 10:35:35
A76: 400051 | B76: Amul Fresh Malai Paneer | C76: Copy Link | D76: In Stock | F76: Dairy & Breakfast | G76: Paneer & Tofu | H76: https://www.flipkart.com/amul-malai-paneer/p/itmd2dac5a7f0d05?pid=PTFFSFHZPJ9AHZGT&marketplace=HYPERLOCAL | I76: 94 | J76: 95 | K76: 91 | L76: 200 g | N76: Amul | O76: mum_187_wh_hl_01 | P76: 200 | Q76: g | R76: 400051 | T76: 2026-09-11 10:35:36
A77: 400051 | B77: Tata Sampann Thin Poha | C77: Copy Link | D77: In Stock | F77: Dairy & Breakfast | G77: Poha, Daliya & Other Grains | H77: https://www.flipkart.com/tata-sampann-high-fibre-thick-poha/p/itmac7f42993b418?pid=RICG35FPMB9WRJES&marketplace=HYPERLOCAL | I77: 90 | J77: 113 | L77: 1 kg | N77: Tata Sampann | O77: mum_187_wh_hl_01 | P77: 1000 | Q77: g | R77: 400051 | T77: 2026-09-11 10:35:38
A78: 400051 | B78: MTR Roasted Vermicelli | C78: Copy Link | D78: In Stock | F78: Dairy & Breakfast | G78: Vermicelli | H78: https://www.flipkart.com/mtr-vermicelli-400-g/p/itm3b3845998adee?pid=VMCEU373HTPFPHN6&marketplace=HYPERLOCAL | I78: 61 | J78: 67 | K78: 59 | L78: 400 g | N78: MTR | O78: mum_187_wh_hl_01 | P78: 400 | Q78: g | R78: 400051 | T78: 2026-09-11 10:35:40
A79: 400051 | B79: Happilo Premium Natural Californian Almonds | C79: Premium Naturals Californian Almonds Almonds | D79: In Stock | F79: Dry Fruits, Masala & Oil | G79: Dry Fruits | H79: https://www.flipkart.com/happilo-premium-naturals-californian-almonds/p/itm91dc68d0b1a8f?pid=NDFFGHMX4PYUEZBJ&marketplace=HYPERLOCAL | I79: 603 | J79: 750 | K79: 590 | L79: 450 g | N79: Happilo | O79: mum_187_wh_hl_01 | P79: 450 | Q79: g | R79: 400051 | T79: 2026-09-11 10:35:42
A80: 400051 | B80: Amul Pure Ghee | C80: Copy Link | D80: Out of Stock | F80: Dry Fruits, Masala & Oil | G80: Ghee & Vanaspati | H80: https://www.flipkart.com/amul-pure-ghee-plastic-bottle/p/itmfghgzwqgbnzjj?pid=GHEFYYSKCCA3TSMF&marketplace=HYPERLOCAL | I80: 663 | J80: 670 | K80: 596 | L80: 1 L | N80: Amul | O80: mum_187_wh_hl_01 | P80: 1000 | Q80: ml | R80: 400051 | T80: 2026-09-11 10:35:44
A81: 400051 | B81: Sundrop Refined Sunflower Oil | C81: Copy Link | D81: Out of Stock | F81: Dry Fruits, Masala & Oil | G81: Oil | H81: https://www.flipkart.com/sundrop-lite-refined-blended-oil/p/itm4a02cd54ee933?pid=EDOF6H79SUBPEYJK&marketplace=HYPERLOCAL | I81: 212 | J81: 225 | L81: 850 g | N81: Sundrop | O81: mum_187_wh_hl_01 | P81: 850 | Q81: g | R81: 400051 | T81: 2026-09-11 10:35:46
A82: 400051 | B82: Everest Kashmiri Red Chilli Powder | C82: Copy Link | D82: In Stock | F82: Dry Fruits, Masala & Oil | G82: Powdered Spice | H82: https://www.flipkart.com/everest-kashmirilal-red-chilli-powder/p/itm4a69884ccab3e?pid=SCMGYF9XCMZQQQZB&marketplace=HYPERLOCAL | I82: 216 | J82: 262 | K82: 213 | L82: 200 g | N82: EVEREST | O82: mum_187_wh_hl_01 | P82: 200 | Q82: g | R82: 400051 | T82: 2026-09-11 10:35:47
A83: 400051 | B83: Everest Turmeric Powder/Haldi | C83: Copy Link | D83: In Stock | F83: Dry Fruits, Masala & Oil | G83: Powdered Spice | H83: https://www.flipkart.com/everest-turmeric-powder/p/itmeuhfxf63zgbnk?pid=SCMEUHFX9K7TYZQP&marketplace=HYPERLOCAL | I83: 96 | J83: 96 | K83: 94 | L83: 200 g | N83: EVEREST | O83: mum_187_wh_hl_01 | P83: 200 | Q83: g | R83: 400051 | T83: 2026-09-11 10:35:49
A84: 400051 | B84: Madhur Pure & Hygienic Sulphurless Sugar | C84: Copy Link | D84: Out of Stock | F84: Dry Fruits, Masala & Oil | G84: Salt, Sugar & Jaggery | H84: https://www.flipkart.com/madhur-pure-hygienic-refined-sugar/p/itme3f4d18778842?pid=SUGFTZ3QJAGGDYGC&marketplace=HYPERLOCAL | I84: 65 | J84: 65 | L84: 1 kg Pouch | N84: MADHUR | O84: mum_187_wh_hl_01 | P84: 1000 | Q84: g | R84: 400051 | T84: 2026-09-11 10:35:50
A85: 400051 | B85: Tata Salt (Vacuum Evaporated Iodised) | C85: Copy Link | D85: Out of Stock | F85: Dry Fruits, Masala & Oil | G85: Salt, Sugar & Jaggery | H85: https://www.flipkart.com/tata-salt-vacuum-evaporated-iodized/p/itmd266ce5ced18b?pid=SATET96PTFPYSQWM&marketplace=HYPERLOCAL | I85: 28 | J85: 32 | L85: 1 kg | N85: Tata Salt | O85: mum_187_wh_hl_01 | P85: 1000 | Q85: g | R85: 400051 | T85: 2026-09-11 10:35:52
A86: 400051 | B86: Catch Cumin Seeds / Jeera Seeds | C86: Copy Link | D86: In Stock | F86: Dry Fruits, Masala & Oil | G86: Whole Spices | H86: https://www.flipkart.com/catch-cumin-whole/p/itmfahf2pckskdar?pid=SCMEUE5Z3SGUDD8G&marketplace=HYPERLOCAL | I86: 97 | J86: 145 | K86: 95 | L86: 200 g | N86: Catch | O86: mum_187_wh_hl_01 | P86: 200 | Q86: g | R86: 400051 | T86: 2026-09-11 10:35:54
A87: 400051 | B87: McCain French Fries | C87: Copy Link | D87: In Stock | F87: Instant & Frozen Food | G87: Frozen Veg Snacks | H87: https://www.flipkart.com/mccain-smiles/p/itmb9a5e428162cb?pid=RMDFSM96QAVJ2W7U&marketplace=HYPERLOCAL | I87: 281 | J87: 281 | K87: 272 | L87: 750 g | N87: McCain | O87: mum_187_wh_hl_01 | P87: 750 | Q87: g | R87: 400051 | T87: 2026-09-11 10:35:55
A88: 400051 | B88: Maggi 2 Minutes Instant Noodles Made With Quality Spices | C88: 2-Minute Masala Instant Noodles | D88: In Stock | F88: Instant & Frozen Food | G88: Noodles | H88: https://www.flipkart.com/maggi-2-minute-masala-instant-noodles/p/itmdcb593c60e6ab?pid=NDLEUB3GZPKYVQGZ&marketplace=HYPERLOCAL | I88: 59 | J88: 60 | L88: 280 g | N88: Maggi | O88: mum_187_wh_hl_01 | P88: 280 | Q88: g | R88: 400051 | T88: 2026-09-11 10:35:57
A89: 400051 | B89: Haldiram's Bhujia | C89: Copy Link | D89: Out of Stock | F89: Munchies | G89: Bhujia & Mixtures | H89: https://www.flipkart.com/haldiram-s-bhujia-sev/p/itmcf7427b395677?pid=SNSETFPYNEYXCJKH&marketplace=HYPERLOCAL | I89: 175 | J89: 175 | K89: 173 | L89: 600 g | N89: Haldiram's | O89: mum_187_wh_hl_01 | P89: 600 | Q89: g | R89: 400051 | T89: 2026-09-11 10:35:58
A90: 400051 | B90: Lay's India's Magic Masala Potato Chips | C90: Copy Link | D90: In Stock | F90: Munchies | G90: Chips & Crisps | H90: https://www.flipkart.com/lay-s-india-s-magic-masala-chips/p/itmex3fhk6htahad?pid=CHPFVTF7KNJTR2UB&marketplace=HYPERLOCAL | I90: 35 | J90: 35 | L90: 75 g | N90: Lay's | O90: mum_187_wh_hl_01 | P90: 75 | Q90: g | R90: 400051 | T90: 2026-09-11 10:36:00
A91: 400051 | B91: Mr. Makhana Black Salt Flavoured Makhana | C91: Copy Link | D91: In Stock | F91: Munchies | G91: Makhana & More | H91: https://www.flipkart.com/mr-makhana-black-salt/p/itm46d5e13486c46?pid=SNSHYGAGSSNFTSGR&marketplace=HYPERLOCAL | I91: 132 | J91: 150 | K91: 129 | L91: 55 g | N91: Mr Makhana | O91: mum_187_wh_hl_01 | P91: 55 | Q91: g | R91: 400051 | T91: 2026-09-11 10:36:02
A92: 400051 | B92: Doritos Cheese Nachos | C92: Copy Link | D92: In Stock | F92: Munchies | G92: Nachos | H92: https://www.flipkart.com/doritos-cheese-flavoured-nachos/p/itmf5qdbqyrauasy?pid=CHPFFUK973BGAWSV&marketplace=HYPERLOCAL | I92: 20 | J92: 20 | L92: 45 g | N92: DORITOS | O92: mum_187_wh_hl_01 | P92: 45 | Q92: g | R92: 400051 | T92: 2026-09-11 10:36:04
A93: 400051 | B93: Haldiram's Boondi | C93: Copy Link | D93: Out of Stock | F93: Munchies | G93: Namkeen Snacks | H93: https://www.flipkart.com/haldiram-s-boondi/p/itm3c20fb4eb8e2c?pid=SNSF6KYDCVCXJNWZ&marketplace=HYPERLOCAL | I93: 52 | J93: 52 | K93: 50 | L93: 200 g | N93: Haldiram's | O93: mum_187_wh_hl_01 | P93: 200 | Q93: g | R93: 400051 | T93: 2026-09-11 10:36:06
A94: 400051 | B94: Act II Natural Microwave Popcorn | C94: Copy Link | D94: In Stock | F94: Munchies | G94: Popcorn | H94: https://www.flipkart.com/act-ii-microwave-natural-popcorn/p/itmfc6f53ce021c8?pid=PCPETZTZENF9MJCJ&marketplace=HYPERLOCAL | I94: 62 | J94: 75 | L94: 92 g | N94: ACT II | O94: mum_187_wh_hl_01 | P94: 92 | Q94: g | R94: 400051 | T94: 2026-09-11 10:36:07
A95: 400051 | B95: Britannia Toastea Cake Rusk | C95: Copy Link | D95: In Stock | F95: Munchies | G95: Rusks & Wafers | H95: https://www.flipkart.com/britannia-toastea-premium-elaichi-rusk/p/itm2b9ef11fcb129?pid=RUKFSFAGBSCZ9GBW&marketplace=HYPERLOCAL | I95: 135 | J95: 150 | K95: 133 | N95: BRITANNIA | O95: mum_187_wh_hl_01 | R95: 400051 | T95: 2026-09-11 10:36:09
A96: 400051 | B96: Kettle Studio Rock Sea Salt & English Vinegar Potato Chips | C96: Copy Link | D96: Out of Stock | F96: Organic & Premium | G96: Snacks & Munchies | H96: https://www.flipkart.com/kettle-studio-rock-sea-salt-english-vinegar-chips/p/itmffz7zh7h4e4hr?pid=CHPHHYBWRJGZ5FAY&marketplace=HYPERLOCAL | I96: 94 | J96: 99 | K96: 92 | L96: 120 g | N96: Kettle Studio | O96: mum_187_wh_hl_01 | P96: 120 | Q96: g | R96: 400051 | T96: 2026-09-11 10:36:11
A97: 400051 | B97: Marlboro Advance Compact | C97: Copy Link | D97: In Stock | F97: Paan Corner | G97: Cigarettes | H97: https://www.flipkart.com/marlboro-advance-10s-regular-cigarettes/p/itm979e223d32820?pid=ZETH7YZHUXPYXH8Y&marketplace=HYPERLOCAL | I97: 240 | J97: 240 | L97: 10 | N97: Marlboro | O97: mum_187_wh_hl_01 | R97: 400051 | T97: 2026-09-11 10:36:12
A98: 400051 | B98: Nicotex Mint Plus Nicotine Gum | C98: Copy Link | D98: In Stock | F98: Paan Corner | G98: Smoking Cessation | H98: https://www.flipkart.com/cipla-nicotex-nicotine-mintplus-gums-2mg-30-each-pack-helps-quit-smoking-cessations/p/itm5eb0e7818dbe9?pid=SMAH8JCH4QHY7ACE&marketplace=HYPERLOCAL | I98: 255 | J98: 298 | K98: 249 | N98: Cipla | O98: mum_187_wh_hl_01 | R98: 400051 | T98: 2026-09-11 10:36:14
A99: 400051 | B99: Dettol Original Bathing Bar | C99: Copy Link | D99: In Stock | F99: Personal Care | G99: Bathing Soaps | H99: https://www.flipkart.com/dettol-original-bathing-soap-men-women-face-body-hands-12h-protection/p/itmb00a2453faf71?pid=SOPHYKV2PJNZZZJF&marketplace=HYPERLOCAL | I99: 38 | J99: 40 | K99: 36 | L99: 100 g | N99: Dettol | O99: mum_187_wh_hl_01 | P99: 100 | Q99: g | R99: 400051 | T99: 2026-09-11 10:36:16
A100: 400051 | B100: Nivea Men Fresh Active Men's Roll On | C100: Fresh Power, Antibacterial 72h Protection, 0% Alcohol, Fresh Musk Scent Deodorant Roll-on - For Men | D100: In Stock | F100: Personal Care | G100: Deodorant & Talc | H100: https://www.flipkart.com/nivea-men-fresh-power-antibacterial-72h-protection-0-alcohol-musk-scent-deodorant-roll-on/p/itme0a95a228f53b?pid=DEOESRG8HTBJRCSC&marketplace=HYPERLOCAL | I100: 154 | J100: 249 | K100: 150 | L100: 50 ml | N100: Nivea Men | O100: mum_187_wh_hl_01 | P100: 50 | Q100: ml | R100: 400051 | T100: 2026-09-11 10:36:17
...

Sheet 2026-09-11 1201
A1: Pincode | B1: Item | C1: ProductName | D1: is_out_of_stock | E1: Serviceable | F1: Segment | G1: Grocery | H1: Product_Link | I1: Price | J1: MRP | K1: XtraSaverPrice | L1: Weight | M1: Volume | N1: Seller | O1: StoreId | P1: Final_Qty | Q1: Final_unit | R1: Pincode_Used | S1: Used_Link | T1: Captured_At
A2: 400051 | B2: Aashirvaad Select | Pure MP Sharbati Wheat Atta for Soft Makhmali Rotis | C2: Superior MP Atta | D2: In Stock | F2: Atta, Rice & Dal | G2: Atta | H2: https://www.flipkart.com/aashirvaad-superior-mp-atta/p/itmevbgvupx4gqxb?pid=FLREUC5PSFQUBHTC&marketplace=HYPERLOCAL | I2: 256 | J2: 314 | L2: 5 kg | N2: AASHIRVAAD | O2: mum_187_wh_hl_01 | P2: 5000 | Q2: g | R2: 400051 | T2: 2026-09-11 12:01:55
A3: 400051 | B3: Fortune Chakki Fresh Atta | C3: Chakki Fresh Atta | D3: In Stock | F3: Atta, Rice & Dal | G3: Atta | H3: https://www.flipkart.com/fortune-chakki-fresh-atta/p/itmf8zjux3v4utqz?pid=FLRF8ZJU5KHYVCDC&marketplace=HYPERLOCAL | I3: 220 | J3: 277 | L3: 5 kg | N3: FORTUNE | O3: mum_187_wh_hl_01 | P3: 5000 | Q3: g | R3: 400051 | T3: 2026-09-11 12:01:57
A4: 400051 | B4: Fortune 100% Chana Dal Besan | C4: Copy Link | D4: In Stock | F4: Atta, Rice & Dal | G4: Besan, Sooji & Maida | H4: https://www.flipkart.com/fortune-besan/p/itmetefhhdrhpfge?pid=FLRETEFHZHCFSEDD&marketplace=HYPERLOCAL | I4: 118 | J4: 169 | K4: 116 | L4: 1 kg | N4: FORTUNE | O4: mum_187_wh_hl_01 | P4: 1000 | Q4: g | R4: 400051 | T4: 2026-09-11 12:01:59
A5: 400051 | B5: Rajdhani Sooji/Rava | C5: Copy Link | D5: In Stock | F5: Atta, Rice & Dal | G5: Besan, Sooji & Maida | H5: https://www.flipkart.com/rajdhani-sooji/p/itmf6yfkzqrf9twn?pid=FLRF6YFKKQ39F9MZ&marketplace=HYPERLOCAL | I5: 74 | J5: 98 | L5: 1 kg | N5: Rajdhani | O5: mum_187_wh_hl_01 | P5: 1000 | Q5: g | R5: 400051 | T5: 2026-09-11 12:02:00
A6: 400051 | B6: Tata Sampann Unpolished Masoor Dal | C6: Copy Link | D6: In Stock | F6: Atta, Rice & Dal | G6: Moong & Masoor | H6: https://www.flipkart.com/tata-sampann-unpolished-red-masoor-dal-whole/p/itmb8901742a9e80?pid=PLSEUHQJGDGFGFQC&marketplace=HYPERLOCAL | I6: 68 | J6: 79 | K6: 66 | L6: 500 g | N6: Tata Sampann | O6: mum_187_wh_hl_01 | P6: 500 | Q6: g | R6: 400051 | T6: 2026-09-11 12:02:02
A7: 400051 | B7: Tata Sampann Unpolished Organic Moong Sabut | C7: Unpolished Yellow Moong Dal (Split) | D7: In Stock | F7: Atta, Rice & Dal | G7: Moong & Masoor | H7: https://www.flipkart.com/tata-sampann-organic-unpolished-yellow-moong-dal-split/p/itmc58d782587d5f?pid=PLSF8GXG5GGPFCZH&marketplace=HYPERLOCAL | I7: 121 | J7: 140 | K7: 118 | L7: 500 g | N7: Tata Sampann Organic | O7: mum_187_wh_hl_01 | P7: 500 | Q7: g | R7: 400051 | T7: 2026-09-11 12:02:03
A8: 400051 | B8: Nutrela Soya Mini Chunks | C8: Soya Chunks | D8: In Stock | F8: Atta, Rice & Dal | G8: Rajma, Chhole & Others | H8: https://www.flipkart.com/nutrela-soya-chunks/p/itm4e39c268eb367?pid=SYCG9G85AEWQJBKP&marketplace=HYPERLOCAL | I8: 137 | J8: 190 | L8: 1 kg | N8: NUTRELA | O8: mum_187_wh_hl_01 | P8: 1000 | Q8: g | R8: 400051 | T8: 2026-09-11 12:02:05
A9: 400051 | B9: Tata Sampann Unpolished Kabuli Chana (Big Size) | C9: Unpolished Kabuli Chana | D9: In Stock | F9: Atta, Rice & Dal | G9: Rajma, Chhole & Others | H9: https://www.flipkart.com/tata-sampann-unpolished-kabuli-chana/p/itm210199349460e?pid=PLSGHKPK5EWUDFNS&marketplace=HYPERLOCAL | I9: 145 | J9: 168 | L9: 1 kg | N9: Tata Sampann | O9: mum_187_wh_hl_01 | P9: 1000 | Q9: g | R9: 400051 | T9: 2026-09-11 12:02:07
A10: 400051 | B10: Tata Sampann Unpolished Rajma | C10: Copy Link | D10: In Stock | F10: Atta, Rice & Dal | G10: Rajma, Chhole & Others | H10: https://www.flipkart.com/rajdhani-unpolished-kashmiri-rajma/p/itme0c53828d1ebf?pid=PLSF6Y2DWKB5NAMU&marketplace=HYPERLOCAL | I10: 76 | J10: 112 | K10: 74 | L10: 500 g | N10: Rajdhani | O10: mum_187_wh_hl_01 | P10: 500 | Q10: g | R10: 400051 | T10: 2026-09-11 12:02:08
A11: 400051 | B11: Daawat Super Basmati Rice (Long Grain) | C11: Copy Link | D11: In Stock | F11: Atta, Rice & Dal | G11: Rice | H11: https://www.flipkart.com/daawat-super-basmati-rice-long-grain/p/itm5e7f4d650da77?pid=RICEUC2YGH9ZBNEH&marketplace=HYPERLOCAL | I11: 832 | J11: 995 | K11: 748 | L11: 5 kg | N11: Daawat | O11: mum_187_wh_hl_01 | P11: 5000 | Q11: g | R11: 400051 | T11: 2026-09-11 12:02:10
A12: 400051 | B12: India Gate Daily Premium Basmati Rice (Long Grain) | C12: Copy Link | D12: In Stock | F12: Atta, Rice & Dal | G12: Rice | H12: https://www.flipkart.com/india-gate-flavourful-fine-daily-premium-long-slender-grains-naturally-aged-basmati-rice-long-grain-polished/p/itm4e4c0ed865572?pid=RICGGJZYTF4DW3VB&marketplace=HYPERLOCAL | I12: 528 | J12: 680 | K12: 522 | L12: 5 kg | N12: INDIA GATE | O12: mum_187_wh_hl_01 | P12: 5000 | Q12: g | R12: 400051 | T12: 2026-09-11 12:02:11
A13: 400051 | B13: Tata Sampann Unpolished Chana Dal | C13: Unpolished Yellow Chana Dal (Split) | D13: In Stock | F13: Atta, Rice & Dal | G13: Toor, Urad & Chana | H13: https://www.flipkart.com/tata-sampann-unpolished-yellow-chana-dal-split/p/itm549c1ab20445b?pid=PLSETEHFG2EY2UCQ&marketplace=HYPERLOCAL | I13: 71 | J13: 81 | K13: 68 | L13: 500 g | N13: Tata Sampann | O13: mum_187_wh_hl_01 | P13: 500 | Q13: g | R13: 400051 | T13: 2026-09-11 12:02:13
A14: 400051 | B14: Tata Sampann Unpolished Toor Dal | C14: Unpolished Yellow Toor/Arhar Dal | D14: In Stock | F14: Atta, Rice & Dal | G14: Toor, Urad & Chana | H14: https://www.flipkart.com/tata-sampann-unpolished-yellow-toor-arhar-dal/p/itmed34edd39d2e9?pid=PLSG93HVZF2ERNWR&marketplace=HYPERLOCAL | I14: 339 | J14: 448 | L14: 2 kg | N14: Tata Sampann | O14: mum_187_wh_hl_01 | P14: 2000 | Q14: g | R14: 400051 | T14: 2026-09-11 12:02:15
A15: 400051 | B15: Nestle Cerelac Wheat Apple Baby Cereal (6 - 24 Months) | C15: Copy Link | D15: In Stock | F15: Baby Care | G15: Baby Food | H15: https://www.flipkart.com/nestle-cerelac-wheat-apple-baby-food-cereal-no-preservatives/p/itmb753364d0fd30?pid=INFETZV5GYZ6Q9FW&marketplace=HYPERLOCAL | I15: 260 | J15: 260 | L15: 350 g | N15: Nestle Cerelac | O15: mum_187_wh_hl_01 | P15: 350 | Q15: g | R15: 400051 | T15: 2026-09-11 12:02:16
A16: 400051 | B16: Himalaya Gentle Baby Wipes | C16: Copy Link | D16: In Stock | F16: Baby Care | G16: Baby Wipes | H16: https://www.flipkart.com/johnson-s-baby-skincare-wipes-72s/p/itm85e9b2b25d29c?pid=WIPDAJ2MZYF564HG&marketplace=HYPERLOCAL | I16: 241 | J16: 280 | K16: 236 | L16: 72 Wipes | N16: JOHNSON'S | O16: mum_187_wh_hl_01 | R16: 400051 | T16: 2026-09-11 12:02:18
A17: 400051 | B17: Johnson's Baby Soap | C17: Copy Link | D17: In Stock | F17: Baby Care | G17: Bathing Needs | H17: https://www.flipkart.com/himalaya-extra-moisturizing-baby-soap-dry-skin-b3g1-free-75g-helps-lock-moisture/p/itmc8f1ec744e790?pid=SOPEUBZRWAGG5NR8&marketplace=HYPERLOCAL | I17: 141 | J17: 195 | K17: 138 | L17: 3x100 g | N17: HIMALAYA | O17: mum_187_wh_hl_01 | P17: 300 | Q17: g | R17: 400051 | T17: 2026-09-11 12:02:20
A18: 400051 | B18: Pampers Happy Sleep Pant Style Baby Diaper (M) | C18: Happy Sleep Anti Rash Shield Pant Diapers - M | D18: In Stock | F18: Baby Care | G18: Diapers & More | H18: https://www.flipkart.com/pampers-happy-sleep-anti-rash-shield-m/p/itm24477fbc6c3c2?pid=DPRH3SCGZZWJQZ5M&marketplace=HYPERLOCAL | I18: 508 | J18: 609 | K18: 457 | L18: M | 48 Pcs | N18: Pampers | O18: mum_187_wh_hl_01 | R18: 400051 | T18: 2026-09-11 12:02:22
A19: 400051 | B19: Johnson's Baby Lotion | C19: All Day Long Baby Lotion | D19: In Stock | F19: Baby Care | G19: Skin & Hair Care | H19: https://www.flipkart.com/johnson-s-all-day-long-baby-lotion/p/itmf9rb3byqhwfcr?pid=MSCF6SWQ6DNGZ3AH&marketplace=HYPERLOCAL | I19: 379 | J19: 475 | K19: 371 | L19: 500 ml | N19: JOHNSON'S | O19: mum_187_wh_hl_01 | P19: 500 | Q19: ml | R19: 400051 | T19: 2026-09-11 12:02:23
A20: 400051 | B20: Weikfield Double Action Baking Powder | C20: Copy Link | D20: In Stock | F20: Bakery & Biscuits | G20: Baking Ingredients | H20: https://www.flipkart.com/weikfield-baking-powder-100-double-action-fluppy-cakes-cookies-powder/p/itmew5z7ujzcpyje?pid=BKIEUHNZXUWBHJ2W&marketplace=HYPERLOCAL | I20: 38 | J20: 40 | K20: 36 | L20: 100 g | N20: WeiKFiELD | O20: mum_187_wh_hl_01 | P20: 100 | Q20: g | R20: 400051 | T20: 2026-09-11 12:02:25
A21: 400051 | B21: Lotte Choco Pie | C21: Copy Link | D21: In Stock | F21: Bakery & Biscuits | G21: Cakes & Rolls | H21: https://www.flipkart.com/lotte-choco-pie-soft-biscuits-coated-premium-chocolate-cream-sandwich-biscuit/p/itm600e9df6b15a2?pid=CKBEUARSF4EKDX2U&marketplace=HYPERLOCAL | I21: 139 | J21: 180 | K21: 136 | L21: 336 g | N21: Lotte | O21: mum_187_wh_hl_01 | P21: 336 | Q21: g | R21: 400051 | T21: 2026-09-11 12:02:26
A22: 400051 | B22: Britannia Original Bourbon Creme Biscuit | C22: Copy Link | D22: In Stock | F22: Bakery & Biscuits | G22: Cookies | H22: https://www.flipkart.com/britannia-treat-bourbon-biscuits-cream-sandwich-biscuit/p/itmd5423e0a84931?pid=CKBG7BHRWSR3AHZW&marketplace=HYPERLOCAL | I22: 10 | J22: 10 | L22: 50 g | N22: BRITANNIA | O22: mum_187_wh_hl_01 | P22: 50 | Q22: g | R22: 400051 | T22: 2026-09-11 12:02:28
A23: 400051 | B23: Britannia Good Day Cashew Biscuit | C23: Copy Link | D23: In Stock | F23: Bakery & Biscuits | G23: Cookies | H23: https://www.flipkart.com/britannia-good-day-cashew-cookies/p/itmb56a4a28a3424?pid=CKBET6WUZUR9PUSR&marketplace=HYPERLOCAL | I23: 43 | J23: 45 | L23: 200 g | N23: BRITANNIA | O23: mum_187_wh_hl_01 | P23: 200 | Q23: g | R23: 400051 | T23: 2026-09-11 12:02:30
A24: 400051 | B24: Malkist Cheese Flavoured Cracker Biscuit - Family Pack | C24: Copy Link | D24: Out of Stock | F24: Bakery & Biscuits | G24: Cream Biscuits | H24: https://www.flipkart.com/malkist-cheese-cream-cracker-biscuit/p/itm2ff267d048c58?pid=CKBFT7N3QQG8NVZZ&marketplace=HYPERLOCAL | I24: 57 | J24: 60 | K24: 55 | L24: 144 g | N24: Malkist | O24: mum_187_wh_hl_01 | P24: 144 | Q24: g | R24: 400051 | T24: 2026-09-11 12:02:31
A25: 400051 | B25: Britannia Marie Gold Marie Biscuits (208 g) | C25: Copy Link | D25: In Stock | F25: Bakery & Biscuits | G25: Glucose & Marie | H25: https://www.flipkart.com/britannia-vita-gold-marie-biscuit/p/itm5b8071bd3b51b?pid=CKBET6WVSMK7UFHE&marketplace=HYPERLOCAL | I25: 38 | J25: 45 | L25: 248 g | N25: BRITANNIA | O25: mum_187_wh_hl_01 | P25: 248 | Q25: g | R25: 400051 | T25: 2026-09-11 12:02:34
A26: 400051 | B26: Britannia NutriChoice Digestive High Fibre Biscuit - 250 g Family Pack | C26: Gold Marie Biscuit | D26: In Stock | F26: Bakery & Biscuits | G26: Healthy & Digestive | H26: https://www.flipkart.com/britannia-gold-marie-biscuit/p/itm353dd93c372d2?pid=CKBET6WU3CEGCYV2&marketplace=HYPERLOCAL | I26: 38 | J26: 40 | L26: 250 g | N26: BRITANNIA | O26: mum_187_wh_hl_01 | P26: 250 | Q26: g | R26: 400051 | T26: 2026-09-11 12:02:35
A27: 400051 | B27: McVitie's Digestive High Fibre Biscuit | C27: Copy Link | D27: Out of Stock | F27: Bakery & Biscuits | G27: Healthy & Digestive | H27: https://www.flipkart.com/mcvitie-s-high-fibre-biscuits-trans-fat-free-digestive-biscuit/p/itmd3de9538585f5?pid=CKBGVZFJNBTRRJPH&marketplace=HYPERLOCAL | I27: 0 | J27: 0 | N27: McVitie's | R27: 400051 | T27: 2026-09-11 12:02:37
A28: 400051 | B28: Nivea Nourishing Body Lotion | C28: Body Lotion for Very Dry Skin, Nourishing Body Milk with 2x Almond Oil, For Men & Women | D28: In Stock | F28: Beauty & Cosmetics | G28: Body & Skin Care | H28: https://www.flipkart.com/nivea-body-lotion-very-dry-skin-nourishing-milk-2x-almond-oil-men-women/p/itmfa397ef11314a?pid=MSCET7YRBUNFUGV2&marketplace=HYPERLOCAL | I28: 110 | J28: 130 | K28: 107 | L28: 120 ml | N28: NIVEA | O28: mum_187_wh_hl_01 | P28: 120 | Q28: ml | R28: 400051 | T28: 2026-09-11 12:02:38
A29: 400051 | B29: Maybelline New York Colossal Kajal (Deep Black) | C29: Copy Link | D29: In Stock | F29: Beauty & Cosmetics | G29: Eye Makeup | H29: https://www.flipkart.com/maybelline-new-york-colossal-kajal/p/itm689854fb6af5f?pid=KJLE2DAJUF7KADCQ&marketplace=HYPERLOCAL | I29: 150 | J29: 220 | L29: Black | N29: MAYBELLINE NEW YORK | O29: mum_187_wh_hl_01 | R29: 400051 | T29: 2026-09-11 12:02:40
A30: 400051 | B30: Pond's Bright Beauty Serum Skin Treatment Cream 34 g | F30: Beauty & Cosmetics | G30: Face Care
A31: 400051 | B31: Lakme Forever Matte Compact (Pearl) | C31: Copy Link | D31: In Stock | F31: Beauty & Cosmetics | G31: Face Cosmetics | H31: https://www.flipkart.com/lakm-forever-matte-compact/p/itm70a5e612ec622?pid=CMPG5K3DYPJBSZK3&marketplace=HYPERLOCAL | I31: 199 | J31: 245 | K31: 195 | N31: Lakmé | O31: mum_187_wh_hl_01 | R31: 400051 | T31: 2026-09-11 12:02:41
A32: 400051 | B32: Livon Anti-Frizz Hair Serum | C32: Hair Serum,For Dry & Frizzy Hair, Provides shine, smoothness & damage protection | D32: In Stock | F32: Beauty & Cosmetics | G32: Hair Styling & Treatment | H32: https://www.flipkart.com/livon-hair-serum-for-dry-frizzy-hair-provides-shine-smoothness-damage-protection/p/itm46b51dbec7c99?pid=HSMDDAZEGXVQ2PD4&marketplace=HYPERLOCAL | I32: 206 | J32: 350 | K32: 201 | L32: 100 ml | N32: LIVON | O32: mum_187_wh_hl_01 | P32: 100 | Q32: ml | R32: 400051 | T32: 2026-09-11 12:02:43
A33: 400051 | B33: Nivea Essential Care Lip Balm | C33: Essential Original Care Lip Balm Natural | D33: In Stock | F33: Beauty & Cosmetics | G33: Lip & Eye Care | H33: https://www.flipkart.com/nivea-care-natural/p/itmet5uxkbysnrjr?pid=LPBET5UXDPYZQH6Z&marketplace=HYPERLOCAL | I33: 138 | J33: 175 | K33: 135 | N33: NIVEA | O33: mum_187_wh_hl_01 | R33: 400051 | T33: 2026-09-11 12:02:45
A34: 400051 | B34: Lakme 9To5 Hya Matte Lipstick (Workday Rose) | C34: Copy Link | D34: Out of Stock | F34: Beauty & Cosmetics | G34: Lip Cosmetics | H34: https://www.flipkart.com/lakm-9to5-primer-matte-lip-color/p/itmc921adcfbfd56?pid=LSKFX4KERQHZ8KCT&marketplace=HYPERLOCAL | I34: 418 | J34: 650 | K34: 409 | L34: MR5 Berry Base | N34: Lakmé | O34: mum_187_wh_hl_01 | R34: 400051 | T34: 2026-09-11 12:02:46
A35: 400051 | B35: Lakme Nail Paint Remover | C35: Copy Link | D35: In Stock | F35: Beauty & Cosmetics | G35: Nail Cosmetics | H35: https://www.flipkart.com/lakm-liquid-nail-polish-remover-vitamin-e-27ml/p/itm483b1bf92a749?pid=NPRGXQC9B6M7URE2&marketplace=HYPERLOCAL | I35: 96 | J35: 110 | K35: 94 | N35: Lakmé | O35: mum_187_wh_hl_01 | R35: 400051 | T35: 2026-09-11 12:02:48
A36: 400051 | B36: Licious Chicken Curry Cut (Small Pieces) | C36: Copy Link | D36: Out of Stock | F36: Chicken, Meat & Fish | G36: Fresh Meat | H36: https://www.flipkart.com/licious-chicken-curry-cut-large-pcs/p/itm3babb9d82c00e?pid=MEAFSCBFTHQK8S42&marketplace=HYPERLOCAL | I36: 0 | J36: 0 | N36: Licious | R36: 400051 | T36: 2026-09-11 12:02:49
A37: 400051 | B37: Surf Excel Easy Wash Detergent Powder | C37: Easy Wash Detergent Powder | D37: In Stock | F37: Cleaning Essentials | G37: Detergent Powder & Bars | H37: https://www.flipkart.com/surf-excel-easy-wash-detergent-powder/p/itm2ebbcc2dd9963?pid=LDTET5UDBXDFKWAZ&marketplace=HYPERLOCAL | I37: 80 | J37: 85 | L37: 500 g | N37: Surf excel | O37: mum_187_wh_hl_01 | P37: 500 | Q37: g | R37: 400051 | T37: 2026-09-11 12:02:51
A38: 400051 | B38: Scotch Brite Scrub Pad | C38: Copy Link | D38: In Stock | F38: Cleaning Essentials | G38: Dishwashing Accessories | H38: https://www.flipkart.com/scotch-brite-super-strong7x10-cm-scrub-pad/p/itmbf74cb7a4cce7?pid=SRPGREGHT3BHJHFH&marketplace=HYPERLOCAL | I38: 32 | J38: 45 | K38: 30 | L38: Pack of 1 | N38: Scotch-Brite | O38: mum_187_wh_hl_01 | R38: 400051 | T38: 2026-09-11 12:02:53
A39: 400051 | B39: Vim Lemon Dishwash Bar (300 g) | C39: Dishwash Bar | D39: In Stock | F39: Cleaning Essentials | G39: Dishwashing Bars & Tubs | H39: https://www.flipkart.com/vim-dishwash-bar/p/itmew7uegahfruem?pid=DWBEU6M6WTGKAG9Q&marketplace=HYPERLOCAL | I39: 28 | J39: 30 | L39: 275 g | N39: Vim | O39: mum_187_wh_hl_01 | P39: 275 | Q39: g | R39: 400051 | T39: 2026-09-11 12:02:55
A40: 400051 | B40: Vim Lemon Dishwash Gel | C40: Dish Cleaning Gel | D40: In Stock | F40: Cleaning Essentials | G40: Dishwashing Gels & Tablets | H40: https://www.flipkart.com/vim-dish-cleaning-gel/p/itmfd4qydmg59zvy?pid=DCGEUJSDG7NPZKHP&marketplace=HYPERLOCAL | I40: 137 | J40: 140 | L40: 0.5 L | N40: Vim | O40: mum_187_wh_hl_01 | P40: 500 | Q40: ml | R40: 400051 | T40: 2026-09-11 12:02:57
