Workbook

Sheet Summary
A1: Zepto — In Stock % by run
A2: In Stock / (In Stock + Out of Stock). Excluded from both halves: rows with no reading, rows from a store marked Serviceable = No, and "Not Available" rows (the store does not carry the item — an assortment gap, not a stock-out). The 'Not carried' block below counts those.
A4: Pincode | B4: 2026-09-10 16:02 | C4: 2026-09-10 21:49 | D4: 2026-09-11 12:01 | E4: 2026-09-11 12:53 | F4: 2026-09-12 12:52 | G4: 2026-09-12 13:30 | H4: 2026-09-12 21:41 | I4: 2026-09-12 21:58 | J4: 2026-09-13 06:25 | K4: 2026-09-13 06:40 | L4: 2026-09-13 07:59 | M4: 2026-09-13 09:54 | N4: 2026-09-13 11:59 | O4: 2026-09-13 18:58 | P4: 2026-09-14 08:51
A5: 110060 | B5: =IFERROR(SUMPRODUCT(('2026-09-10 1602'!$A$2:$A$309="110060")*('2026-09-10 1602'!$D$2:$D$309="In Stock")*('2026-09-10 1602'!$E$2:$E$309<>"No"))/SUMPRODUCT(('2026-09-10 1602'!$A$2:$A$309="110060")*(('2026-09-10 1602'!$D$2:$D$309="In Stock")+('2026-09-10 1602'!$D$2:$D$309="Out of Stock"))*('2026-09-10 1602'!$E$2:$E$309<>"No")),"") | C5: =IFERROR(SUMPRODUCT(('2026-09-10 2149'!$A$2:$A$309="110060")*('2026-09-10 2149'!$D$2:$D$309="In Stock")*('2026-09-10 2149'!$E$2:$E$309<>"No"))/SUMPRODUCT(('2026-09-10 2149'!$A$2:$A$309="110060")*(('2026-09-10 2149'!$D$2:$D$309="In Stock")+('2026-09-10 2149'!$D$2:$D$309="Out of Stock"))*('2026-09-10 2149'!$E$2:$E$309<>"No")),"") | D5: =IFERROR(SUMPRODUCT(('2026-09-11 1201'!$A$2:$A$309="110060")*('2026-09-11 1201'!$D$2:$D$309="In Stock")*('2026-09-11 1201'!$E$2:$E$309<>"No"))/SUMPRODUCT(('2026-09-11 1201'!$A$2:$A$309="110060")*(('2026-09-11 1201'!$D$2:$D$309="In Stock")+('2026-09-11 1201'!$D$2:$D$309="Out of Stock"))*('2026-09-11 1201'!$E$2:$E$309<>"No")),"") | E5: =IFERROR(SUMPRODUCT(('2026-09-11 1253'!$A$2:$A$309="110060")*('2026-09-11 1253'!$D$2:$D$309="In Stock")*('2026-09-11 1253'!$E$2:$E$309<>"No"))/SUMPRODUCT(('2026-09-11 1253'!$A$2:$A$309="110060")*(('2026-09-11 1253'!$D$2:$D$309="In Stock")+('2026-09-11 1253'!$D$2:$D$309="Out of Stock"))*('2026-09-11 1253'!$E$2:$E$309<>"No")),"") | F5: =IFERROR(SUMPRODUCT(('2026-09-12 1252'!$A$2:$A$309="110060")*('2026-09-12 1252'!$D$2:$D$309="In Stock")*('2026-09-12 1252'!$E$2:$E$309<>"No"))/SUMPRODUCT(('2026-09-12 1252'!$A$2:$A$309="110060")*(('2026-09-12 1252'!$D$2:$D$309="In Stock")+('2026-09-12 1252'!$D$2:$D$309="Out of Stock"))*('2026-09-12 1252'!$E$2:$E$309<>"No")),"") | G5: =IFERROR(SUMPRODUCT(('2026-09-12 1330'!$A$2:$A$155="110060")*('2026-09-12 1330'!$D$2:$D$155="In Stock")*('2026-09-12 1330'!$E$2:$E$155<>"No"))/SUMPRODUCT(('2026-09-12 1330'!$A$2:$A$155="110060")*(('2026-09-12 1330'!$D$2:$D$155="In Stock")+('2026-09-12 1330'!$D$2:$D$155="Out of Stock"))*('2026-09-12 1330'!$E$2:$E$155<>"No")),"") | H5: =IFERROR(SUMPRODUCT(('2026-09-12 2141'!$A$2:$A$155="110060")*('2026-09-12 2141'!$D$2:$D$155="In Stock")*('2026-09-12 2141'!$E$2:$E$155<>"No"))/SUMPRODUCT(('2026-09-12 2141'!$A$2:$A$155="110060")*(('2026-09-12 2141'!$D$2:$D$155="In Stock")+('2026-09-12 2141'!$D$2:$D$155="Out of Stock"))*('2026-09-12 2141'!$E$2:$E$155<>"No")),"") | I5: =IFERROR(SUMPRODUCT(('2026-09-12 2158'!$A$2:$A$155="110060")*('2026-09-12 2158'!$D$2:$D$155="In Stock")*('2026-09-12 2158'!$E$2:$E$155<>"No"))/SUMPRODUCT(('2026-09-12 2158'!$A$2:$A$155="110060")*(('2026-09-12 2158'!$D$2:$D$155="In Stock")+('2026-09-12 2158'!$D$2:$D$155="Out of Stock"))*('2026-09-12 2158'!$E$2:$E$155<>"No")),"") | J5: =IFERROR(SUMPRODUCT(('2026-09-13 0625'!$A$2:$A$155="110060")*('2026-09-13 0625'!$D$2:$D$155="In Stock")*('2026-09-13 0625'!$E$2:$E$155<>"No"))/SUMPRODUCT(('2026-09-13 0625'!$A$2:$A$155="110060")*(('2026-09-13 0625'!$D$2:$D$155="In Stock")+('2026-09-13 0625'!$D$2:$D$155="Out of Stock"))*('2026-09-13 0625'!$E$2:$E$155<>"No")),"") | K5: =IFERROR(SUMPRODUCT(('2026-09-13 0640'!$A$2:$A$463="110060")*('2026-09-13 0640'!$D$2:$D$463="In Stock")*('2026-09-13 0640'!$E$2:$E$463<>"No"))/SUMPRODUCT(('2026-09-13 0640'!$A$2:$A$463="110060")*(('2026-09-13 0640'!$D$2:$D$463="In Stock")+('2026-09-13 0640'!$D$2:$D$463="Out of Stock"))*('2026-09-13 0640'!$E$2:$E$463<>"No")),"") | L5: =IFERROR(SUMPRODUCT(('2026-09-13 0759'!$A$2:$A$463="110060")*('2026-09-13 0759'!$D$2:$D$463="In Stock")*('2026-09-13 0759'!$E$2:$E$463<>"No"))/SUMPRODUCT(('2026-09-13 0759'!$A$2:$A$463="110060")*(('2026-09-13 0759'!$D$2:$D$463="In Stock")+('2026-09-13 0759'!$D$2:$D$463="Out of Stock"))*('2026-09-13 0759'!$E$2:$E$463<>"No")),"") | M5: =IFERROR(SUMPRODUCT(('2026-09-13 0954'!$A$2:$A$463="110060")*('2026-09-13 0954'!$D$2:$D$463="In Stock")*('2026-09-13 0954'!$E$2:$E$463<>"No"))/SUMPRODUCT(('2026-09-13 0954'!$A$2:$A$463="110060")*(('2026-09-13 0954'!$D$2:$D$463="In Stock")+('2026-09-13 0954'!$D$2:$D$463="Out of Stock"))*('2026-09-13 0954'!$E$2:$E$463<>"No")),"") | N5: =IFERROR(SUMPRODUCT(('2026-09-13 1159'!$A$2:$A$463="110060")*('2026-09-13 1159'!$D$2:$D$463="In Stock")*('2026-09-13 1159'!$E$2:$E$463<>"No"))/SUMPRODUCT(('2026-09-13 1159'!$A$2:$A$463="110060")*(('2026-09-13 1159'!$D$2:$D$463="In Stock")+('2026-09-13 1159'!$D$2:$D$463="Out of Stock"))*('2026-09-13 1159'!$E$2:$E$463<>"No")),"") | O5: =IFERROR(SUMPRODUCT(('2026-09-13 1858'!$A$2:$A$463="110060")*('2026-09-13 1858'!$D$2:$D$463="In Stock")*('2026-09-13 1858'!$E$2:$E$463<>"No"))/SUMPRODUCT(('2026-09-13 1858'!$A$2:$A$463="110060")*(('2026-09-13 1858'!$D$2:$D$463="In Stock")+('2026-09-13 1858'!$D$2:$D$463="Out of Stock"))*('2026-09-13 1858'!$E$2:$E$463<>"No")),"") | P5: =IFERROR(SUMPRODUCT(('2026-09-14 0851'!$A$2:$A$463="110060")*('2026-09-14 0851'!$D$2:$D$463="In Stock")*('2026-09-14 0851'!$E$2:$E$463<>"No"))/SUMPRODUCT(('2026-09-14 0851'!$A$2:$A$463="110060")*(('2026-09-14 0851'!$D$2:$D$463="In Stock")+('2026-09-14 0851'!$D$2:$D$463="Out of Stock"))*('2026-09-14 0851'!$E$2:$E$463<>"No")),"")
A6: 400011 | B6: =IFERROR(SUMPRODUCT(('2026-09-10 1602'!$A$2:$A$309="400011")*('2026-09-10 1602'!$D$2:$D$309="In Stock")*('2026-09-10 1602'!$E$2:$E$309<>"No"))/SUMPRODUCT(('2026-09-10 1602'!$A$2:$A$309="400011")*(('2026-09-10 1602'!$D$2:$D$309="In Stock")+('2026-09-10 1602'!$D$2:$D$309="Out of Stock"))*('2026-09-10 1602'!$E$2:$E$309<>"No")),"") | C6: =IFERROR(SUMPRODUCT(('2026-09-10 2149'!$A$2:$A$309="400011")*('2026-09-10 2149'!$D$2:$D$309="In Stock")*('2026-09-10 2149'!$E$2:$E$309<>"No"))/SUMPRODUCT(('2026-09-10 2149'!$A$2:$A$309="400011")*(('2026-09-10 2149'!$D$2:$D$309="In Stock")+('2026-09-10 2149'!$D$2:$D$309="Out of Stock"))*('2026-09-10 2149'!$E$2:$E$309<>"No")),"") | D6: =IFERROR(SUMPRODUCT(('2026-09-11 1201'!$A$2:$A$309="400011")*('2026-09-11 1201'!$D$2:$D$309="In Stock")*('2026-09-11 1201'!$E$2:$E$309<>"No"))/SUMPRODUCT(('2026-09-11 1201'!$A$2:$A$309="400011")*(('2026-09-11 1201'!$D$2:$D$309="In Stock")+('2026-09-11 1201'!$D$2:$D$309="Out of Stock"))*('2026-09-11 1201'!$E$2:$E$309<>"No")),"") | E6: =IFERROR(SUMPRODUCT(('2026-09-11 1253'!$A$2:$A$309="400011")*('2026-09-11 1253'!$D$2:$D$309="In Stock")*('2026-09-11 1253'!$E$2:$E$309<>"No"))/SUMPRODUCT(('2026-09-11 1253'!$A$2:$A$309="400011")*(('2026-09-11 1253'!$D$2:$D$309="In Stock")+('2026-09-11 1253'!$D$2:$D$309="Out of Stock"))*('2026-09-11 1253'!$E$2:$E$309<>"No")),"") | F6: =IFERROR(SUMPRODUCT(('2026-09-12 1252'!$A$2:$A$309="400011")*('2026-09-12 1252'!$D$2:$D$309="In Stock")*('2026-09-12 1252'!$E$2:$E$309<>"No"))/SUMPRODUCT(('2026-09-12 1252'!$A$2:$A$309="400011")*(('2026-09-12 1252'!$D$2:$D$309="In Stock")+('2026-09-12 1252'!$D$2:$D$309="Out of Stock"))*('2026-09-12 1252'!$E$2:$E$309<>"No")),"") | G6: =IFERROR(SUMPRODUCT(('2026-09-12 1330'!$A$2:$A$155="400011")*('2026-09-12 1330'!$D$2:$D$155="In Stock")*('2026-09-12 1330'!$E$2:$E$155<>"No"))/SUMPRODUCT(('2026-09-12 1330'!$A$2:$A$155="400011")*(('2026-09-12 1330'!$D$2:$D$155="In Stock")+('2026-09-12 1330'!$D$2:$D$155="Out of Stock"))*('2026-09-12 1330'!$E$2:$E$155<>"No")),"") | H6: =IFERROR(SUMPRODUCT(('2026-09-12 2141'!$A$2:$A$155="400011")*('2026-09-12 2141'!$D$2:$D$155="In Stock")*('2026-09-12 2141'!$E$2:$E$155<>"No"))/SUMPRODUCT(('2026-09-12 2141'!$A$2:$A$155="400011")*(('2026-09-12 2141'!$D$2:$D$155="In Stock")+('2026-09-12 2141'!$D$2:$D$155="Out of Stock"))*('2026-09-12 2141'!$E$2:$E$155<>"No")),"") | I6: =IFERROR(SUMPRODUCT(('2026-09-12 2158'!$A$2:$A$155="400011")*('2026-09-12 2158'!$D$2:$D$155="In Stock")*('2026-09-12 2158'!$E$2:$E$155<>"No"))/SUMPRODUCT(('2026-09-12 2158'!$A$2:$A$155="400011")*(('2026-09-12 2158'!$D$2:$D$155="In Stock")+('2026-09-12 2158'!$D$2:$D$155="Out of Stock"))*('2026-09-12 2158'!$E$2:$E$155<>"No")),"") | J6: =IFERROR(SUMPRODUCT(('2026-09-13 0625'!$A$2:$A$155="400011")*('2026-09-13 0625'!$D$2:$D$155="In Stock")*('2026-09-13 0625'!$E$2:$E$155<>"No"))/SUMPRODUCT(('2026-09-13 0625'!$A$2:$A$155="400011")*(('2026-09-13 0625'!$D$2:$D$155="In Stock")+('2026-09-13 0625'!$D$2:$D$155="Out of Stock"))*('2026-09-13 0625'!$E$2:$E$155<>"No")),"") | K6: =IFERROR(SUMPRODUCT(('2026-09-13 0640'!$A$2:$A$463="400011")*('2026-09-13 0640'!$D$2:$D$463="In Stock")*('2026-09-13 0640'!$E$2:$E$463<>"No"))/SUMPRODUCT(('2026-09-13 0640'!$A$2:$A$463="400011")*(('2026-09-13 0640'!$D$2:$D$463="In Stock")+('2026-09-13 0640'!$D$2:$D$463="Out of Stock"))*('2026-09-13 0640'!$E$2:$E$463<>"No")),"") | L6: =IFERROR(SUMPRODUCT(('2026-09-13 0759'!$A$2:$A$463="400011")*('2026-09-13 0759'!$D$2:$D$463="In Stock")*('2026-09-13 0759'!$E$2:$E$463<>"No"))/SUMPRODUCT(('2026-09-13 0759'!$A$2:$A$463="400011")*(('2026-09-13 0759'!$D$2:$D$463="In Stock")+('2026-09-13 0759'!$D$2:$D$463="Out of Stock"))*('2026-09-13 0759'!$E$2:$E$463<>"No")),"") | M6: =IFERROR(SUMPRODUCT(('2026-09-13 0954'!$A$2:$A$463="400011")*('2026-09-13 0954'!$D$2:$D$463="In Stock")*('2026-09-13 0954'!$E$2:$E$463<>"No"))/SUMPRODUCT(('2026-09-13 0954'!$A$2:$A$463="400011")*(('2026-09-13 0954'!$D$2:$D$463="In Stock")+('2026-09-13 0954'!$D$2:$D$463="Out of Stock"))*('2026-09-13 0954'!$E$2:$E$463<>"No")),"") | N6: =IFERROR(SUMPRODUCT(('2026-09-13 1159'!$A$2:$A$463="400011")*('2026-09-13 1159'!$D$2:$D$463="In Stock")*('2026-09-13 1159'!$E$2:$E$463<>"No"))/SUMPRODUCT(('2026-09-13 1159'!$A$2:$A$463="400011")*(('2026-09-13 1159'!$D$2:$D$463="In Stock")+('2026-09-13 1159'!$D$2:$D$463="Out of Stock"))*('2026-09-13 1159'!$E$2:$E$463<>"No")),"") | O6: =IFERROR(SUMPRODUCT(('2026-09-13 1858'!$A$2:$A$463="400011")*('2026-09-13 1858'!$D$2:$D$463="In Stock")*('2026-09-13 1858'!$E$2:$E$463<>"No"))/SUMPRODUCT(('2026-09-13 1858'!$A$2:$A$463="400011")*(('2026-09-13 1858'!$D$2:$D$463="In Stock")+('2026-09-13 1858'!$D$2:$D$463="Out of Stock"))*('2026-09-13 1858'!$E$2:$E$463<>"No")),"") | P6: =IFERROR(SUMPRODUCT(('2026-09-14 0851'!$A$2:$A$463="400011")*('2026-09-14 0851'!$D$2:$D$463="In Stock")*('2026-09-14 0851'!$E$2:$E$463<>"No"))/SUMPRODUCT(('2026-09-14 0851'!$A$2:$A$463="400011")*(('2026-09-14 0851'!$D$2:$D$463="In Stock")+('2026-09-14 0851'!$D$2:$D$463="Out of Stock"))*('2026-09-14 0851'!$E$2:$E$463<>"No")),"")
A7: 400051 | B7: =IFERROR(SUMPRODUCT(('2026-09-10 1602'!$A$2:$A$309="400051")*('2026-09-10 1602'!$D$2:$D$309="In Stock")*('2026-09-10 1602'!$E$2:$E$309<>"No"))/SUMPRODUCT(('2026-09-10 1602'!$A$2:$A$309="400051")*(('2026-09-10 1602'!$D$2:$D$309="In Stock")+('2026-09-10 1602'!$D$2:$D$309="Out of Stock"))*('2026-09-10 1602'!$E$2:$E$309<>"No")),"") | C7: =IFERROR(SUMPRODUCT(('2026-09-10 2149'!$A$2:$A$309="400051")*('2026-09-10 2149'!$D$2:$D$309="In Stock")*('2026-09-10 2149'!$E$2:$E$309<>"No"))/SUMPRODUCT(('2026-09-10 2149'!$A$2:$A$309="400051")*(('2026-09-10 2149'!$D$2:$D$309="In Stock")+('2026-09-10 2149'!$D$2:$D$309="Out of Stock"))*('2026-09-10 2149'!$E$2:$E$309<>"No")),"") | D7: =IFERROR(SUMPRODUCT(('2026-09-11 1201'!$A$2:$A$309="400051")*('2026-09-11 1201'!$D$2:$D$309="In Stock")*('2026-09-11 1201'!$E$2:$E$309<>"No"))/SUMPRODUCT(('2026-09-11 1201'!$A$2:$A$309="400051")*(('2026-09-11 1201'!$D$2:$D$309="In Stock")+('2026-09-11 1201'!$D$2:$D$309="Out of Stock"))*('2026-09-11 1201'!$E$2:$E$309<>"No")),"") | E7: =IFERROR(SUMPRODUCT(('2026-09-11 1253'!$A$2:$A$309="400051")*('2026-09-11 1253'!$D$2:$D$309="In Stock")*('2026-09-11 1253'!$E$2:$E$309<>"No"))/SUMPRODUCT(('2026-09-11 1253'!$A$2:$A$309="400051")*(('2026-09-11 1253'!$D$2:$D$309="In Stock")+('2026-09-11 1253'!$D$2:$D$309="Out of Stock"))*('2026-09-11 1253'!$E$2:$E$309<>"No")),"") | F7: =IFERROR(SUMPRODUCT(('2026-09-12 1252'!$A$2:$A$309="400051")*('2026-09-12 1252'!$D$2:$D$309="In Stock")*('2026-09-12 1252'!$E$2:$E$309<>"No"))/SUMPRODUCT(('2026-09-12 1252'!$A$2:$A$309="400051")*(('2026-09-12 1252'!$D$2:$D$309="In Stock")+('2026-09-12 1252'!$D$2:$D$309="Out of Stock"))*('2026-09-12 1252'!$E$2:$E$309<>"No")),"") | G7: =IFERROR(SUMPRODUCT(('2026-09-12 1330'!$A$2:$A$155="400051")*('2026-09-12 1330'!$D$2:$D$155="In Stock")*('2026-09-12 1330'!$E$2:$E$155<>"No"))/SUMPRODUCT(('2026-09-12 1330'!$A$2:$A$155="400051")*(('2026-09-12 1330'!$D$2:$D$155="In Stock")+('2026-09-12 1330'!$D$2:$D$155="Out of Stock"))*('2026-09-12 1330'!$E$2:$E$155<>"No")),"") | H7: =IFERROR(SUMPRODUCT(('2026-09-12 2141'!$A$2:$A$155="400051")*('2026-09-12 2141'!$D$2:$D$155="In Stock")*('2026-09-12 2141'!$E$2:$E$155<>"No"))/SUMPRODUCT(('2026-09-12 2141'!$A$2:$A$155="400051")*(('2026-09-12 2141'!$D$2:$D$155="In Stock")+('2026-09-12 2141'!$D$2:$D$155="Out of Stock"))*('2026-09-12 2141'!$E$2:$E$155<>"No")),"") | I7: =IFERROR(SUMPRODUCT(('2026-09-12 2158'!$A$2:$A$155="400051")*('2026-09-12 2158'!$D$2:$D$155="In Stock")*('2026-09-12 2158'!$E$2:$E$155<>"No"))/SUMPRODUCT(('2026-09-12 2158'!$A$2:$A$155="400051")*(('2026-09-12 2158'!$D$2:$D$155="In Stock")+('2026-09-12 2158'!$D$2:$D$155="Out of Stock"))*('2026-09-12 2158'!$E$2:$E$155<>"No")),"") | J7: =IFERROR(SUMPRODUCT(('2026-09-13 0625'!$A$2:$A$155="400051")*('2026-09-13 0625'!$D$2:$D$155="In Stock")*('2026-09-13 0625'!$E$2:$E$155<>"No"))/SUMPRODUCT(('2026-09-13 0625'!$A$2:$A$155="400051")*(('2026-09-13 0625'!$D$2:$D$155="In Stock")+('2026-09-13 0625'!$D$2:$D$155="Out of Stock"))*('2026-09-13 0625'!$E$2:$E$155<>"No")),"") | K7: =IFERROR(SUMPRODUCT(('2026-09-13 0640'!$A$2:$A$463="400051")*('2026-09-13 0640'!$D$2:$D$463="In Stock")*('2026-09-13 0640'!$E$2:$E$463<>"No"))/SUMPRODUCT(('2026-09-13 0640'!$A$2:$A$463="400051")*(('2026-09-13 0640'!$D$2:$D$463="In Stock")+('2026-09-13 0640'!$D$2:$D$463="Out of Stock"))*('2026-09-13 0640'!$E$2:$E$463<>"No")),"") | L7: =IFERROR(SUMPRODUCT(('2026-09-13 0759'!$A$2:$A$463="400051")*('2026-09-13 0759'!$D$2:$D$463="In Stock")*('2026-09-13 0759'!$E$2:$E$463<>"No"))/SUMPRODUCT(('2026-09-13 0759'!$A$2:$A$463="400051")*(('2026-09-13 0759'!$D$2:$D$463="In Stock")+('2026-09-13 0759'!$D$2:$D$463="Out of Stock"))*('2026-09-13 0759'!$E$2:$E$463<>"No")),"") | M7: =IFERROR(SUMPRODUCT(('2026-09-13 0954'!$A$2:$A$463="400051")*('2026-09-13 0954'!$D$2:$D$463="In Stock")*('2026-09-13 0954'!$E$2:$E$463<>"No"))/SUMPRODUCT(('2026-09-13 0954'!$A$2:$A$463="400051")*(('2026-09-13 0954'!$D$2:$D$463="In Stock")+('2026-09-13 0954'!$D$2:$D$463="Out of Stock"))*('2026-09-13 0954'!$E$2:$E$463<>"No")),"") | N7: =IFERROR(SUMPRODUCT(('2026-09-13 1159'!$A$2:$A$463="400051")*('2026-09-13 1159'!$D$2:$D$463="In Stock")*('2026-09-13 1159'!$E$2:$E$463<>"No"))/SUMPRODUCT(('2026-09-13 1159'!$A$2:$A$463="400051")*(('2026-09-13 1159'!$D$2:$D$463="In Stock")+('2026-09-13 1159'!$D$2:$D$463="Out of Stock"))*('2026-09-13 1159'!$E$2:$E$463<>"No")),"") | O7: =IFERROR(SUMPRODUCT(('2026-09-13 1858'!$A$2:$A$463="400051")*('2026-09-13 1858'!$D$2:$D$463="In Stock")*('2026-09-13 1858'!$E$2:$E$463<>"No"))/SUMPRODUCT(('2026-09-13 1858'!$A$2:$A$463="400051")*(('2026-09-13 1858'!$D$2:$D$463="In Stock")+('2026-09-13 1858'!$D$2:$D$463="Out of Stock"))*('2026-09-13 1858'!$E$2:$E$463<>"No")),"") | P7: =IFERROR(SUMPRODUCT(('2026-09-14 0851'!$A$2:$A$463="400051")*('2026-09-14 0851'!$D$2:$D$463="In Stock")*('2026-09-14 0851'!$E$2:$E$463<>"No"))/SUMPRODUCT(('2026-09-14 0851'!$A$2:$A$463="400051")*(('2026-09-14 0851'!$D$2:$D$463="In Stock")+('2026-09-14 0851'!$D$2:$D$463="Out of Stock"))*('2026-09-14 0851'!$E$2:$E$463<>"No")),"")
A8: 560037 | B8: =IFERROR(SUMPRODUCT(('2026-09-10 1602'!$A$2:$A$309="560037")*('2026-09-10 1602'!$D$2:$D$309="In Stock")*('2026-09-10 1602'!$E$2:$E$309<>"No"))/SUMPRODUCT(('2026-09-10 1602'!$A$2:$A$309="560037")*(('2026-09-10 1602'!$D$2:$D$309="In Stock")+('2026-09-10 1602'!$D$2:$D$309="Out of Stock"))*('2026-09-10 1602'!$E$2:$E$309<>"No")),"") | C8: =IFERROR(SUMPRODUCT(('2026-09-10 2149'!$A$2:$A$309="560037")*('2026-09-10 2149'!$D$2:$D$309="In Stock")*('2026-09-10 2149'!$E$2:$E$309<>"No"))/SUMPRODUCT(('2026-09-10 2149'!$A$2:$A$309="560037")*(('2026-09-10 2149'!$D$2:$D$309="In Stock")+('2026-09-10 2149'!$D$2:$D$309="Out of Stock"))*('2026-09-10 2149'!$E$2:$E$309<>"No")),"") | D8: =IFERROR(SUMPRODUCT(('2026-09-11 1201'!$A$2:$A$309="560037")*('2026-09-11 1201'!$D$2:$D$309="In Stock")*('2026-09-11 1201'!$E$2:$E$309<>"No"))/SUMPRODUCT(('2026-09-11 1201'!$A$2:$A$309="560037")*(('2026-09-11 1201'!$D$2:$D$309="In Stock")+('2026-09-11 1201'!$D$2:$D$309="Out of Stock"))*('2026-09-11 1201'!$E$2:$E$309<>"No")),"") | E8: =IFERROR(SUMPRODUCT(('2026-09-11 1253'!$A$2:$A$309="560037")*('2026-09-11 1253'!$D$2:$D$309="In Stock")*('2026-09-11 1253'!$E$2:$E$309<>"No"))/SUMPRODUCT(('2026-09-11 1253'!$A$2:$A$309="560037")*(('2026-09-11 1253'!$D$2:$D$309="In Stock")+('2026-09-11 1253'!$D$2:$D$309="Out of Stock"))*('2026-09-11 1253'!$E$2:$E$309<>"No")),"") | F8: =IFERROR(SUMPRODUCT(('2026-09-12 1252'!$A$2:$A$309="560037")*('2026-09-12 1252'!$D$2:$D$309="In Stock")*('2026-09-12 1252'!$E$2:$E$309<>"No"))/SUMPRODUCT(('2026-09-12 1252'!$A$2:$A$309="560037")*(('2026-09-12 1252'!$D$2:$D$309="In Stock")+('2026-09-12 1252'!$D$2:$D$309="Out of Stock"))*('2026-09-12 1252'!$E$2:$E$309<>"No")),"") | G8: =IFERROR(SUMPRODUCT(('2026-09-12 1330'!$A$2:$A$155="560037")*('2026-09-12 1330'!$D$2:$D$155="In Stock")*('2026-09-12 1330'!$E$2:$E$155<>"No"))/SUMPRODUCT(('2026-09-12 1330'!$A$2:$A$155="560037")*(('2026-09-12 1330'!$D$2:$D$155="In Stock")+('2026-09-12 1330'!$D$2:$D$155="Out of Stock"))*('2026-09-12 1330'!$E$2:$E$155<>"No")),"") | H8: =IFERROR(SUMPRODUCT(('2026-09-12 2141'!$A$2:$A$155="560037")*('2026-09-12 2141'!$D$2:$D$155="In Stock")*('2026-09-12 2141'!$E$2:$E$155<>"No"))/SUMPRODUCT(('2026-09-12 2141'!$A$2:$A$155="560037")*(('2026-09-12 2141'!$D$2:$D$155="In Stock")+('2026-09-12 2141'!$D$2:$D$155="Out of Stock"))*('2026-09-12 2141'!$E$2:$E$155<>"No")),"") | I8: =IFERROR(SUMPRODUCT(('2026-09-12 2158'!$A$2:$A$155="560037")*('2026-09-12 2158'!$D$2:$D$155="In Stock")*('2026-09-12 2158'!$E$2:$E$155<>"No"))/SUMPRODUCT(('2026-09-12 2158'!$A$2:$A$155="560037")*(('2026-09-12 2158'!$D$2:$D$155="In Stock")+('2026-09-12 2158'!$D$2:$D$155="Out of Stock"))*('2026-09-12 2158'!$E$2:$E$155<>"No")),"") | J8: =IFERROR(SUMPRODUCT(('2026-09-13 0625'!$A$2:$A$155="560037")*('2026-09-13 0625'!$D$2:$D$155="In Stock")*('2026-09-13 0625'!$E$2:$E$155<>"No"))/SUMPRODUCT(('2026-09-13 0625'!$A$2:$A$155="560037")*(('2026-09-13 0625'!$D$2:$D$155="In Stock")+('2026-09-13 0625'!$D$2:$D$155="Out of Stock"))*('2026-09-13 0625'!$E$2:$E$155<>"No")),"") | K8: =IFERROR(SUMPRODUCT(('2026-09-13 0640'!$A$2:$A$463="560037")*('2026-09-13 0640'!$D$2:$D$463="In Stock")*('2026-09-13 0640'!$E$2:$E$463<>"No"))/SUMPRODUCT(('2026-09-13 0640'!$A$2:$A$463="560037")*(('2026-09-13 0640'!$D$2:$D$463="In Stock")+('2026-09-13 0640'!$D$2:$D$463="Out of Stock"))*('2026-09-13 0640'!$E$2:$E$463<>"No")),"") | L8: =IFERROR(SUMPRODUCT(('2026-09-13 0759'!$A$2:$A$463="560037")*('2026-09-13 0759'!$D$2:$D$463="In Stock")*('2026-09-13 0759'!$E$2:$E$463<>"No"))/SUMPRODUCT(('2026-09-13 0759'!$A$2:$A$463="560037")*(('2026-09-13 0759'!$D$2:$D$463="In Stock")+('2026-09-13 0759'!$D$2:$D$463="Out of Stock"))*('2026-09-13 0759'!$E$2:$E$463<>"No")),"") | M8: =IFERROR(SUMPRODUCT(('2026-09-13 0954'!$A$2:$A$463="560037")*('2026-09-13 0954'!$D$2:$D$463="In Stock")*('2026-09-13 0954'!$E$2:$E$463<>"No"))/SUMPRODUCT(('2026-09-13 0954'!$A$2:$A$463="560037")*(('2026-09-13 0954'!$D$2:$D$463="In Stock")+('2026-09-13 0954'!$D$2:$D$463="Out of Stock"))*('2026-09-13 0954'!$E$2:$E$463<>"No")),"") | N8: =IFERROR(SUMPRODUCT(('2026-09-13 1159'!$A$2:$A$463="560037")*('2026-09-13 1159'!$D$2:$D$463="In Stock")*('2026-09-13 1159'!$E$2:$E$463<>"No"))/SUMPRODUCT(('2026-09-13 1159'!$A$2:$A$463="560037")*(('2026-09-13 1159'!$D$2:$D$463="In Stock")+('2026-09-13 1159'!$D$2:$D$463="Out of Stock"))*('2026-09-13 1159'!$E$2:$E$463<>"No")),"") | O8: =IFERROR(SUMPRODUCT(('2026-09-13 1858'!$A$2:$A$463="560037")*('2026-09-13 1858'!$D$2:$D$463="In Stock")*('2026-09-13 1858'!$E$2:$E$463<>"No"))/SUMPRODUCT(('2026-09-13 1858'!$A$2:$A$463="560037")*(('2026-09-13 1858'!$D$2:$D$463="In Stock")+('2026-09-13 1858'!$D$2:$D$463="Out of Stock"))*('2026-09-13 1858'!$E$2:$E$463<>"No")),"") | P8: =IFERROR(SUMPRODUCT(('2026-09-14 0851'!$A$2:$A$463="560037")*('2026-09-14 0851'!$D$2:$D$463="In Stock")*('2026-09-14 0851'!$E$2:$E$463<>"No"))/SUMPRODUCT(('2026-09-14 0851'!$A$2:$A$463="560037")*(('2026-09-14 0851'!$D$2:$D$463="In Stock")+('2026-09-14 0851'!$D$2:$D$463="Out of Stock"))*('2026-09-14 0851'!$E$2:$E$463<>"No")),"")
A9: All pincodes | B9: =IFERROR(SUMPRODUCT(('2026-09-10 1602'!$D$2:$D$309="In Stock")*('2026-09-10 1602'!$E$2:$E$309<>"No"))/SUMPRODUCT((('2026-09-10 1602'!$D$2:$D$309="In Stock")+('2026-09-10 1602'!$D$2:$D$309="Out of Stock"))*('2026-09-10 1602'!$E$2:$E$309<>"No")),"") | C9: =IFERROR(SUMPRODUCT(('2026-09-10 2149'!$D$2:$D$309="In Stock")*('2026-09-10 2149'!$E$2:$E$309<>"No"))/SUMPRODUCT((('2026-09-10 2149'!$D$2:$D$309="In Stock")+('2026-09-10 2149'!$D$2:$D$309="Out of Stock"))*('2026-09-10 2149'!$E$2:$E$309<>"No")),"") | D9: =IFERROR(SUMPRODUCT(('2026-09-11 1201'!$D$2:$D$309="In Stock")*('2026-09-11 1201'!$E$2:$E$309<>"No"))/SUMPRODUCT((('2026-09-11 1201'!$D$2:$D$309="In Stock")+('2026-09-11 1201'!$D$2:$D$309="Out of Stock"))*('2026-09-11 1201'!$E$2:$E$309<>"No")),"") | E9: =IFERROR(SUMPRODUCT(('2026-09-11 1253'!$D$2:$D$309="In Stock")*('2026-09-11 1253'!$E$2:$E$309<>"No"))/SUMPRODUCT((('2026-09-11 1253'!$D$2:$D$309="In Stock")+('2026-09-11 1253'!$D$2:$D$309="Out of Stock"))*('2026-09-11 1253'!$E$2:$E$309<>"No")),"") | F9: =IFERROR(SUMPRODUCT(('2026-09-12 1252'!$D$2:$D$309="In Stock")*('2026-09-12 1252'!$E$2:$E$309<>"No"))/SUMPRODUCT((('2026-09-12 1252'!$D$2:$D$309="In Stock")+('2026-09-12 1252'!$D$2:$D$309="Out of Stock"))*('2026-09-12 1252'!$E$2:$E$309<>"No")),"") | G9: =IFERROR(SUMPRODUCT(('2026-09-12 1330'!$D$2:$D$155="In Stock")*('2026-09-12 1330'!$E$2:$E$155<>"No"))/SUMPRODUCT((('2026-09-12 1330'!$D$2:$D$155="In Stock")+('2026-09-12 1330'!$D$2:$D$155="Out of Stock"))*('2026-09-12 1330'!$E$2:$E$155<>"No")),"") | H9: =IFERROR(SUMPRODUCT(('2026-09-12 2141'!$D$2:$D$155="In Stock")*('2026-09-12 2141'!$E$2:$E$155<>"No"))/SUMPRODUCT((('2026-09-12 2141'!$D$2:$D$155="In Stock")+('2026-09-12 2141'!$D$2:$D$155="Out of Stock"))*('2026-09-12 2141'!$E$2:$E$155<>"No")),"") | I9: =IFERROR(SUMPRODUCT(('2026-09-12 2158'!$D$2:$D$155="In Stock")*('2026-09-12 2158'!$E$2:$E$155<>"No"))/SUMPRODUCT((('2026-09-12 2158'!$D$2:$D$155="In Stock")+('2026-09-12 2158'!$D$2:$D$155="Out of Stock"))*('2026-09-12 2158'!$E$2:$E$155<>"No")),"") | J9: =IFERROR(SUMPRODUCT(('2026-09-13 0625'!$D$2:$D$155="In Stock")*('2026-09-13 0625'!$E$2:$E$155<>"No"))/SUMPRODUCT((('2026-09-13 0625'!$D$2:$D$155="In Stock")+('2026-09-13 0625'!$D$2:$D$155="Out of Stock"))*('2026-09-13 0625'!$E$2:$E$155<>"No")),"") | K9: =IFERROR(SUMPRODUCT(('2026-09-13 0640'!$D$2:$D$463="In Stock")*('2026-09-13 0640'!$E$2:$E$463<>"No"))/SUMPRODUCT((('2026-09-13 0640'!$D$2:$D$463="In Stock")+('2026-09-13 0640'!$D$2:$D$463="Out of Stock"))*('2026-09-13 0640'!$E$2:$E$463<>"No")),"") | L9: =IFERROR(SUMPRODUCT(('2026-09-13 0759'!$D$2:$D$463="In Stock")*('2026-09-13 0759'!$E$2:$E$463<>"No"))/SUMPRODUCT((('2026-09-13 0759'!$D$2:$D$463="In Stock")+('2026-09-13 0759'!$D$2:$D$463="Out of Stock"))*('2026-09-13 0759'!$E$2:$E$463<>"No")),"") | M9: =IFERROR(SUMPRODUCT(('2026-09-13 0954'!$D$2:$D$463="In Stock")*('2026-09-13 0954'!$E$2:$E$463<>"No"))/SUMPRODUCT((('2026-09-13 0954'!$D$2:$D$463="In Stock")+('2026-09-13 0954'!$D$2:$D$463="Out of Stock"))*('2026-09-13 0954'!$E$2:$E$463<>"No")),"") | N9: =IFERROR(SUMPRODUCT(('2026-09-13 1159'!$D$2:$D$463="In Stock")*('2026-09-13 1159'!$E$2:$E$463<>"No"))/SUMPRODUCT((('2026-09-13 1159'!$D$2:$D$463="In Stock")+('2026-09-13 1159'!$D$2:$D$463="Out of Stock"))*('2026-09-13 1159'!$E$2:$E$463<>"No")),"") | O9: =IFERROR(SUMPRODUCT(('2026-09-13 1858'!$D$2:$D$463="In Stock")*('2026-09-13 1858'!$E$2:$E$463<>"No"))/SUMPRODUCT((('2026-09-13 1858'!$D$2:$D$463="In Stock")+('2026-09-13 1858'!$D$2:$D$463="Out of Stock"))*('2026-09-13 1858'!$E$2:$E$463<>"No")),"") | P9: =IFERROR(SUMPRODUCT(('2026-09-14 0851'!$D$2:$D$463="In Stock")*('2026-09-14 0851'!$E$2:$E$463<>"No"))/SUMPRODUCT((('2026-09-14 0851'!$D$2:$D$463="In Stock")+('2026-09-14 0851'!$D$2:$D$463="Out of Stock"))*('2026-09-14 0851'!$E$2:$E$463<>"No")),"")
A10: Not carried (excluded from the % above)
A11: Pincode | B11: 2026-09-10 16:02 | C11: 2026-09-10 21:49 | D11: 2026-09-11 12:01 | E11: 2026-09-11 12:53 | F11: 2026-09-12 12:52 | G11: 2026-09-12 13:30 | H11: 2026-09-12 21:41 | I11: 2026-09-12 21:58 | J11: 2026-09-13 06:25 | K11: 2026-09-13 06:40 | L11: 2026-09-13 07:59 | M11: 2026-09-13 09:54 | N11: 2026-09-13 11:59 | O11: 2026-09-13 18:58 | P11: 2026-09-14 08:51
A12: 110060 | B12: =IF(SUMPRODUCT(--('2026-09-10 1602'!$A$2:$A$309="110060"))=0,"",SUMPRODUCT(('2026-09-10 1602'!$A$2:$A$309="110060")*('2026-09-10 1602'!$D$2:$D$309="Not Available")*('2026-09-10 1602'!$E$2:$E$309<>"No"))) | C12: =IF(SUMPRODUCT(--('2026-09-10 2149'!$A$2:$A$309="110060"))=0,"",SUMPRODUCT(('2026-09-10 2149'!$A$2:$A$309="110060")*('2026-09-10 2149'!$D$2:$D$309="Not Available")*('2026-09-10 2149'!$E$2:$E$309<>"No"))) | D12: =IF(SUMPRODUCT(--('2026-09-11 1201'!$A$2:$A$309="110060"))=0,"",SUMPRODUCT(('2026-09-11 1201'!$A$2:$A$309="110060")*('2026-09-11 1201'!$D$2:$D$309="Not Available")*('2026-09-11 1201'!$E$2:$E$309<>"No"))) | E12: =IF(SUMPRODUCT(--('2026-09-11 1253'!$A$2:$A$309="110060"))=0,"",SUMPRODUCT(('2026-09-11 1253'!$A$2:$A$309="110060")*('2026-09-11 1253'!$D$2:$D$309="Not Available")*('2026-09-11 1253'!$E$2:$E$309<>"No"))) | F12: =IF(SUMPRODUCT(--('2026-09-12 1252'!$A$2:$A$309="110060"))=0,"",SUMPRODUCT(('2026-09-12 1252'!$A$2:$A$309="110060")*('2026-09-12 1252'!$D$2:$D$309="Not Available")*('2026-09-12 1252'!$E$2:$E$309<>"No"))) | G12: =IF(SUMPRODUCT(--('2026-09-12 1330'!$A$2:$A$155="110060"))=0,"",SUMPRODUCT(('2026-09-12 1330'!$A$2:$A$155="110060")*('2026-09-12 1330'!$D$2:$D$155="Not Available")*('2026-09-12 1330'!$E$2:$E$155<>"No"))) | H12: =IF(SUMPRODUCT(--('2026-09-12 2141'!$A$2:$A$155="110060"))=0,"",SUMPRODUCT(('2026-09-12 2141'!$A$2:$A$155="110060")*('2026-09-12 2141'!$D$2:$D$155="Not Available")*('2026-09-12 2141'!$E$2:$E$155<>"No"))) | I12: =IF(SUMPRODUCT(--('2026-09-12 2158'!$A$2:$A$155="110060"))=0,"",SUMPRODUCT(('2026-09-12 2158'!$A$2:$A$155="110060")*('2026-09-12 2158'!$D$2:$D$155="Not Available")*('2026-09-12 2158'!$E$2:$E$155<>"No"))) | J12: =IF(SUMPRODUCT(--('2026-09-13 0625'!$A$2:$A$155="110060"))=0,"",SUMPRODUCT(('2026-09-13 0625'!$A$2:$A$155="110060")*('2026-09-13 0625'!$D$2:$D$155="Not Available")*('2026-09-13 0625'!$E$2:$E$155<>"No"))) | K12: =IF(SUMPRODUCT(--('2026-09-13 0640'!$A$2:$A$463="110060"))=0,"",SUMPRODUCT(('2026-09-13 0640'!$A$2:$A$463="110060")*('2026-09-13 0640'!$D$2:$D$463="Not Available")*('2026-09-13 0640'!$E$2:$E$463<>"No"))) | L12: =IF(SUMPRODUCT(--('2026-09-13 0759'!$A$2:$A$463="110060"))=0,"",SUMPRODUCT(('2026-09-13 0759'!$A$2:$A$463="110060")*('2026-09-13 0759'!$D$2:$D$463="Not Available")*('2026-09-13 0759'!$E$2:$E$463<>"No"))) | M12: =IF(SUMPRODUCT(--('2026-09-13 0954'!$A$2:$A$463="110060"))=0,"",SUMPRODUCT(('2026-09-13 0954'!$A$2:$A$463="110060")*('2026-09-13 0954'!$D$2:$D$463="Not Available")*('2026-09-13 0954'!$E$2:$E$463<>"No"))) | N12: =IF(SUMPRODUCT(--('2026-09-13 1159'!$A$2:$A$463="110060"))=0,"",SUMPRODUCT(('2026-09-13 1159'!$A$2:$A$463="110060")*('2026-09-13 1159'!$D$2:$D$463="Not Available")*('2026-09-13 1159'!$E$2:$E$463<>"No"))) | O12: =IF(SUMPRODUCT(--('2026-09-13 1858'!$A$2:$A$463="110060"))=0,"",SUMPRODUCT(('2026-09-13 1858'!$A$2:$A$463="110060")*('2026-09-13 1858'!$D$2:$D$463="Not Available")*('2026-09-13 1858'!$E$2:$E$463<>"No"))) | P12: =IF(SUMPRODUCT(--('2026-09-14 0851'!$A$2:$A$463="110060"))=0,"",SUMPRODUCT(('2026-09-14 0851'!$A$2:$A$463="110060")*('2026-09-14 0851'!$D$2:$D$463="Not Available")*('2026-09-14 0851'!$E$2:$E$463<>"No")))
A13: 400011 | B13: =IF(SUMPRODUCT(--('2026-09-10 1602'!$A$2:$A$309="400011"))=0,"",SUMPRODUCT(('2026-09-10 1602'!$A$2:$A$309="400011")*('2026-09-10 1602'!$D$2:$D$309="Not Available")*('2026-09-10 1602'!$E$2:$E$309<>"No"))) | C13: =IF(SUMPRODUCT(--('2026-09-10 2149'!$A$2:$A$309="400011"))=0,"",SUMPRODUCT(('2026-09-10 2149'!$A$2:$A$309="400011")*('2026-09-10 2149'!$D$2:$D$309="Not Available")*('2026-09-10 2149'!$E$2:$E$309<>"No"))) | D13: =IF(SUMPRODUCT(--('2026-09-11 1201'!$A$2:$A$309="400011"))=0,"",SUMPRODUCT(('2026-09-11 1201'!$A$2:$A$309="400011")*('2026-09-11 1201'!$D$2:$D$309="Not Available")*('2026-09-11 1201'!$E$2:$E$309<>"No"))) | E13: =IF(SUMPRODUCT(--('2026-09-11 1253'!$A$2:$A$309="400011"))=0,"",SUMPRODUCT(('2026-09-11 1253'!$A$2:$A$309="400011")*('2026-09-11 1253'!$D$2:$D$309="Not Available")*('2026-09-11 1253'!$E$2:$E$309<>"No"))) | F13: =IF(SUMPRODUCT(--('2026-09-12 1252'!$A$2:$A$309="400011"))=0,"",SUMPRODUCT(('2026-09-12 1252'!$A$2:$A$309="400011")*('2026-09-12 1252'!$D$2:$D$309="Not Available")*('2026-09-12 1252'!$E$2:$E$309<>"No"))) | G13: =IF(SUMPRODUCT(--('2026-09-12 1330'!$A$2:$A$155="400011"))=0,"",SUMPRODUCT(('2026-09-12 1330'!$A$2:$A$155="400011")*('2026-09-12 1330'!$D$2:$D$155="Not Available")*('2026-09-12 1330'!$E$2:$E$155<>"No"))) | H13: =IF(SUMPRODUCT(--('2026-09-12 2141'!$A$2:$A$155="400011"))=0,"",SUMPRODUCT(('2026-09-12 2141'!$A$2:$A$155="400011")*('2026-09-12 2141'!$D$2:$D$155="Not Available")*('2026-09-12 2141'!$E$2:$E$155<>"No"))) | I13: =IF(SUMPRODUCT(--('2026-09-12 2158'!$A$2:$A$155="400011"))=0,"",SUMPRODUCT(('2026-09-12 2158'!$A$2:$A$155="400011")*('2026-09-12 2158'!$D$2:$D$155="Not Available")*('2026-09-12 2158'!$E$2:$E$155<>"No"))) | J13: =IF(SUMPRODUCT(--('2026-09-13 0625'!$A$2:$A$155="400011"))=0,"",SUMPRODUCT(('2026-09-13 0625'!$A$2:$A$155="400011")*('2026-09-13 0625'!$D$2:$D$155="Not Available")*('2026-09-13 0625'!$E$2:$E$155<>"No"))) | K13: =IF(SUMPRODUCT(--('2026-09-13 0640'!$A$2:$A$463="400011"))=0,"",SUMPRODUCT(('2026-09-13 0640'!$A$2:$A$463="400011")*('2026-09-13 0640'!$D$2:$D$463="Not Available")*('2026-09-13 0640'!$E$2:$E$463<>"No"))) | L13: =IF(SUMPRODUCT(--('2026-09-13 0759'!$A$2:$A$463="400011"))=0,"",SUMPRODUCT(('2026-09-13 0759'!$A$2:$A$463="400011")*('2026-09-13 0759'!$D$2:$D$463="Not Available")*('2026-09-13 0759'!$E$2:$E$463<>"No"))) | M13: =IF(SUMPRODUCT(--('2026-09-13 0954'!$A$2:$A$463="400011"))=0,"",SUMPRODUCT(('2026-09-13 0954'!$A$2:$A$463="400011")*('2026-09-13 0954'!$D$2:$D$463="Not Available")*('2026-09-13 0954'!$E$2:$E$463<>"No"))) | N13: =IF(SUMPRODUCT(--('2026-09-13 1159'!$A$2:$A$463="400011"))=0,"",SUMPRODUCT(('2026-09-13 1159'!$A$2:$A$463="400011")*('2026-09-13 1159'!$D$2:$D$463="Not Available")*('2026-09-13 1159'!$E$2:$E$463<>"No"))) | O13: =IF(SUMPRODUCT(--('2026-09-13 1858'!$A$2:$A$463="400011"))=0,"",SUMPRODUCT(('2026-09-13 1858'!$A$2:$A$463="400011")*('2026-09-13 1858'!$D$2:$D$463="Not Available")*('2026-09-13 1858'!$E$2:$E$463<>"No"))) | P13: =IF(SUMPRODUCT(--('2026-09-14 0851'!$A$2:$A$463="400011"))=0,"",SUMPRODUCT(('2026-09-14 0851'!$A$2:$A$463="400011")*('2026-09-14 0851'!$D$2:$D$463="Not Available")*('2026-09-14 0851'!$E$2:$E$463<>"No")))
A14: 400051 | B14: =IF(SUMPRODUCT(--('2026-09-10 1602'!$A$2:$A$309="400051"))=0,"",SUMPRODUCT(('2026-09-10 1602'!$A$2:$A$309="400051")*('2026-09-10 1602'!$D$2:$D$309="Not Available")*('2026-09-10 1602'!$E$2:$E$309<>"No"))) | C14: =IF(SUMPRODUCT(--('2026-09-10 2149'!$A$2:$A$309="400051"))=0,"",SUMPRODUCT(('2026-09-10 2149'!$A$2:$A$309="400051")*('2026-09-10 2149'!$D$2:$D$309="Not Available")*('2026-09-10 2149'!$E$2:$E$309<>"No"))) | D14: =IF(SUMPRODUCT(--('2026-09-11 1201'!$A$2:$A$309="400051"))=0,"",SUMPRODUCT(('2026-09-11 1201'!$A$2:$A$309="400051")*('2026-09-11 1201'!$D$2:$D$309="Not Available")*('2026-09-11 1201'!$E$2:$E$309<>"No"))) | E14: =IF(SUMPRODUCT(--('2026-09-11 1253'!$A$2:$A$309="400051"))=0,"",SUMPRODUCT(('2026-09-11 1253'!$A$2:$A$309="400051")*('2026-09-11 1253'!$D$2:$D$309="Not Available")*('2026-09-11 1253'!$E$2:$E$309<>"No"))) | F14: =IF(SUMPRODUCT(--('2026-09-12 1252'!$A$2:$A$309="400051"))=0,"",SUMPRODUCT(('2026-09-12 1252'!$A$2:$A$309="400051")*('2026-09-12 1252'!$D$2:$D$309="Not Available")*('2026-09-12 1252'!$E$2:$E$309<>"No"))) | G14: =IF(SUMPRODUCT(--('2026-09-12 1330'!$A$2:$A$155="400051"))=0,"",SUMPRODUCT(('2026-09-12 1330'!$A$2:$A$155="400051")*('2026-09-12 1330'!$D$2:$D$155="Not Available")*('2026-09-12 1330'!$E$2:$E$155<>"No"))) | H14: =IF(SUMPRODUCT(--('2026-09-12 2141'!$A$2:$A$155="400051"))=0,"",SUMPRODUCT(('2026-09-12 2141'!$A$2:$A$155="400051")*('2026-09-12 2141'!$D$2:$D$155="Not Available")*('2026-09-12 2141'!$E$2:$E$155<>"No"))) | I14: =IF(SUMPRODUCT(--('2026-09-12 2158'!$A$2:$A$155="400051"))=0,"",SUMPRODUCT(('2026-09-12 2158'!$A$2:$A$155="400051")*('2026-09-12 2158'!$D$2:$D$155="Not Available")*('2026-09-12 2158'!$E$2:$E$155<>"No"))) | J14: =IF(SUMPRODUCT(--('2026-09-13 0625'!$A$2:$A$155="400051"))=0,"",SUMPRODUCT(('2026-09-13 0625'!$A$2:$A$155="400051")*('2026-09-13 0625'!$D$2:$D$155="Not Available")*('2026-09-13 0625'!$E$2:$E$155<>"No"))) | K14: =IF(SUMPRODUCT(--('2026-09-13 0640'!$A$2:$A$463="400051"))=0,"",SUMPRODUCT(('2026-09-13 0640'!$A$2:$A$463="400051")*('2026-09-13 0640'!$D$2:$D$463="Not Available")*('2026-09-13 0640'!$E$2:$E$463<>"No"))) | L14: =IF(SUMPRODUCT(--('2026-09-13 0759'!$A$2:$A$463="400051"))=0,"",SUMPRODUCT(('2026-09-13 0759'!$A$2:$A$463="400051")*('2026-09-13 0759'!$D$2:$D$463="Not Available")*('2026-09-13 0759'!$E$2:$E$463<>"No"))) | M14: =IF(SUMPRODUCT(--('2026-09-13 0954'!$A$2:$A$463="400051"))=0,"",SUMPRODUCT(('2026-09-13 0954'!$A$2:$A$463="400051")*('2026-09-13 0954'!$D$2:$D$463="Not Available")*('2026-09-13 0954'!$E$2:$E$463<>"No"))) | N14: =IF(SUMPRODUCT(--('2026-09-13 1159'!$A$2:$A$463="400051"))=0,"",SUMPRODUCT(('2026-09-13 1159'!$A$2:$A$463="400051")*('2026-09-13 1159'!$D$2:$D$463="Not Available")*('2026-09-13 1159'!$E$2:$E$463<>"No"))) | O14: =IF(SUMPRODUCT(--('2026-09-13 1858'!$A$2:$A$463="400051"))=0,"",SUMPRODUCT(('2026-09-13 1858'!$A$2:$A$463="400051")*('2026-09-13 1858'!$D$2:$D$463="Not Available")*('2026-09-13 1858'!$E$2:$E$463<>"No"))) | P14: =IF(SUMPRODUCT(--('2026-09-14 0851'!$A$2:$A$463="400051"))=0,"",SUMPRODUCT(('2026-09-14 0851'!$A$2:$A$463="400051")*('2026-09-14 0851'!$D$2:$D$463="Not Available")*('2026-09-14 0851'!$E$2:$E$463<>"No")))
A15: 560037 | B15: =IF(SUMPRODUCT(--('2026-09-10 1602'!$A$2:$A$309="560037"))=0,"",SUMPRODUCT(('2026-09-10 1602'!$A$2:$A$309="560037")*('2026-09-10 1602'!$D$2:$D$309="Not Available")*('2026-09-10 1602'!$E$2:$E$309<>"No"))) | C15: =IF(SUMPRODUCT(--('2026-09-10 2149'!$A$2:$A$309="560037"))=0,"",SUMPRODUCT(('2026-09-10 2149'!$A$2:$A$309="560037")*('2026-09-10 2149'!$D$2:$D$309="Not Available")*('2026-09-10 2149'!$E$2:$E$309<>"No"))) | D15: =IF(SUMPRODUCT(--('2026-09-11 1201'!$A$2:$A$309="560037"))=0,"",SUMPRODUCT(('2026-09-11 1201'!$A$2:$A$309="560037")*('2026-09-11 1201'!$D$2:$D$309="Not Available")*('2026-09-11 1201'!$E$2:$E$309<>"No"))) | E15: =IF(SUMPRODUCT(--('2026-09-11 1253'!$A$2:$A$309="560037"))=0,"",SUMPRODUCT(('2026-09-11 1253'!$A$2:$A$309="560037")*('2026-09-11 1253'!$D$2:$D$309="Not Available")*('2026-09-11 1253'!$E$2:$E$309<>"No"))) | F15: =IF(SUMPRODUCT(--('2026-09-12 1252'!$A$2:$A$309="560037"))=0,"",SUMPRODUCT(('2026-09-12 1252'!$A$2:$A$309="560037")*('2026-09-12 1252'!$D$2:$D$309="Not Available")*('2026-09-12 1252'!$E$2:$E$309<>"No"))) | G15: =IF(SUMPRODUCT(--('2026-09-12 1330'!$A$2:$A$155="560037"))=0,"",SUMPRODUCT(('2026-09-12 1330'!$A$2:$A$155="560037")*('2026-09-12 1330'!$D$2:$D$155="Not Available")*('2026-09-12 1330'!$E$2:$E$155<>"No"))) | H15: =IF(SUMPRODUCT(--('2026-09-12 2141'!$A$2:$A$155="560037"))=0,"",SUMPRODUCT(('2026-09-12 2141'!$A$2:$A$155="560037")*('2026-09-12 2141'!$D$2:$D$155="Not Available")*('2026-09-12 2141'!$E$2:$E$155<>"No"))) | I15: =IF(SUMPRODUCT(--('2026-09-12 2158'!$A$2:$A$155="560037"))=0,"",SUMPRODUCT(('2026-09-12 2158'!$A$2:$A$155="560037")*('2026-09-12 2158'!$D$2:$D$155="Not Available")*('2026-09-12 2158'!$E$2:$E$155<>"No"))) | J15: =IF(SUMPRODUCT(--('2026-09-13 0625'!$A$2:$A$155="560037"))=0,"",SUMPRODUCT(('2026-09-13 0625'!$A$2:$A$155="560037")*('2026-09-13 0625'!$D$2:$D$155="Not Available")*('2026-09-13 0625'!$E$2:$E$155<>"No"))) | K15: =IF(SUMPRODUCT(--('2026-09-13 0640'!$A$2:$A$463="560037"))=0,"",SUMPRODUCT(('2026-09-13 0640'!$A$2:$A$463="560037")*('2026-09-13 0640'!$D$2:$D$463="Not Available")*('2026-09-13 0640'!$E$2:$E$463<>"No"))) | L15: =IF(SUMPRODUCT(--('2026-09-13 0759'!$A$2:$A$463="560037"))=0,"",SUMPRODUCT(('2026-09-13 0759'!$A$2:$A$463="560037")*('2026-09-13 0759'!$D$2:$D$463="Not Available")*('2026-09-13 0759'!$E$2:$E$463<>"No"))) | M15: =IF(SUMPRODUCT(--('2026-09-13 0954'!$A$2:$A$463="560037"))=0,"",SUMPRODUCT(('2026-09-13 0954'!$A$2:$A$463="560037")*('2026-09-13 0954'!$D$2:$D$463="Not Available")*('2026-09-13 0954'!$E$2:$E$463<>"No"))) | N15: =IF(SUMPRODUCT(--('2026-09-13 1159'!$A$2:$A$463="560037"))=0,"",SUMPRODUCT(('2026-09-13 1159'!$A$2:$A$463="560037")*('2026-09-13 1159'!$D$2:$D$463="Not Available")*('2026-09-13 1159'!$E$2:$E$463<>"No"))) | O15: =IF(SUMPRODUCT(--('2026-09-13 1858'!$A$2:$A$463="560037"))=0,"",SUMPRODUCT(('2026-09-13 1858'!$A$2:$A$463="560037")*('2026-09-13 1858'!$D$2:$D$463="Not Available")*('2026-09-13 1858'!$E$2:$E$463<>"No"))) | P15: =IF(SUMPRODUCT(--('2026-09-14 0851'!$A$2:$A$463="560037"))=0,"",SUMPRODUCT(('2026-09-14 0851'!$A$2:$A$463="560037")*('2026-09-14 0851'!$D$2:$D$463="Not Available")*('2026-09-14 0851'!$E$2:$E$463<>"No")))
A16: All pincodes | B16: =SUMPRODUCT(('2026-09-10 1602'!$D$2:$D$309="Not Available")*('2026-09-10 1602'!$E$2:$E$309<>"No")) | C16: =SUMPRODUCT(('2026-09-10 2149'!$D$2:$D$309="Not Available")*('2026-09-10 2149'!$E$2:$E$309<>"No")) | D16: =SUMPRODUCT(('2026-09-11 1201'!$D$2:$D$309="Not Available")*('2026-09-11 1201'!$E$2:$E$309<>"No")) | E16: =SUMPRODUCT(('2026-09-11 1253'!$D$2:$D$309="Not Available")*('2026-09-11 1253'!$E$2:$E$309<>"No")) | F16: =SUMPRODUCT(('2026-09-12 1252'!$D$2:$D$309="Not Available")*('2026-09-12 1252'!$E$2:$E$309<>"No")) | G16: =SUMPRODUCT(('2026-09-12 1330'!$D$2:$D$155="Not Available")*('2026-09-12 1330'!$E$2:$E$155<>"No")) | H16: =SUMPRODUCT(('2026-09-12 2141'!$D$2:$D$155="Not Available")*('2026-09-12 2141'!$E$2:$E$155<>"No")) | I16: =SUMPRODUCT(('2026-09-12 2158'!$D$2:$D$155="Not Available")*('2026-09-12 2158'!$E$2:$E$155<>"No")) | J16: =SUMPRODUCT(('2026-09-13 0625'!$D$2:$D$155="Not Available")*('2026-09-13 0625'!$E$2:$E$155<>"No")) | K16: =SUMPRODUCT(('2026-09-13 0640'!$D$2:$D$463="Not Available")*('2026-09-13 0640'!$E$2:$E$463<>"No")) | L16: =SUMPRODUCT(('2026-09-13 0759'!$D$2:$D$463="Not Available")*('2026-09-13 0759'!$E$2:$E$463<>"No")) | M16: =SUMPRODUCT(('2026-09-13 0954'!$D$2:$D$463="Not Available")*('2026-09-13 0954'!$E$2:$E$463<>"No")) | N16: =SUMPRODUCT(('2026-09-13 1159'!$D$2:$D$463="Not Available")*('2026-09-13 1159'!$E$2:$E$463<>"No")) | O16: =SUMPRODUCT(('2026-09-13 1858'!$D$2:$D$463="Not Available")*('2026-09-13 1858'!$E$2:$E$463<>"No")) | P16: =SUMPRODUCT(('2026-09-14 0851'!$D$2:$D$463="Not Available")*('2026-09-14 0851'!$E$2:$E$463<>"No"))

Sheet 2026-09-10 1602
A1: Pincode | B1: Item | C1: ProductName | D1: is_out_of_stock | E1: Serviceable | F1: Quantity | G1: Base_Final quantity | H1: Base_Final unit | I1: Segment | J1: Grocery | K1: National / PL | L1: Product_Link | M1: Backup_Links | N1: Price | O1: MRP | P1: ZeptoSaverPrice | Q1: Weight | R1: Store_ID | S1: Final_Qty | T1: Final_unit | U1: Pincode_Used | V1: Used_Link | W1: Captured_At
A2: 400051 | B2: Aashirvaad Select | Pure MP Sharbati Wheat Atta for Soft Makhmali Rotis | C2: Aashirvaad Select | D2: In Stock | F2: 5 kg | G2: 5000 | H2: g | I2: Atta, Rice & Dal | J2: Atta | L2: https://www.zepto.com/pn/aashirvaad-select-pure-mp-sharbati-wheat-atta-for-soft-makhmali-rotis/pvid/2e1f7fe5-2d09-4282-81c7-b4eaf6b1d86d | N2: 307 | O2: 384 | Q2: 1 pack (5 kg) | R2: 48328608-7aaf-4857-b869-dae167d5f320 | S2: 5000 | T2: g | U2: 400051 | V2: https://www.zepto.com/pn/aashirvaad-select-pure-mp-sharbati-wheat-atta-for-soft-makhmali-rotis/pvid/2e1f7fe5-2d09-4282-81c7-b4eaf6b1d86d | W2: 2026-09-10 16:03:33
A3: 400051 | B3: Fortune Chakki Fresh Atta | C3: Fortune Chakki Fresh Atta | D3: Out of Stock | F3: 5 kg | G3: 5000 | H3: g | I3: Atta, Rice & Dal | J3: Atta | L3: https://www.zepto.com/pn/fortune-chakki-fresh-atta/pvid/14a11cfe-fd72-4901-bf2e-22bc0aba21c0 | N3: 220 | O3: 277 | Q3: 1 pack (5 kg) | R3: 48328608-7aaf-4857-b869-dae167d5f320 | S3: 5000 | T3: g | U3: 400051 | V3: https://www.zepto.com/pn/fortune-chakki-fresh-atta/pvid/14a11cfe-fd72-4901-bf2e-22bc0aba21c0 | W3: 2026-09-10 16:03:42
A4: 400051 | B4: Fortune 100% Chana Dal Besan | C4: Fortune Besan | D4: In Stock | F4: 1 kg | G4: 1000 | H4: g | I4: Atta, Rice & Dal | J4: Besan, Sooji & Maida | L4: https://www.zepto.com/pn/fortune-besan/pvid/1a091cc5-bcde-4ba9-aa49-c81cf27efa72 | N4: 118 | O4: 169 | Q4: 1 pack (1 kg) | R4: 48328608-7aaf-4857-b869-dae167d5f320 | S4: 1000 | T4: g | U4: 400051 | V4: https://www.zepto.com/pn/fortune-besan/pvid/1a091cc5-bcde-4ba9-aa49-c81cf27efa72 | W4: 2026-09-10 16:03:50
A5: 400051 | B5: Rajdhani Sooji/Rava | C5: Rajdhani Premium Sooji | D5: In Stock | F5: 1 kg | G5: 1000 | H5: g | I5: Atta, Rice & Dal | J5: Besan, Sooji & Maida | L5: https://www.zepto.com/pn/rajdhani-premium-sooji/pvid/3d19b418-0df7-4dce-ae3a-a642ab84c1e0 | N5: 84 | O5: 98 | Q5: 1 pack (1 kg) | R5: 48328608-7aaf-4857-b869-dae167d5f320 | S5: 1000 | T5: g | U5: 400051 | V5: https://www.zepto.com/pn/rajdhani-premium-sooji/pvid/3d19b418-0df7-4dce-ae3a-a642ab84c1e0 | W5: 2026-09-10 16:03:59
A6: 400051 | B6: Tata Sampann Unpolished Masoor Dal | C6: Tata Sampann Masoor Dal - Split | D6: In Stock | F6: 500 g | G6: 500 | H6: g | I6: Atta, Rice & Dal | J6: Moong & Masoor | L6: https://www.zepto.com/pn/tata-sampann-masoor-dal-split/pvid/216e3985-3ce7-4849-9990-cd3a98196f04 | N6: 81 | O6: 87 | Q6: 1 pack (500 g) | R6: 48328608-7aaf-4857-b869-dae167d5f320 | S6: 500 | T6: g | U6: 400051 | V6: https://www.zepto.com/pn/tata-sampann-masoor-dal-split/pvid/216e3985-3ce7-4849-9990-cd3a98196f04 | W6: 2026-09-10 16:04:08
A7: 400051 | B7: Tata Sampann Unpolished Organic Moong Sabut | C7: Tata Sampann Organic Unpolished Moong Dal | D7: In Stock | F7: 1 kg | G7: 1000 | H7: g | I7: Atta, Rice & Dal | J7: Moong & Masoor | L7: https://www.zepto.com/pn/tata-sampann-organic-unpolished-moong-dal/pvid/770af74d-f995-46af-9a5a-f2e282371016 | N7: 242 | O7: 270 | Q7: 1 pack (1 kg) | R7: 48328608-7aaf-4857-b869-dae167d5f320 | S7: 1000 | T7: g | U7: 400051 | V7: https://www.zepto.com/pn/tata-sampann-organic-unpolished-moong-dal/pvid/770af74d-f995-46af-9a5a-f2e282371016 | W7: 2026-09-10 16:04:16
A8: 400051 | B8: Nutrela Soya Mini Chunks | C8: Nutrela Mini Soya Chunks | D8: Out of Stock | F8: 200 g | G8: 200 | H8: g | I8: Atta, Rice & Dal | J8: Rajma, Chhole & Others | L8: https://www.zepto.com/pn/nutrela-mini-soya-chunks/pvid/eacffa26-2c0e-4931-8f26-29faa228472f | N8: 50 | O8: 55 | Q8: 1 pack (200 g) | R8: 48328608-7aaf-4857-b869-dae167d5f320 | S8: 200 | T8: g | U8: 400051 | V8: https://www.zepto.com/pn/nutrela-mini-soya-chunks/pvid/eacffa26-2c0e-4931-8f26-29faa228472f | W8: 2026-09-10 16:04:25
A9: 400051 | B9: Tata Sampann Unpolished Kabuli Chana (Big Size) | C9: Tata Sampann Unpolished Kabuli Chana | D9: Out of Stock | F9: 500 g | G9: 500 | H9: g | I9: Atta, Rice & Dal | J9: Rajma, Chhole & Others | L9: https://www.zepto.com/pn/tata-sampann-unpolished-kabuli-chana-medium-size/pvid/ea6f2d5d-4f9d-4323-9513-09b1b8029e12 | N9: 145 | O9: 168 | Q9: 1 pack (1 kg) | R9: 48328608-7aaf-4857-b869-dae167d5f320 | S9: 1000 | T9: g | U9: 400051 | V9: https://www.zepto.com/pn/tata-sampann-unpolished-kabuli-chana-medium-size/pvid/ea6f2d5d-4f9d-4323-9513-09b1b8029e12 | W9: 2026-09-10 16:04:32
A10: 400051 | B10: Tata Sampann Unpolished Rajma | C10: Tata Sampann Unpolished Rajma | D10: In Stock | F10: 500 g | G10: 500 | H10: g | I10: Atta, Rice & Dal | J10: Rajma, Chhole & Others | L10: https://www.zepto.com/pn/tata-sampann-unpolished-rajma-chitra/pvid/2e047530-c785-4480-ad13-80874d0a0a02 | N10: 90 | O10: 108 | Q10: 1 pack (500 g) | R10: 48328608-7aaf-4857-b869-dae167d5f320 | S10: 500 | T10: g | U10: 400051 | V10: https://www.zepto.com/pn/tata-sampann-unpolished-rajma-chitra/pvid/2e047530-c785-4480-ad13-80874d0a0a02 | W10: 2026-09-10 16:04:41
A11: 400051 | B11: Daawat Super Basmati Rice (Long Grain) | C11: Daawat Super Pure Basmati Rice | D11: In Stock | F11: 5 kg | G11: 5000 | H11: g | I11: Atta, Rice & Dal | J11: Rice | L11: https://www.zepto.com/pn/daawat-super-basmati-rice-long-grain/pvid/2da2dcca-ab8e-4e00-afbc-7dd0652fcaca | N11: 832 | O11: 995 | Q11: 1 pack (5 kg) | R11: 48328608-7aaf-4857-b869-dae167d5f320 | S11: 5000 | T11: g | U11: 400051 | V11: https://www.zepto.com/pn/daawat-super-basmati-rice-long-grain/pvid/2da2dcca-ab8e-4e00-afbc-7dd0652fcaca | W11: 2026-09-10 16:04:50
A12: 400051 | B12: India Gate Daily Premium Basmati Rice (Long Grain) | C12: India Gate Flavourful and Fine Daily Premium Basmati Rice | Long and Slender Grains | D12: In Stock | F12: 5 kg | G12: 5000 | H12: g | I12: Atta, Rice & Dal | J12: Rice | L12: https://www.zepto.com/pn/india-gate-flavourful-and-fine-daily-premium-basmati-rice-long-and-slender-grains/pvid/82afa262-7f22-4fa4-b73b-8476d0cf5e6c | N12: 528 | O12: 680 | Q12: 1 pack (5 kg) | R12: 48328608-7aaf-4857-b869-dae167d5f320 | S12: 5000 | T12: g | U12: 400051 | V12: https://www.zepto.com/pn/india-gate-flavourful-and-fine-daily-premium-basmati-rice-long-and-slender-grains/pvid/82afa262-7f22-4fa4-b73b-8476d0cf5e6c | W12: 2026-09-10 16:04:59
A13: 400051 | B13: Tata Sampann Unpolished Chana Dal | C13: Tata Sampann Unpolished Chana Dal | D13: Out of Stock | F13: 500 g | G13: 500 | H13: g | I13: Atta, Rice & Dal | J13: Toor, Urad & Chana | L13: https://www.zepto.com/pn/tata-sampann-unpolished-chana-dal/pvid/2aa43aa2-14b5-45ee-b2c4-502193df52c3 | N13: 70 | O13: 81 | Q13: 1 pack (500 g) | R13: 48328608-7aaf-4857-b869-dae167d5f320 | S13: 500 | T13: g | U13: 400051 | V13: https://www.zepto.com/pn/tata-sampann-unpolished-chana-dal/pvid/2aa43aa2-14b5-45ee-b2c4-502193df52c3 | W13: 2026-09-10 16:05:07
... A15: 400051 | B15: Nestle Cerelac Wheat Apple Baby Cereal (6 - 24 Months) | C15: Nestle CERELAC Wheat Apple Baby Food Cereal, No Preservatives, 6 to 24 Months Baby | D15: In Stock | F15: 350 g | G15: 350 | H15: g | I15: Baby Care | J15: Baby Food | L15: https://www.zepto.com/pn/nestle-cerelac-wheat-apple-baby-food-cereal-no-preservatives-6-to-24-months-baby/pvid/eceafd23-1aaa-489f-aea6-f33d59ff8f1e | N15: 280 | O15: 280 | Q15: 1 pack (350 g) | R15: 48328608-7aaf-4857-b869-dae167d5f320 | S15: 350 | T15: g | U15: 400051 | V15: https://www.zepto.com/pn/nestle-cerelac-wheat-apple-baby-food-cereal-no-preservatives-6-to-24-months-baby/pvid/eceafd23-1aaa-489f-aea6-f33d59ff8f1e | W15: 2026-09-10 16:05:23
A16: 400051 | B16: Himalaya Gentle Baby Wipes | C16: Himalaya Gentle Baby Wipes | D16: Out of Stock | F16: 2 x 72 wipes | G16: 144 | H16: pcs | I16: Baby Care | J16: Baby Wipes | L16: https://www.zepto.com/pn/himalaya-gentle-baby-wipes/pvid/f4b0a5d7-49e0-471b-bc93-72131ebfe0dc | N16: 258 | O16: 280 | Q16: 72pcs | R16: 48328608-7aaf-4857-b869-dae167d5f320 | U16: 400051 | V16: https://www.zepto.com/pn/himalaya-gentle-baby-wipes/pvid/f4b0a5d7-49e0-471b-bc93-72131ebfe0dc | W16: 2026-09-10 16:05:31
A17: 400051 | B17: Johnson's Baby Soap | C17: Johnson Baby Soap Blossoms | D17: In Stock | F17: 3 pcs | G17: 3 | H17: pcs | I17: Baby Care | J17: Bathing Needs | L17: https://www.zepto.com/pn/johnson-baby-soap-blossoms/pvid/1aa108a6-25c8-4ec0-8c99-91e9e0bb1548 | N17: 72 | O17: 75 | Q17: 1 pc (75 g) | R17: 48328608-7aaf-4857-b869-dae167d5f320 | S17: 75 | T17: g | U17: 400051 | V17: https://www.zepto.com/pn/johnson-baby-soap-blossoms/pvid/1aa108a6-25c8-4ec0-8c99-91e9e0bb1548 | W17: 2026-09-10 16:05:40
A18: 400051 | B18: Pampers Happy Sleep Pant Style Baby Diaper (M) | C18: Pampers Premium Care Pants M 20 | D18: Out of Stock | F18: 48 pcs | G18: 48 | H18: pcs | I18: Baby Care | J18: Diapers & More | L18: https://www.zepto.com/pn/pampers-premium-care-pants-m-20-no-marks-design-indias-softest-diaper/pvid/c24ab2ac-660d-4e8a-89a5-4519cb1e7942 | N18: 320 | O18: 350 | Q18: 20pcs | R18: 48328608-7aaf-4857-b869-dae167d5f320 | U18: 400051 | V18: https://www.zepto.com/pn/pampers-premium-care-pants-m-20-no-marks-design-indias-softest-diaper/pvid/c24ab2ac-660d-4e8a-89a5-4519cb1e7942 | W18: 2026-09-10 16:05:49
A19: 400051 | B19: Johnson's Baby Lotion | C19: Johnson's Baby Lotion | D19: In Stock | F19: 200 ml | G19: 200 | H19: ml | I19: Baby Care | J19: Skin & Hair Care | L19: https://www.zepto.com/pn/johnsons-baby-lotion/pvid/2c157578-52ac-4ac6-84c0-d24747d8c894 | N19: 202 | O19: 230 | Q19: 1 pc (200 ml) | R19: 48328608-7aaf-4857-b869-dae167d5f320 | S19: 200 | T19: ml | U19: 400051 | V19: https://www.zepto.com/pn/johnsons-baby-lotion/pvid/2c157578-52ac-4ac6-84c0-d24747d8c894 | W19: 2026-09-10 16:05:57
A20: 400051 | B20: Weikfield Double Action Baking Powder | C20: Weikfield Baking Powder Jar | D20: In Stock | F20: 100 g | G20: 100 | H20: g | I20: Bakery & Biscuits | J20: Baking Ingredients | L20: https://www.zepto.com/pn/weikfield-baking-powder-jar-double-acting/pvid/d0d7ef4e-617d-4029-8d60-82e490c2ac6e | N20: 39 | O20: 40 | Q20: 1 pc (100 g) | R20: 48328608-7aaf-4857-b869-dae167d5f320 | S20: 100 | T20: g | U20: 400051 | V20: https://www.zepto.com/pn/weikfield-baking-powder-jar-double-acting/pvid/d0d7ef4e-617d-4029-8d60-82e490c2ac6e | W20: 2026-09-10 16:06:05
A21: 400051 | B21: Lotte Choco Pie | C21: Lotte Choco Pie | D21: In Stock | F21: 168 g | G21: 168 | H21: g | I21: Bakery & Biscuits | J21: Cakes & Rolls | L21: https://www.zepto.com/pn/lotte-choco-pie-soft-cake-snack/pvid/6e6d41b4-c7c4-4cf4-929c-491aec13a436 | N21: 88 | O21: 99 | Q21: 1 pack (168 g) | R21: 48328608-7aaf-4857-b869-dae167d5f320 | S21: 168 | T21: g | U21: 400051 | V21: https://www.zepto.com/pn/lotte-choco-pie-soft-cake-snack/pvid/6e6d41b4-c7c4-4cf4-929c-491aec13a436 | W21: 2026-09-10 16:06:14
A22: 400051 | B22: Britannia Original Bourbon Creme Biscuit | C22: Britannia The Original Bourbon | D22: In Stock | F22: 150 g | G22: 150 | H22: g | I22: Bakery & Biscuits | J22: Cookies | L22: https://www.zepto.com/pn/britannia-the-original-bourbon-creme-biscuit-with-chocolate-chocolatey-indulgence-in-every-layer/pvid/18cfaa3d-559e-487d-b1c4-33d200c4f757 | N22: 31 | O22: 40 | Q22: 1 pack (160 g) | R22: 48328608-7aaf-4857-b869-dae167d5f320 | S22: 160 | T22: g | U22: 400051 | V22: https://www.zepto.com/pn/britannia-the-original-bourbon-creme-biscuit-with-chocolate-chocolatey-indulgence-in-every-layer/pvid/18cfaa3d-559e-487d-b1c4-33d200c4f757 | W22: 2026-09-10 16:06:22
A23: 400051 | B23: Britannia Good Day Cashew Biscuit | C23: Britannia Good Day Cashew Cookies | D23: In Stock | F23: 200 g | G23: 200 | H23: g | I23: Bakery & Biscuits | J23: Cookies | L23: https://www.zepto.com/pn/britannia-good-day-cashew-cookies-trans-fat-free/pvid/aab332df-fbc5-48a0-b289-e3b223661b5c | N23: 44 | O23: 45 | Q23: 1 pack (200 g) | R23: 48328608-7aaf-4857-b869-dae167d5f320 | S23: 200 | T23: g | U23: 400051 | V23: https://www.zepto.com/pn/britannia-good-day-cashew-cookies-trans-fat-free/pvid/aab332df-fbc5-48a0-b289-e3b223661b5c | W23: 2026-09-10 16:06:30
A24: 400051 | B24: Malkist Cheese Flavoured Cracker Biscuit - Family Pack | C24: Malkist Cheese Crunchy Layered Crackers | D24: In Stock | F24: 144 g | G24: 144 | H24: g | I24: Bakery & Biscuits | J24: Cream Biscuits | L24: https://www.zepto.com/pn/malkist-cheese-crunchy-layered-crackers/pvid/ff124783-3c69-427e-8e35-510a857135b7 | N24: 57 | O24: 60 | Q24: 1 pack (144 g or 150 g) | R24: 48328608-7aaf-4857-b869-dae167d5f320 | S24: 144 | T24: g | U24: 400051 | V24: https://www.zepto.com/pn/malkist-cheese-crunchy-layered-crackers/pvid/ff124783-3c69-427e-8e35-510a857135b7 | W24: 2026-09-10 16:06:39
A25: 400051 | B25: Britannia Marie Gold Marie Biscuits (208 g) | C25: Britannia Vita Marie Gold Biscuits | D25: In Stock | F25: 208 g | G25: 208 | H25: g | I25: Bakery & Biscuits | J25: Glucose & Marie | L25: https://www.zepto.com/pn/britannia-vita-marie-gold-biscuits-trans-fat-free/pvid/51ffd532-68d7-4620-993d-c0ea1d01dfc5 | N25: 38 | O25: 45 | Q25: 1 pack (248 g) | R25: 48328608-7aaf-4857-b869-dae167d5f320 | S25: 248 | T25: g | U25: 400051 | V25: https://www.zepto.com/pn/britannia-vita-marie-gold-biscuits-trans-fat-free/pvid/51ffd532-68d7-4620-993d-c0ea1d01dfc5 | W25: 2026-09-10 16:06:47
A26: 400051 | B26: Britannia NutriChoice Digestive High Fibre Biscuit - 250 g Family Pack | C26: Britannia Nutrichoice High-Fibre Digestive Biscuits | D26: In Stock | F26: 250 g | G26: 250 | H26: g | I26: Bakery & Biscuits | J26: Healthy & Digestive | L26: https://www.zepto.com/pn/britannia-nutrichoice-high-fibre-digestive-biscuits/pvid/f586520f-750a-4593-998f-6cbf0ba8a9a2 | N26: 24 | O26: 25 | Q26: 1 pack (91.7 g or 100 g) | R26: 48328608-7aaf-4857-b869-dae167d5f320 | S26: 91.7 | T26: g | U26: 400051 | V26: https://www.zepto.com/pn/britannia-nutrichoice-high-fibre-digestive-biscuits/pvid/f586520f-750a-4593-998f-6cbf0ba8a9a2 | W26: 2026-09-10 16:06:55
A27: 400051 | B27: McVitie's Digestive High Fibre Biscuit | C27: Mcvitie's Digestive High Fibre Biscuits With Goodness Of Wholewheat,Super Saver Family Pack | D27: In Stock | F27: 959.1 g | G27: 959.1 | H27: g | I27: Bakery & Biscuits | J27: Healthy & Digestive | L27: https://www.zepto.com/pn/mcvities-digestive-high-fibre-biscuits-with-goodness-of-wholewheatsuper-saver-family-pack/pvid/b004a8a7-269a-4d4a-91bc-046ff039d3e8 | N27: 130 | O27: 220 | Q27: 1 pack (959.1 g) | R27: 48328608-7aaf-4857-b869-dae167d5f320 | S27: 959.1 | T27: g | U27: 400051 | V27: https://www.zepto.com/pn/mcvities-digestive-high-fibre-biscuits-with-goodness-of-wholewheatsuper-saver-family-pack/pvid/b004a8a7-269a-4d4a-91bc-046ff039d3e8 | W27: 2026-09-10 16:07:09
A28: 400051 | B28: Nivea Nourishing Body Lotion | C28: NIVEA Nourishing Body Lotion Body Milk | D28: In Stock | F28: 600 ml | G28: 600 | H28: ml | I28: Beauty & Cosmetics | J28: Body & Skin Care | L28: https://www.zepto.com/pn/nivea-nourishing-body-lotion-body-milk48-h-moisturization2x-almond-oilfor-very-dry-skin/pvid/beb074f2-5177-4d23-bcf6-2809bebf7e3e | N28: 322 | O28: 550 | Q28: 1 pc (400 ml) | R28: 48328608-7aaf-4857-b869-dae167d5f320 | S28: 400 | T28: ml | U28: 400051 | V28: https://www.zepto.com/pn/nivea-nourishing-body-lotion-body-milk48-h-moisturization2x-almond-oilfor-very-dry-skin/pvid/beb074f2-5177-4d23-bcf6-2809bebf7e3e | W28: 2026-09-10 16:07:19
A29: 400051 | B29: Maybelline New York Colossal Kajal (Deep Black) | C29: Maybelline New York The Colossal Kajal, Smudgeproof &amp; Waterproof Lasts Up To 24H - Deep Black | D29: In Stock | F29: 0.35 g | G29: 0.35 | H29: g | I29: Beauty & Cosmetics | J29: Eye Makeup | L29: https://www.zepto.com/pn/maybelline-new-york-the-colossal-kajal-smudgeproof-waterproof-lasts-up-to-24h-deep-black/pvid/7a27d6ad-6398-43b7-bc6e-36487651a732 | N29: 173 | O29: 220 | Q29: 1 pc (0.35 g) | R29: 48328608-7aaf-4857-b869-dae167d5f320 | S29: 0.35 | T29: g | U29: 400051 | V29: https://www.zepto.com/pn/maybelline-new-york-the-colossal-kajal-smudgeproof-waterproof-lasts-up-to-24h-deep-black/pvid/7a27d6ad-6398-43b7-bc6e-36487651a732 | W29: 2026-09-10 16:07:28
A30: 400051 | B30: Pond's Bright Beauty Serum Skin Treatment Cream 34 g | C30: Pond's Bright Beauty Anti-Spot Serum Cream With Niacinamide And SPF 15 PA++ | D30: In Stock | F30: 35 g | G30: 35 | H30: g | I30: Beauty & Cosmetics | J30: Face Care | L30: https://www.zepto.com/pn/ponds-bright-beauty-anti-spot-serum-cream-with-niacinamide-and-spf-15-pa/pvid/5554b8fd-d11e-4637-a134-d4da7f091c88 | N30: 298 | O30: 359 | Q30: 1 pc (50 g) | R30: 48328608-7aaf-4857-b869-dae167d5f320 | S30: 50 | T30: g | U30: 400051 | V30: https://www.zepto.com/pn/ponds-bright-beauty-anti-spot-serum-cream-with-niacinamide-and-spf-15-pa/pvid/5554b8fd-d11e-4637-a134-d4da7f091c88 | W30: 2026-09-10 16:07:36
... A37: 400051 | B37: Surf Excel Easy Wash Detergent Powder | C37: Surf Excel Easy Wash Detergent Powder | D37: In Stock | F37: 1 kg | G37: 1000 | H37: g | I37: Cleaning Essentials | J37: Detergent Powder & Bars | L37: https://www.zepto.com/pn/surf-excel-easy-wash-detergent-powder/pvid/05167024-5986-44c6-af23-9011d9738402 | N37: 161 | O37: 167 | Q37: 1 pack (1 kg) | R37: 74aa405e-238e-4103-abb3-096bd7e6f553 | S37: 1000 | T37: g | U37: 400051 | V37: https://www.zepto.com/pn/surf-excel-easy-wash-detergent-powder/pvid/05167024-5986-44c6-af23-9011d9738402 | W37: 2026-09-10 16:08:39
A38: 400051 | B38: Scotch Brite Scrub Pad | C38: Scotch Brite Scrub Pad (Pack of 5) | D38: Out of Stock | F38: 5 pcs | G38: 5 | H38: pcs | I38: Cleaning Essentials | J38: Dishwashing Accessories | L38: https://www.zepto.com/pn/scotch-brite-scrub-pad-pack-of-5/pvid/4d2944bd-38ef-4482-8843-4a86e9009683 | N38: 75 | O38: 90 | Q38: 1 pack (5 pcs) | R38: 74aa405e-238e-4103-abb3-096bd7e6f553 | U38: 400051 | V38: https://www.zepto.com/pn/scotch-brite-scrub-pad-pack-of-5/pvid/4d2944bd-38ef-4482-8843-4a86e9009683 | W38: 2026-09-10 16:08:47
A39: 400051 | B39: Vim Lemon Dishwash Bar (300 g) | C39: Vim Lemon Dishwash Bar | D39: In Stock | F39: 300 g | G39: 300 | H39: g | I39: Cleaning Essentials | J39: Dishwashing Bars & Tubs | L39: https://www.zepto.com/pn/vim-lemon-dishwash-bar/pvid/28eeaa3f-f739-45fd-b797-e138fd64fc62 | N39: 55 | O39: 55 | Q39: 1 pc (480 g) | R39: 74aa405e-238e-4103-abb3-096bd7e6f553 | S39: 480 | T39: g | U39: 400051 | V39: https://www.zepto.com/pn/vim-lemon-dishwash-bar/pvid/28eeaa3f-f739-45fd-b797-e138fd64fc62 | W39: 2026-09-10 16:08:56
A40: 400051 | B40: Vim Lemon Dishwash Gel | C40: Vim Lemon Dishwash Liquid Gel | D40: In Stock | F40: 750 ml | G40: 750 | H40: ml | I40: Cleaning Essentials | J40: Dishwashing Gels & Tablets | L40: https://www.zepto.com/pn/vim-lemon-dishwash-liquid-gel/pvid/ff2f7925-64d6-4fd5-8fe8-c093de4c6488 | N40: 139 | O40: 140 | Q40: 1 pc (500 ml) | R40: 74aa405e-238e-4103-abb3-096bd7e6f553 | S40: 500 | T40: ml | U40: 400051 | V40: https://www.zepto.com/pn/vim-lemon-dishwash-liquid-gel/pvid/ff2f7925-64d6-4fd5-8fe8-c093de4c6488 | W40: 2026-09-10 16:09:04
A41: 400051 | B41: Comfort After Wash Fabric Conditioner (Lily Fresh) | C41: Comfort Morning Fresh After Wash Fabric Conditioner | D41: Out of Stock | F41: 860 ml | G41: 860 | H41: ml | I41: Cleaning Essentials | J41: Fabric Conditioner & Additives | L41: https://www.zepto.com/pn/comfort-morning-fresh-after-wash-fabric-conditioner/pvid/7d9316fc-60ec-4b2f-93c0-e95af778c2e7 | N41: 188 | O41: 245 | Q41: 1 pc (860 ml) | R41: 74aa405e-238e-4103-abb3-096bd7e6f553 | S41: 860 | T41: ml | U41: 400051 | V41: https://www.zepto.com/pn/comfort-morning-fresh-after-wash-fabric-conditioner/pvid/7d9316fc-60ec-4b2f-93c0-e95af778c2e7 | W41: 2026-09-10 16:09:12
A42: 400051 | B42: Lizol Disinfectant Surface & Floor Cleaner (Citrus) 2 l | C42: Lizol Citrus Floor Cleaner Liquid | D42: In Stock | F42: 2 ltr | G42: 2000 | H42: ml | I42: Cleaning Essentials | J42: Floor & Surface Cleaners | L42: https://www.zepto.com/pn/lizol-citrus-floor-cleaner-liquid/pvid/1c17d5d5-f472-4e57-8e76-a49225ef107c | N42: 155 | O42: 169 | Q42: 1 pack (625 ml) | R42: 74aa405e-238e-4103-abb3-096bd7e6f553 | S42: 625 | T42: ml | U42: 400051 | V42: https://www.zepto.com/pn/lizol-citrus-floor-cleaner-liquid/pvid/1c17d5d5-f472-4e57-8e76-a49225ef107c | W42: 2026-09-10 16:09:21
A43: 400051 | B43: Surf Excel Matic Top Load Liquid Detergent | C43: Surf Excel Matic Liquid Detergent for Top Load | D43: In Stock | F43: 1 kg | G43: 1000 | H43: g | I43: Cleaning Essentials | J43: Liquid Detergents | L43: https://www.zepto.com/pn/surf-excel-matic-top-load-detergent-liquid-refill-tough-dried-stain-removal/pvid/fec05601-e917-47c0-954e-0db9b9851924 | N43: 321 | O43: 355 | Q43: 1 pack (2 kg) | R43: 74aa405e-238e-4103-abb3-096bd7e6f553 | S43: 2000 | T43: g | U43: 400051 | V43: https://www.zepto.com/pn/surf-excel-matic-top-load-detergent-liquid-refill-tough-dried-stain-removal/pvid/fec05601-e917-47c0-954e-0db9b9851924 | W43: 2026-09-10 16:09:29
A44: 400051 | B44: Harpic Disinfectant Liquid Toilet Cleaner - (Original) | C44: Harpic Marine Toilet Cleaner Liquid | D44: In Stock | F44: 1 ltr | G44: 1000 | H44: ml | I44: Cleaning Essentials | J44: Toilet & Bathroom Cleaners | L44: https://www.zepto.com/pn/harpic-marine-toilet-cleaner-liquid/pvid/cb28438a-f793-40fc-a994-c8b2438205c4 | N44: 229 | O44: 249 | Q44: 1 pc (1 L) | R44: 74aa405e-238e-4103-abb3-096bd7e6f553 | S44: 1000 | T44: ml | U44: 400051 | V44: https://www.zepto.com/pn/harpic-marine-toilet-cleaner-liquid/pvid/cb28438a-f793-40fc-a994-c8b2438205c4 | W44: 2026-09-10 16:09:38
A45: 400051 | B45: Storia Tender Concentrate Coconut Water - No Added Sugar | C45: Storia Tender Coconut Water | D45: In Stock | F45: 1 ltr | G45: 1000 | H45: ml | I45: Cold Drinks & Juices | J45: Coconut Water | L45: https://www.zepto.com/pn/storia-tender-coconut-water/pvid/7f630712-149f-46c9-b52f-4b2c09e3d27d | N45: 98 | O45: 178 | Q45: 1 pc (1 L ) | R45: 74aa405e-238e-4103-abb3-096bd7e6f553 | S45: 1000 | T45: ml | U45: 400051 | V45: https://www.zepto.com/pn/storia-tender-coconut-water/pvid/7f630712-149f-46c9-b52f-4b2c09e3d27d | W45: 2026-09-10 16:09:46
A46: 400051 | B46: Lipton Lemon Iced Tea | C46: Nestea Lemon Iced Tea Premix | D46: In Stock | F46: 350 ml | G46: 350 | H46: ml | I46: Cold Drinks & Juices | J46: Cold Coffee & Ice Tea | L46: https://www.zepto.com/pn/nestea-lemon-iced-tea-premix/pvid/7f8ee41e-37c9-4a2a-88f1-1d6656efa7ec | N46: 197 | O46: 220 | Q46: 1 pack (400 g) | R46: 74aa405e-238e-4103-abb3-096bd7e6f553 | S46: 400 | T46: g | U46: 400051 | V46: https://www.zepto.com/pn/nestea-lemon-iced-tea-premix/pvid/7f8ee41e-37c9-4a2a-88f1-1d6656efa7ec | W46: 2026-09-10 16:09:54
A47: 400051 | B47: Nescafe Ready to Drink Cold Coffee, Iced Latte | C47: Nescafe Ready to Drink Cold Coffee| Iced Latte | D47: In Stock | F47: 180 ml | G47: 180 | H47: ml | I47: Cold Drinks & Juices | J47: Cold Coffee & Ice Tea | L47: https://www.zepto.com/pn/nescafe-ready-to-drink-coffee-flavoured-milk-iced-latte-cold-coffee/pvid/23af84bb-d823-4783-8f7e-aac7ba7346cd | N47: 40 | O47: 45 | Q47: 1 pc (180 ml) | R47: 74aa405e-238e-4103-abb3-096bd7e6f553 | S47: 180 | T47: ml | U47: 400051 | V47: https://www.zepto.com/pn/nescafe-ready-to-drink-coffee-flavoured-milk-iced-latte-cold-coffee/pvid/23af84bb-d823-4783-8f7e-aac7ba7346cd | W47: 2026-09-10 16:10:02
A48: 400051 | B48: Hamdard Rooh Afza Rose Sharbat | C48: Hamdard Rooh Afza Rose Sharbat | D48: Out of Stock | F48: 750 ml | G48: 750 | H48: ml | I48: Cold Drinks & Juices | J48: Concentrates & Syrups | L48: https://www.zepto.com/pn/hamdard-rooh-afza-rose-sharbat/pvid/84a94db7-dc56-4738-96f6-ee1740ae42f0 | N48: 170 | O48: 170 | Q48: 1 pc (750 ml) | R48: 74aa405e-238e-4103-abb3-096bd7e6f553 | S48: 750 | T48: ml | U48: 400051 | V48: https://www.zepto.com/pn/hamdard-rooh-afza-rose-sharbat/pvid/84a94db7-dc56-4738-96f6-ee1740ae42f0 | W48: 2026-09-10 16:10:10
A49: 400051 | B49: Red Bull Energy Drink | C49: Red Bull Energy Drink | D49: In Stock | F49: 250 ml | G49: 250 | H49: ml | I49: Cold Drinks & Juices | J49: Energy Drinks | L49: https://www.zepto.com/pn/red-bull-energy-drink-ready-to-drink-beverage/pvid/6d6381a9-3992-4e77-84b8-0d5200d6e92a | N49: 113 | O49: 125 | Q49: 1 pc (250 ml) | R49: 74aa405e-238e-4103-abb3-096bd7e6f553 | S49: 250 | T49: ml | U49: 400051 | V49: https://www.zepto.com/pn/red-bull-energy-drink-ready-to-drink-beverage/pvid/6d6381a9-3992-4e77-84b8-0d5200d6e92a | W49: 2026-09-10 16:10:19
A50: 400051 | B50: Real Activ Fibre+ Multi Fruit Juice | C50: Real Activ Mixed Fruit Juice | D50: Out of Stock | F50: 1 ltr | G50: 1000 | H50: ml | I50: Cold Drinks & Juices | J50: Fruit Juice | L50: https://www.zepto.com/pn/real-activ-mixed-fruit-juice-no-added-sugars-preservatives/pvid/3d8616d1-16f2-4590-bbc1-a7003cb10f50 | N50: 144 | O50: 160 | Q50: 1 pc (1 L) | R50: 74aa405e-238e-4103-abb3-096bd7e6f553 | S50: 1000 | T50: ml | U50: 400051 | V50: https://www.zepto.com/pn/real-activ-mixed-fruit-juice-no-added-sugars-preservatives/pvid/3d8616d1-16f2-4590-bbc1-a7003cb10f50 | W50: 2026-09-10 16:10:27
... A67: 400051 | B67: Epigamia Alphonso Mango Flavoured Yogurt | C67: Epigamia Greek Yogurt- Alphonso Mango | D67: In Stock | F67: 75 g | G67: 75 | H67: g | I67: Dairy & Breakfast | J67: Curd & Yogurt | L67: https://www.zepto.com/pn/epigamia-greek-yogurt-alphonso-mango/pvid/03ea892c-6de0-423a-a2a2-e531f220fb86 | N67: 60 | O67: 60 | Q67: 1 pc (85 g) | R67: 74aa405e-238e-4103-abb3-096bd7e6f553 | S67: 85 | T67: g | U67: 400051 | V67: https://www.zepto.com/pn/epigamia-greek-yogurt-alphonso-mango/pvid/03ea892c-6de0-423a-a2a2-e531f220fb86 | W67: 2026-09-10 16:12:48
A68: 400051 | B68: Licious Farm Fresh Classic White Protein Rich Eggs | C68: Eggoz Protein Rich Farm Fresh White Eggs | D68: In Stock | F68: 6 pcs | G68: 6 | H68: pcs | I68: Dairy & Breakfast | J68: Eggs | L68: https://www.zepto.com/pn/eggoz-protein-rich-farm-fresh-white-eggs/pvid/3e5b5972-959f-4862-b1f9-b478d4c710a4 | N68: 137 | O68: 165 | Q68: 1 pack (10 pcs) | R68: 74aa405e-238e-4103-abb3-096bd7e6f553 | U68: 400051 | V68: https://www.zepto.com/pn/eggoz-protein-rich-farm-fresh-white-eggs/pvid/3e5b5972-959f-4862-b1f9-b478d4c710a4 | W68: 2026-09-10 16:12:56
A69: 400051 | B69: Kellogg's Corn Flakes Original | C69: Kellogg's Corn Flakes Original | Power Breakfast | 7 Vitamins | D69: In Stock | F69: 475 g | G69: 475 | H69: g | I69: Dairy & Breakfast | J69: Flakes & Kids Cereals | L69: https://www.zepto.com/pn/kelloggs-corn-flakes-original-power-breakfast-7-vitamins/pvid/c651ae42-04a6-47a9-8695-ea3465358483 | N69: 110 | O69: 115 | Q69: 1 pack (250 g) | R69: 74aa405e-238e-4103-abb3-096bd7e6f553 | S69: 250 | T69: g | U69: 400051 | V69: https://www.zepto.com/pn/kelloggs-corn-flakes-original-power-breakfast-7-vitamins/pvid/c651ae42-04a6-47a9-8695-ea3465358483 | W69: 2026-09-10 16:13:04
A70: 400051 | B70: Dabur Honey Squeezy | C70: Dabur Honey Squeezy | Totally Pure | World's No.1 Honey Brand | Buy 1 Get 1 Free | D70: In Stock | F70: 450 g | G70: 450 | H70: g | I70: Dairy & Breakfast | J70: Honey & Chyawanprash | L70: https://www.zepto.com/pn/dabur-honey-squeezy-totally-pure-worlds-no1-honey-brand-buy-1-get-1-free/pvid/2a43440c-846b-4fb5-9bc7-3a8e5f329e9a | N70: 167 | O70: 249 | Q70: 2 x 225 g | R70: 74aa405e-238e-4103-abb3-096bd7e6f553 | S70: 450 | T70: g | U70: 400051 | V70: https://www.zepto.com/pn/dabur-honey-squeezy-totally-pure-worlds-no1-honey-brand-buy-1-get-1-free/pvid/2a43440c-846b-4fb5-9bc7-3a8e5f329e9a | W70: 2026-09-10 16:13:12
A71: 400051 | B71: Amul Sweet Lassi | C71: Amul Lassi | D71: In Stock | F71: 200 ml | G71: 200 | H71: ml | I71: Dairy & Breakfast | J71: Lassi, Shakes & More | L71: https://www.zepto.com/pn/amul-lassi/pvid/f022d1d5-14a0-4c0f-a084-4339f3a84b1b | N71: 20 | O71: 20 | Q71: 1 pack (200 ml) | R71: 74aa405e-238e-4103-abb3-096bd7e6f553 | S71: 200 | T71: ml | U71: 400051 | V71: https://www.zepto.com/pn/amul-lassi/pvid/f022d1d5-14a0-4c0f-a084-4339f3a84b1b | W71: 2026-09-10 16:13:20
A72: 400051 | B72: Amul Cow Milk | C72: Amul Cow Fresh Milk | Pouch | D72: In Stock | F72: 500 ml | G72: 500 | H72: ml | I72: Dairy & Breakfast | J72: Milk | L72: https://www.zepto.com/pn/amul-cow-fresh-milk-pouch/pvid/8de1592a-3b72-4b0a-8527-ef59c4620410 | N72: 30 | O72: 30 | Q72: 1 pack (500 ml) | R72: 74aa405e-238e-4103-abb3-096bd7e6f553 | S72: 500 | T72: ml | U72: 400051 | V72: https://www.zepto.com/pn/amul-cow-fresh-milk-pouch/pvid/8de1592a-3b72-4b0a-8527-ef59c4620410 | W72: 2026-09-10 16:13:28
A73: 400051 | B73: Amul Taaza Toned Milk | C73: Amul Taaza Toned Fresh Milk | Pouch | D73: In Stock | F73: 500 ml | G73: 500 | H73: ml | I73: Dairy & Breakfast | J73: Milk | L73: https://www.zepto.com/pn/amul-taaza-toned-fresh-milk-pouch/pvid/9d447ba5-1d35-46e1-bc64-e932135d026f | N73: 30 | O73: 30 | Q73: 1 pack (500 ml) | R73: 74aa405e-238e-4103-abb3-096bd7e6f553 | S73: 500 | T73: ml | U73: 400051 | V73: https://www.zepto.com/pn/amul-taaza-toned-fresh-milk-pouch/pvid/9d447ba5-1d35-46e1-bc64-e932135d026f | W73: 2026-09-10 16:13:36
A74: 400051 | B74: Kellogg's Fruit, Nut & Seeds Muesli | C74: Kellogg's Muesli Fruit Nut &amp; Seeds | D74: In Stock | F74: 500 g | G74: 500 | H74: g | I74: Dairy & Breakfast | J74: Muesli & Granola | L74: https://www.zepto.com/pn/kelloggs-muesli-fruit-nut-and-seeds-12-in-1-power-breakfast-no-maida-no-palm-oil/pvid/df4df3dc-e21f-4ee1-a829-07b1b0dcd351 | N74: 354 | O74: 365 | Q74: 1 pack (500 g) | R74: 74aa405e-238e-4103-abb3-096bd7e6f553 | S74: 500 | T74: g | U74: 400051 | V74: https://www.zepto.com/pn/kelloggs-muesli-fruit-nut-and-seeds-12-in-1-power-breakfast-no-maida-no-palm-oil/pvid/df4df3dc-e21f-4ee1-a829-07b1b0dcd351 | W74: 2026-09-10 16:13:44
A75: 400051 | B75: Quaker Rolled Instant Oats | C75: Quaker Rolled Instant Oats | High Protein Breakfast Cereal | D75: In Stock | F75: 400 g | G75: 400 | H75: g | I75: Dairy & Breakfast | J75: Oats | L75: https://www.zepto.com/pn/quaker-rolled-instant-oats-high-protein-breakfast-cereal/pvid/e3c72ece-b8f3-4443-b12c-500be91dc767 | N75: 158 | O75: 210 | Q75: 1 pack (1 kg) | R75: 74aa405e-238e-4103-abb3-096bd7e6f553 | S75: 1000 | T75: g | U75: 400051 | V75: https://www.zepto.com/pn/quaker-rolled-instant-oats-high-protein-breakfast-cereal/pvid/e3c72ece-b8f3-4443-b12c-500be91dc767 | W75: 2026-09-10 16:13:53
A76: 400051 | B76: Amul Fresh Malai Paneer | C76: Amul Fresh Malai Paneer | D76: In Stock | F76: 200 g | G76: 200 | H76: g | I76: Dairy & Breakfast | J76: Paneer & Tofu | L76: https://www.zepto.com/pn/amul-fresh-malai-paneer/pvid/54099eb2-2d08-4013-a822-a3eebc72f19f | N76: 95 | O76: 95 | Q76: 1 pack (200 g) | R76: 74aa405e-238e-4103-abb3-096bd7e6f553 | S76: 200 | T76: g | U76: 400051 | V76: https://www.zepto.com/pn/amul-fresh-malai-paneer/pvid/54099eb2-2d08-4013-a822-a3eebc72f19f | W76: 2026-09-10 16:14:01
A77: 400051 | B77: Tata Sampann Thin Poha | C77: Tata Sampann High in Fibre Poha | D77: In Stock | F77: 500 g | G77: 500 | H77: g | I77: Dairy & Breakfast | J77: Poha, Daliya & Other Grains | L77: https://www.zepto.com/pn/tata-sampann-high-in-fibre-poha/pvid/21d8b605-47ae-4e2d-8ec0-5e7e728a68de | N77: 51 | O77: 57 | Q77: 1 pack (500 g) | R77: 74aa405e-238e-4103-abb3-096bd7e6f553 | S77: 500 | T77: g | U77: 400051 | V77: https://www.zepto.com/pn/tata-sampann-high-in-fibre-poha/pvid/21d8b605-47ae-4e2d-8ec0-5e7e728a68de | W77: 2026-09-10 16:14:09
A78: 400051 | B78: MTR Roasted Vermicelli | C78: MTR Roasted Vermicelli | D78: Out of Stock | F78: 850 g | G78: 850 | H78: g | I78: Dairy & Breakfast | J78: Vermicelli | L78: https://www.zepto.com/pn/mtr-roasted-vermicelli/pvid/676f68e5-b139-442f-85d0-e5a98df7a982 | N78: 61 | O78: 67 | Q78: 1 pack (400 g) | R78: 74aa405e-238e-4103-abb3-096bd7e6f553 | S78: 400 | T78: g | U78: 400051 | V78: https://www.zepto.com/pn/mtr-roasted-vermicelli/pvid/676f68e5-b139-442f-85d0-e5a98df7a982 | W78: 2026-09-10 16:14:17
A79: 400051 | B79: Happilo Premium Natural Californian Almonds | C79: Happilo Popular California Almonds | D79: In Stock | F79: 200 g | G79: 200 | H79: g | I79: Dry Fruits, Masala & Oil | J79: Dry Fruits | L79: https://www.zepto.com/pn/happilo-popular-california-almonds-badam-giri-dry-fruits/pvid/001c9b87-508c-4d3c-ac83-dcae6dc92d25 | N79: 534 | O79: 650 | Q79: 1 pack (400 g) | R79: 74aa405e-238e-4103-abb3-096bd7e6f553 | S79: 400 | T79: g | U79: 400051 | V79: https://www.zepto.com/pn/happilo-popular-california-almonds-badam-giri-dry-fruits/pvid/001c9b87-508c-4d3c-ac83-dcae6dc92d25 | W79: 2026-09-10 16:14:25
A80: 400051 | B80: Amul Pure Ghee | C80: Amul Pure Ghee Pouch | D80: Out of Stock | F80: 1 ltr | G80: 1000 | H80: ml | I80: Dry Fruits, Masala & Oil | J80: Ghee & Vanaspati | L80: https://www.zepto.com/pn/amul-pure-ghee-pouch-classic-authentic/pvid/b3627f55-0813-4b59-9133-ba0f7d956b88 | N80: 623 | O80: 640 | Q80: 1 pack (1 L) | R80: 74aa405e-238e-4103-abb3-096bd7e6f553 | S80: 1000 | T80: ml | U80: 400051 | V80: https://www.zepto.com/pn/amul-pure-ghee-pouch-classic-authentic/pvid/b3627f55-0813-4b59-9133-ba0f7d956b88 | W80: 2026-09-10 16:14:35
... A82: 400051 | B82: Everest Kashmiri Red Chilli Powder | C82: Everest Tikhalal Powder | D82: In Stock | F82: 100 g | G82: 100 | H82: g | I82: Dry Fruits, Masala & Oil | J82: Powdered Spice | L82: https://www.zepto.com/pn/everest-tikhalal-powder/pvid/52d0cad2-05e2-40b2-a8f5-62c0849d2496 | N82: 50 | O82: 66 | Q82: 1 pack (100 g) | R82: 74aa405e-238e-4103-abb3-096bd7e6f553 | S82: 100 | T82: g | U82: 400051 | V82: https://www.zepto.com/pn/everest-tikhalal-powder/pvid/52d0cad2-05e2-40b2-a8f5-62c0849d2496 | W82: 2026-09-10 16:14:51
A83: 400051 | B83: Everest Turmeric Powder/Haldi | C83: 502 Bad Gateway | D83: Not Available | F83: 100 g | G83: 100 | H83: g | I83: Dry Fruits, Masala & Oil | J83: Powdered Spice | L83: https://www.zepto.com/pn/everest-turmeric-powder/pvid/a8085d58-dd35-4389-8b83-a0b4e6194243 | U83: 400051 | V83: https://www.zepto.com/pn/everest-turmeric-powder/pvid/a8085d58-dd35-4389-8b83-a0b4e6194243 | W83: 2026-09-10 16:14:59
A84: 400051 | B84: Madhur Pure & Hygienic Sulphurless Sugar | C84: Madhur Pure &amp; Hygienic Sugar | D84: In Stock | F84: 1 kg | G84: 1000 | H84: g | I84: Dry Fruits, Masala & Oil | J84: Salt, Sugar & Jaggery | L84: https://www.zepto.com/pn/madhur-pure-hygienic-sugar/pvid/3fd95375-ca7f-4527-92fa-66758967c1b3 | N84: 65 | O84: 65 | Q84: 1 pack (1 kg) | R84: 74aa405e-238e-4103-abb3-096bd7e6f553 | S84: 1000 | T84: g | U84: 400051 | V84: https://www.zepto.com/pn/madhur-pure-hygienic-sugar/pvid/3fd95375-ca7f-4527-92fa-66758967c1b3 | W84: 2026-09-10 16:15:07
A85: 400051 | B85: Tata Salt (Vacuum Evaporated Iodised) | C85: Tata Salt | Free Flowing and Iodized Namak | Vacuum Evaporated | Salt in Fresh | D85: In Stock | F85: 1 kg | G85: 1000 | H85: g | I85: Dry Fruits, Masala & Oil | J85: Salt, Sugar & Jaggery | L85: https://www.zepto.com/pn/tata-salt-free-flowing-and-iodized-namak-vacuum-evaporated-salt-in-fresh/pvid/208bdb3c-da54-493a-9cb1-5b6c159ae9e1 | N85: 28 | O85: 32 | Q85: 1 pack (1 kg) | R85: 74aa405e-238e-4103-abb3-096bd7e6f553 | S85: 1000 | T85: g | U85: 400051 | V85: https://www.zepto.com/pn/tata-salt-free-flowing-and-iodized-namak-vacuum-evaporated-salt-in-fresh/pvid/208bdb3c-da54-493a-9cb1-5b6c159ae9e1 | W85: 2026-09-10 16:15:16
A86: 400051 | B86: Catch Cumin Seeds / Jeera Seeds | C86: Catch Jeera Whole | D86: Out of Stock | F86: 100 g | G86: 100 | H86: g | I86: Dry Fruits, Masala & Oil | J86: Whole Spices | L86: https://www.zepto.com/pn/catch-jeera-whole/pvid/c49afcbe-4659-419f-837d-a259d2581a6a | N86: 99 | O86: 145 | Q86: 1 pack (200 g) | R86: 74aa405e-238e-4103-abb3-096bd7e6f553 | S86: 200 | T86: g | U86: 400051 | V86: https://www.zepto.com/pn/catch-jeera-whole/pvid/c49afcbe-4659-419f-837d-a259d2581a6a | W86: 2026-09-10 16:15:24
A87: 400051 | B87: McCain French Fries | C87: McCain French Fries | D87: In Stock | F87: 1 kg | G87: 1000 | H87: g | I87: Instant & Frozen Food | J87: Frozen Veg Snacks | L87: https://www.zepto.com/pn/mccain-french-fries-crispy-ready-to-cook/pvid/0ec6e65d-5170-4c1a-b6a1-1ebd2cf2ff51 | N87: 184 | O87: 307 | Q87: 1 pack (1 kg) | R87: 74aa405e-238e-4103-abb3-096bd7e6f553 | S87: 1000 | T87: g | U87: 400051 | V87: https://www.zepto.com/pn/mccain-french-fries-crispy-ready-to-cook/pvid/0ec6e65d-5170-4c1a-b6a1-1ebd2cf2ff51 | W87: 2026-09-10 16:15:32
A88: 400051 | B88: Maggi 2 Minutes Instant Noodles Made With Quality Spices | C88: MAGGI 2-Minute Instant Noodles | Masala Noodles | Made With Quality Spices | D88: In Stock | F88: 450 g | G88: 450 | H88: g | I88: Instant & Frozen Food | J88: Noodles | L88: https://www.zepto.com/pn/maggi-2-minute-instant-noodles-masala-noodles-made-with-quality-spices/pvid/7911bd0a-c48a-402d-9b92-cb7beca886d6 | N88: 78 | O88: 90 | Q88: 1 pack (420 g or 450 g) | R88: 74aa405e-238e-4103-abb3-096bd7e6f553 | S88: 420 | T88: g | U88: 400051 | V88: https://www.zepto.com/pn/maggi-2-minute-instant-noodles-masala-noodles-made-with-quality-spices/pvid/7911bd0a-c48a-402d-9b92-cb7beca886d6 | W88: 2026-09-10 16:15:41
A89: 400051 | B89: Haldiram's Bhujia | C89: Haldiram's Bhujia | D89: In Stock | F89: 200 g | G89: 200 | H89: g | I89: Munchies | J89: Bhujia & Mixtures | L89: https://www.zepto.com/pn/haldirams-bhujia-spicy-crunchy-snack/pvid/3cbfea0c-f23f-4101-aa8f-a724cb5f3814 | N89: 60 | O89: 60 | Q89: 1 pack (200 g) | R89: 74aa405e-238e-4103-abb3-096bd7e6f553 | S89: 200 | T89: g | U89: 400051 | V89: https://www.zepto.com/pn/haldirams-bhujia-spicy-crunchy-snack/pvid/3cbfea0c-f23f-4101-aa8f-a724cb5f3814 | W89: 2026-09-10 16:15:49
A90: 400051 | B90: Lay's India's Magic Masala Potato Chips | C90: Lay's India's Magic Masala | D90: In Stock | F90: 73.7 g | G90: 73.7 | H90: g | I90: Munchies | J90: Chips & Crisps | L90: https://www.zepto.com/pn/lays-indias-magic-masala-crunchy-potato-chips/pvid/07878a63-2656-4618-a7cc-ecfe8c2faf22 | N90: 20 | O90: 25 | Q90: 1 pack (52.9 g or 58 g) | R90: 74aa405e-238e-4103-abb3-096bd7e6f553 | S90: 52.9 | T90: g | U90: 400051 | V90: https://www.zepto.com/pn/lays-indias-magic-masala-crunchy-potato-chips/pvid/07878a63-2656-4618-a7cc-ecfe8c2faf22 | W90: 2026-09-10 16:15:58
A91: 400051 | B91: Mr. Makhana Black Salt Flavoured Makhana | C91: Mr Makhana Black Salt | D91: Out of Stock | F91: 55 g | G91: 55 | H91: g | I91: Munchies | J91: Makhana & More | L91: https://www.zepto.com/pn/mr-makhana-black-salt/pvid/09f588c7-a697-4bbb-a234-095ff6776ac8 | N91: 46 | O91: 50 | Q91: 1 pack (20 g) | R91: 74aa405e-238e-4103-abb3-096bd7e6f553 | S91: 20 | T91: g | U91: 400051 | V91: https://www.zepto.com/pn/mr-makhana-black-salt/pvid/09f588c7-a697-4bbb-a234-095ff6776ac8 | W91: 2026-09-10 16:16:07
A92: 400051 | B92: Doritos Cheese Nachos | C92: Doritos Nachos Cheese Flavour | D92: In Stock | F92: 71 g | G92: 71 | H92: g | I92: Munchies | J92: Nachos | L92: https://www.zepto.com/pn/doritos-nachos-cheese-flavour-tortilla-corn-chips/pvid/4e5713fb-01f4-41d4-bdf1-51a9b9424b0f | N92: 38 | O92: 48 | Q92: 1 pack (75 g or 82 g) | R92: 74aa405e-238e-4103-abb3-096bd7e6f553 | S92: 75 | T92: g | U92: 400051 | V92: https://www.zepto.com/pn/doritos-nachos-cheese-flavour-tortilla-corn-chips/pvid/4e5713fb-01f4-41d4-bdf1-51a9b9424b0f | W92: 2026-09-10 16:16:15
A93: 400051 | B93: Haldiram's Boondi | C93: Haldiram's Namkeen - Khara Boondi | D93: In Stock | F93: 210 g | G93: 210 | H93: g | I93: Munchies | J93: Namkeen Snacks | L93: https://www.zepto.com/pn/haldirams-namkeen-khara-boondi/pvid/e0a2e039-95a3-4de9-935d-537a6aa60e3d | N93: 55 | O93: 55 | Q93: 1 pack (200 g) | R93: 74aa405e-238e-4103-abb3-096bd7e6f553 | S93: 200 | T93: g | U93: 400051 | V93: https://www.zepto.com/pn/haldirams-namkeen-khara-boondi/pvid/e0a2e039-95a3-4de9-935d-537a6aa60e3d | W93: 2026-09-10 16:16:23
A94: 400051 | B94: Act II Natural Microwave Popcorn | C94: Act II Microwave Popcorn | D94: In Stock | F94: 33 g | G94: 33 | H94: g | I94: Munchies | J94: Popcorn | L94: https://www.zepto.com/pn/act-ii-microwave-popcorn-butter-lovers-big-pack-hot-fresh-in-3-mins/pvid/11b77766-0da9-47d9-bf2d-85a7e8966990 | N94: 75 | O94: 80 | Q94: 1 pack (99 g) | R94: 74aa405e-238e-4103-abb3-096bd7e6f553 | S94: 99 | T94: g | U94: 400051 | V94: https://www.zepto.com/pn/act-ii-microwave-popcorn-butter-lovers-big-pack-hot-fresh-in-3-mins/pvid/11b77766-0da9-47d9-bf2d-85a7e8966990 | W94: 2026-09-10 16:16:32
A95: 400051 | B95: Britannia Toastea Cake Rusk | C95: Britannia Toastea Cake Rusk | D95: Out of Stock | F95: 100 g | G95: 100 | H95: g | I95: Munchies | J95: Rusks & Wafers | L95: https://www.zepto.com/pn/britannia-toastea-cake-rusk/pvid/e0b21264-2d8c-4927-88f4-a069d7c73a06 | N95: 38 | O95: 40 | Q95: 1 pack (100 g) | R95: 74aa405e-238e-4103-abb3-096bd7e6f553 | S95: 100 | T95: g | U95: 400051 | V95: https://www.zepto.com/pn/britannia-toastea-cake-rusk/pvid/e0b21264-2d8c-4927-88f4-a069d7c73a06 | W95: 2026-09-10 16:16:39
A96: 400051 | B96: Kettle Studio Rock Sea Salt & English Vinegar Potato Chips | C96: Kettle Studio Rock Sea Salt &amp; English Vinegar Potato Chips | D96: Out of Stock | F96: 113 g | G96: 113 | H96: g | I96: Organic & Premium | J96: Snacks & Munchies | L96: https://www.zepto.com/pn/kettle-studio-rock-sea-salt-english-vinegar-potato-chips/pvid/2ce31646-4aba-41c8-a5f6-2aa57c9597bd | N96: 99 | O96: 99 | Q96: 1 pack (113 g or 120 g) | R96: 74aa405e-238e-4103-abb3-096bd7e6f553 | S96: 113 | T96: g | U96: 400051 | V96: https://www.zepto.com/pn/kettle-studio-rock-sea-salt-english-vinegar-potato-chips/pvid/2ce31646-4aba-41c8-a5f6-2aa57c9597bd | W96: 2026-09-10 16:16:48
A97: 400051 | B97: Marlboro Advance Compact | C97: Marlboro Gold Advance | D97: Out of Stock | F97: 10 pcs | G97: 10 | H97: pcs | I97: Paan Corner | J97: Cigarettes | L97: https://www.zepto.com/pn/marlboro-gold-advance/pvid/dd123d9e-6538-4481-9bbc-82d8b1846dcf | N97: 240 | O97: 240 | Q97: 1 pack (10 pcs) | R97: 74aa405e-238e-4103-abb3-096bd7e6f553 | U97: 400051 | V97: https://www.zepto.com/pn/marlboro-gold-advance/pvid/dd123d9e-6538-4481-9bbc-82d8b1846dcf | W97: 2026-09-10 16:16:56
A98: 400051 | B98: Nicotex Mint Plus Nicotine Gum | C98: Nicotex Gums Mint Plus 2mg Tin | D98: Out of Stock | F98: 44 pcs | G98: 44 | H98: pcs | I98: Paan Corner | J98: Smoking Cessation | L98: https://www.zepto.com/pn/nicotex-gums-mint-plus-2mg-tin/pvid/8234eb8e-6114-4361-9ce4-55444988cc49 | N98: 279 | O98: 300.01 | Q98: 1 pack (25 pcs) | R98: 74aa405e-238e-4103-abb3-096bd7e6f553 | U98: 400051 | V98: https://www.zepto.com/pn/nicotex-gums-mint-plus-2mg-tin/pvid/8234eb8e-6114-4361-9ce4-55444988cc49 | W98: 2026-09-10 16:17:05
A99: 400051 | B99: Dettol Original Bathing Bar | C99: Dettol Original Bathing Soap Bar with 12hr Protective Shield | D99: In Stock | F99: 150 g | G99: 150 | H99: g | I99: Personal Care | J99: Bathing Soaps | L99: https://www.zepto.com/pn/dettol-original-bathing-soap-bar-with-12hr-protective-shield/pvid/e58800c0-17aa-4d6a-80d0-c900ccea9d51 | N99: 159 | O99: 178 | Q99: 1 pack (4 x 100 g) | R99: 74aa405e-238e-4103-abb3-096bd7e6f553 | S99: 400 | T99: g | U99: 400051 | V99: https://www.zepto.com/pn/dettol-original-bathing-soap-bar-with-12hr-protective-shield/pvid/e58800c0-17aa-4d6a-80d0-c900ccea9d51 | W99: 2026-09-10 16:17:13
A100: 400051 | B100: Nivea Men Fresh Active Men's Roll On | C100: Nivea Fresh Active Underarm Roll On 72h Protection | D100: Out of Stock | F100: 50 ml | G100: 50 | H100: ml | I100: Personal Care | J100: Deodorant & Talc | L100: https://www.zepto.com/pn/nivea-fresh-active-underarm-roll-on-72h-protection/pvid/1a57ddc5-bfa3-414e-bc20-67decf8ad872 | N100: 162 | O100: 249 | Q100: 1 pc (50 ml) | R100: 74aa405e-238e-4103-abb3-096bd7e6f553 | S100: 50 | T100: ml | U100: 400051 | V100: https://www.zepto.com/pn/nivea-fresh-active-underarm-roll-on-72h-protection/pvid/1a57ddc5-bfa3-414e-bc20-67decf8ad872 | W100: 2026-09-10 16:17:22
A101: 400051 | B101: Nivea Cocoa Nourish Body Lotion | C101: NIVEA Cocoa Nourish Body Lotion | D101: Out of Stock | F101: 400 ml | G101: 400 | H101: ml | I101: Personal Care | J101: Face & Body Moisturizers | L101: https://www.zepto.com/pn/nivea-cocoa-nourish-body-lotiondeep-moisture-serumnon-greasymoisturiser-for-very-dry-skin/pvid/c3b939d1-e0cf-4af1-92b0-c6a7223034ce | N101: 294 | O101: 599 | Q101: 1 pc (400 ml) | R101: 74aa405e-238e-4103-abb3-096bd7e6f553 | S101: 400 | T101: ml | U101: 400051 | V101: https://www.zepto.com/pn/nivea-cocoa-nourish-body-lotiondeep-moisture-serumnon-greasymoisturiser-for-very-dry-skin/pvid/c3b939d1-e0cf-4af1-92b0-c6a7223034ce | W101: 2026-09-10 16:17:30
A102: 400051 | B102: Himalaya Purifying Neem Face Wash | C102: Himalaya Natural Glow Kesar Face Wash | D102: Out of Stock | F102: 150 ml | G102: 150 | H102: ml | I102: Personal Care | J102: Face Cleaning | L102: https://www.zepto.com/pn/himalaya-natural-glow-kesar-face-wash/pvid/68d5eacf-33ae-459b-a6c1-310f1fd1c4a4 | N102: 196 | O102: 279 | Q102: 1 pc (150 ml) | R102: 74aa405e-238e-4103-abb3-096bd7e6f553 | S102: 150 | T102: ml | U102: 400051 | V102: https://www.zepto.com/pn/himalaya-natural-glow-kesar-face-wash/pvid/68d5eacf-33ae-459b-a6c1-310f1fd1c4a4 | W102: 2026-09-10 16:17:39
A103: 400051 | B103: Whisper Choice Ultra Sanitary Pads | C103: Whisper Choice Ultra XL Sanitary Pads | D103: Out of Stock | F103: 20 pcs | G103: 20 | H103: pcs | I103: Personal Care | J103: Feminine Care | L103: https://www.zepto.com/pn/whisper-choice-ultra-xl-sanitary-pads/pvid/f0673c5f-92d3-4a63-90c4-54ae0e764887 | N103: 50 | O103: 50 | Q103: 1 pack (6 pcs) | R103: 74aa405e-238e-4103-abb3-096bd7e6f553 | U103: 400051 | V103: https://www.zepto.com/pn/whisper-choice-ultra-xl-sanitary-pads/pvid/f0673c5f-92d3-4a63-90c4-54ae0e764887 | W103: 2026-09-10 16:17:47
A104: 400051 | B104: Dove Daily Shine Shampoo For Dull Hair | C104: Dove Daily Shine Shampoo | D104: Out of Stock | F104: 340 ml | G104: 340 | H104: ml | I104: Personal Care | J104: Hair Care | L104: https://www.zepto.com/pn/dove-daily-shine-shampoo/pvid/b45fe06f-fd6c-4f9f-acdb-55a7868e9561 | N104: 188 | O104: 189 | Q104: 1 pc (180 ml) | R104: 74aa405e-238e-4103-abb3-096bd7e6f553 | S104: 180 | T104: ml | U104: 400051 | V104: https://www.zepto.com/pn/dove-daily-shine-shampoo/pvid/b45fe06f-fd6c-4f9f-acdb-55a7868e9561 | W104: 2026-09-10 16:17:56
A105: 400051 | B105: Parachute 100% Pure Coconut Oil | C105: Parachute Coconut Oil | D105: In Stock | F105: 300 ml | G105: 300 | H105: ml | I105: Personal Care | J105: Hair Care | L105: https://www.zepto.com/pn/parachute-100-pure-coconut-oil/pvid/709bd327-baf4-4104-a46d-fdba2b80b99c | N105: 170 | O105: 199 | Q105: 1 pc (300 ml or 330 ml) | R105: 74aa405e-238e-4103-abb3-096bd7e6f553 | S105: 300 | T105: ml | U105: 400051 | V105: https://www.zepto.com/pn/parachute-100-pure-coconut-oil/pvid/709bd327-baf4-4104-a46d-fdba2b80b99c | W105: 2026-09-10 16:18:04
A106: 400051 | B106: Dettol Skincare Hand Wash Refill | C106: Dettol Skincare Hand Wash Refill | D106: In Stock | F106: 675 ml | G106: 675 | H106: ml | I106: Personal Care | J106: Handwash | L106: https://www.zepto.com/pn/dettol-skincare-hand-wash-refill-moisturizing-handwash-ph-balance-gentle-on-skin/pvid/37e5968e-ebfc-482e-a645-1c499aa4f75b | N106: 101 | O106: 109 | Q106: 675 ml | R106: 74aa405e-238e-4103-abb3-096bd7e6f553 | S106: 675 | T106: ml | U106: 400051 | V106: https://www.zepto.com/pn/dettol-skincare-hand-wash-refill-moisturizing-handwash-ph-balance-gentle-on-skin/pvid/37e5968e-ebfc-482e-a645-1c499aa4f75b | W106: 2026-09-10 16:18:12
A107: 400051 | B107: Gillette Mach 3 Men's Razor | C107: Gillette Mach3 Men's Razor with 2 Cartridges | D107: Out of Stock | F107: 1 pc | G107: 1 | H107: pcs | I107: Personal Care | J107: Men's Grooming | L107: https://www.zepto.com/pn/gillette-mach3-mens-razor-with-2-cartridges/pvid/2ca03ded-aefb-4238-b02c-2574a851d3cc | N107: 399 | O107: 474 | Q107: 1 set | R107: 74aa405e-238e-4103-abb3-096bd7e6f553 | U107: 400051 | V107: https://www.zepto.com/pn/gillette-mach3-mens-razor-with-2-cartridges/pvid/2ca03ded-aefb-4238-b02c-2574a851d3cc | W107: 2026-09-10 16:18:20
A108: 400051 | B108: Colgate Strong Teeth Anticavity Toothpaste (150 g) | C108: Colgate Strong Teeth Anticavity Toothpaste | D108: In Stock | F108: 150 g | G108: 150 | H108: g | I108: Personal Care | J108: Oral Care | L108: https://www.zepto.com/pn/colgate-strong-teeth-anticavity-toothpaste/pvid/832ae6e2-385b-41c3-823e-d08b41a9a9a7 | N108: 103 | O108: 103 | Q108: 1 pc (150 g) | R108: 74aa405e-238e-4103-abb3-096bd7e6f553 | S108: 150 | T108: g | U108: 400051 | V108: https://www.zepto.com/pn/colgate-strong-teeth-anticavity-toothpaste/pvid/832ae6e2-385b-41c3-823e-d08b41a9a9a7 | W108: 2026-09-10 16:18:29
A109: 400051 | B109: Dove Refreshing Body Wash | C109: Dove Deeply Nourishing Body Wash | D109: In Stock | F109: 190 ml | G109: 190 | H109: ml | I109: Personal Care | J109: Shower Gels & Body Wash | L109: https://www.zepto.com/pn/dove-deeply-nourishing-body-wash/pvid/dca9c355-4eb0-463c-8378-5d6f5e7cf94e | N109: 170 | O109: 195 | Q109: 1 pack (250 ml or 300 ml) | R109: 74aa405e-238e-4103-abb3-096bd7e6f553 | S109: 250 | T109: ml | U109: 400051 | V109: https://www.zepto.com/pn/dove-deeply-nourishing-body-wash/pvid/dca9c355-4eb0-463c-8378-5d6f5e7cf94e | W109: 2026-09-10 16:18:36
A110: 400051 | B110: Lakme Sunscreen Gel (SPF 50 PA++++) | C110: Lakme Matte Sunscreen SPF 50 PA+++ UVA | D110: Out of Stock | F110: 50 g | G110: 50 | H110: g | I110: Personal Care | J110: Sunscreen | L110: https://www.zepto.com/pn/lakme-matte-sunscreen-spf-50-pa-uvab-protection/pvid/e988bffa-4f4e-44fa-8421-3e7c68555fd4 | N110: 279 | O110: 395 | Q110: 1 pc (50 ml) | R110: 74aa405e-238e-4103-abb3-096bd7e6f553 | S110: 50 | T110: ml | U110: 400051 | V110: https://www.zepto.com/pn/lakme-matte-sunscreen-spf-50-pa-uvab-protection/pvid/e988bffa-4f4e-44fa-8421-3e7c68555fd4 | W110: 2026-09-10 16:18:45
A111: 400051 | B111: Dettol Antiseptic Liquid - 250 ml | C111: Dettol Antiseptic Liquid for First Aid, Surface Disinfection and Personal Hygiene | D111: In Stock | F111: 250 ml | G111: 250 | H111: ml | I111: Pharma & Wellness | J111: Antiseptic Liquid | L111: https://www.zepto.com/pn/dettol-antiseptic-liquid-for-first-aid-surface-disinfection-and-personal-hygiene/pvid/47d17b95-f6b5-413d-9f67-5b8bc04a31fb | N111: 167 | O111: 167.34 | Q111: 1 pc (250 ml) | R111: 74aa405e-238e-4103-abb3-096bd7e6f553 | S111: 250 | T111: ml | U111: 400051 | V111: https://www.zepto.com/pn/dettol-antiseptic-liquid-for-first-aid-surface-disinfection-and-personal-hygiene/pvid/47d17b95-f6b5-413d-9f67-5b8bc04a31fb | W111: 2026-09-10 16:18:54
A112: 400051 | B112: Dettol Original Instant Hand Sanitizer | C112: Dettol Original Instant Hand Sanitizer Bottle | D112: Out of Stock | F112: 50 ml | G112: 50 | H112: ml | I112: Pharma & Wellness | J112: Masks & Sanitizers | L112: https://www.zepto.com/pn/dettol-original-instant-hand-sanitizer-bottle/pvid/1d0e0824-4bf0-4380-b0d4-6bc9f7ac0c15 | N112: 33 | O112: 35 | Q112: 1 pc (52 ml) | R112: 74aa405e-238e-4103-abb3-096bd7e6f553 | S112: 52 | T112: ml | U112: 400051 | V112: https://www.zepto.com/pn/dettol-original-instant-hand-sanitizer-bottle/pvid/1d0e0824-4bf0-4380-b0d4-6bc9f7ac0c15 | W112: 2026-09-10 16:19:02
A113: 400051 | B113: Crocin 650 Tablets | C113: Crocin Advance Tablet | D113: In Stock | F113: 15 tabs | G113: 15 | H113: pcs | I113: Pharma & Wellness | J113: Non-Prescription Medicines | L113: https://www.zepto.com/pn/crocin-advance-tablet/pvid/7193df5a-5e43-4403-b9d6-03de1fc7dff4 | N113: 18 | O113: 19.31 | Q113: 20 Tablets | R113: 74aa405e-238e-4103-abb3-096bd7e6f553 | U113: 400051 | V113: https://www.zepto.com/pn/crocin-advance-tablet/pvid/7193df5a-5e43-4403-b9d6-03de1fc7dff4 | W113: 2026-09-10 16:19:11
A114: 400051 | B114: Eno Lemon Antacid | C114: ENO Lemon Ayurvedic Antacid, Gets to Work in 6 Secs for Instant Acidity Relief - Pack of 6 Sachets | D114: In Stock | F114: 30 g | G114: 30 | H114: g | I114: Pharma & Wellness | J114: Pure OTC | L114: https://www.zepto.com/pn/eno-lemon-ayurvedic-antacid-gets-to-work-in-6-secs-for-instant-acidity-relief-pack-of-6-sachets/pvid/7ded9498-26ea-4b7d-bb39-5302752ab96a | N114: 54 | O114: 60 | Q114: 1 pack (6 pcs) | R114: 74aa405e-238e-4103-abb3-096bd7e6f553 | U114: 400051 | V114: https://www.zepto.com/pn/eno-lemon-ayurvedic-antacid-gets-to-work-in-6-secs-for-instant-acidity-relief-pack-of-6-sachets/pvid/7ded9498-26ea-4b7d-bb39-5302752ab96a | W114: 2026-09-10 16:19:20
A115: 400051 | B115: Durex Extra Dots Condom | C115: Durex Extra Ribbed \u0026 Dotted Condom | D115: Out of Stock | F115: 10 pcs | G115: 10 | H115: pcs | I115: Pharma & Wellness | J115: Sexual Wellness | L115: https://www.zepto.com/pn/durex-extra-ribbed-dotted-condom/pvid/d3763834-3b0c-40fe-8a17-17a6050aac83 | N115: 376 | O115: 427 | Q115: 1pack (12 pcs) | R115: 74aa405e-238e-4103-abb3-096bd7e6f553 | U115: 400051 | V115: https://www.zepto.com/pn/durex-extra-ribbed-dotted-condom/pvid/d3763834-3b0c-40fe-8a17-17a6050aac83 | W115: 2026-09-10 16:19:28
A116: 400051 | B116: Ching's Secret Dark Soy Sauce Rich, Brown and Zesty | C116: Ching's Secret Dark Soy Sauce, Rich, Brown and Zesty | D116: In Stock | F116: 210 g | G116: 210 | H116: g | I116: Sauces & Spreads | J116: Asian Sauces | L116: https://www.zepto.com/pn/chings-secret-dark-soy-sauce-rich-brown-and-zesty/pvid/c1694850-d698-470b-ba2d-3fba83d3a49b | N116: 56 | O116: 60 | Q116: 1 pc (210 g) | R116: 74aa405e-238e-4103-abb3-096bd7e6f553 | S116: 210 | T116: g | U116: 400051 | V116: https://www.zepto.com/pn/chings-secret-dark-soy-sauce-rich-brown-and-zesty/pvid/c1694850-d698-470b-ba2d-3fba83d3a49b | W116: 2026-09-10 16:19:36
A117: 400051 | B117: Veeba Salsa Dip | C117: Veeba Salsa Dip | D117: Out of Stock | F117: 360 g | G117: 360 | H117: g | I117: Sauces & Spreads | J117: Dips & Salad Dressings | L117: https://www.zepto.com/pn/veeba-salsa-dip/pvid/aeecb788-d5a5-4adc-8f53-8c1e0fd5f9c5 | N117: 150 | O117: 175 | Q117: 1 pc (360 g) | R117: 74aa405e-238e-4103-abb3-096bd7e6f553 | S117: 360 | T117: g | U117: 400051 | V117: https://www.zepto.com/pn/veeba-salsa-dip/pvid/aeecb788-d5a5-4adc-8f53-8c1e0fd5f9c5 | W117: 2026-09-10 16:19:44
A118: 400051 | B118: Mother's Recipe Mango Pickle | C118: Mother's Recipe Mango Pickle | D118: In Stock | F118: 1 kg | G118: 1000 | H118: g | I118: Sauces & Spreads | J118: Indian Chutney & Pickle | L118: https://www.zepto.com/pn/mothers-recipe-mango-pickle/pvid/4b4f3888-d771-4486-9735-1cc3f94f0e98 | N118: 110 | O118: 110 | Q118: 1 pc (300 g) | R118: 74aa405e-238e-4103-abb3-096bd7e6f553 | S118: 300 | T118: g | U118: 400051 | V118: https://www.zepto.com/pn/mothers-recipe-mango-pickle/pvid/4b4f3888-d771-4486-9735-1cc3f94f0e98 | W118: 2026-09-10 16:19:53
A119: 400051 | B119: Kissan Mixed Fruit Jam | C119: Kissan Mixed Fruit Jam | D119: In Stock | F119: 700 g | G119: 700 | H119: g | I119: Sauces & Spreads | J119: Jam & Spreads | L119: https://www.zepto.com/pn/kissan-mixed-fruit-jam/pvid/d8d5be26-c3b0-4d88-87d5-eaa91c493a49 | N119: 89 | O119: 90 | Q119: 1 pc (200 g) | R119: 74aa405e-238e-4103-abb3-096bd7e6f553 | S119: 200 | T119: g | U119: 400051 | V119: https://www.zepto.com/pn/kissan-mixed-fruit-jam/pvid/d8d5be26-c3b0-4d88-87d5-eaa91c493a49 | W119: 2026-09-10 16:20:02
A120: 400051 | B120: Veeba Veg Mayonnaise | C120: Veeba Veg Mayonnaise Eggless | D120: In Stock | F120: 250 g | G120: 250 | H120: g | I120: Sauces & Spreads | J120: Mayonnaise | L120: https://www.zepto.com/pn/veeba-veg-mayonnaise-eggless/pvid/d5848e12-f9e0-4c7c-b664-ece2cf622f43 | N120: 74 | O120: 95 | Q120: 1 pc (250 g) | R120: 74aa405e-238e-4103-abb3-096bd7e6f553 | S120: 250 | T120: g | U120: 400051 | V120: https://www.zepto.com/pn/veeba-veg-mayonnaise-eggless/pvid/d5848e12-f9e0-4c7c-b664-ece2cf622f43 | W120: 2026-09-10 16:20:11
A121: 400051 | B121: Maggi Rich Tomato Ketchup | C121: Maggi Rich Tomato Ketchup | D121: Out of Stock | F121: 190 g | G121: 190 | H121: g | I121: Sauces & Spreads | J121: Tomato & Chilli Ketchup | L121: https://www.zepto.com/pn/maggi-rich-tomato-ketchup/pvid/707b0ef0-2bb4-46d1-bcef-6671d283ceb2 | N121: 153 | O121: 170 | Q121: 1 pc (960 g) | R121: 74aa405e-238e-4103-abb3-096bd7e6f553 | S121: 960 | T121: g | U121: 400051 | V121: https://www.zepto.com/pn/maggi-rich-tomato-ketchup/pvid/707b0ef0-2bb4-46d1-bcef-6671d283ceb2 | W121: 2026-09-10 16:20:18
A122: 400051 | B122: Cadbury Dairy Milk Chocolate Bar | C122: Cadbury Dairy Milk Chocolate Bar | D122: In Stock | F122: 26 g | G122: 26 | H122: g | I122: Sweet Tooth | J122: Chocolates | L122: https://www.zepto.com/pn/cadbury-dairy-milk-chocolate-bar/pvid/97f20fe1-cf1b-4017-828a-f88336202c42 | N122: 26 | O122: 26 | Q122: 1 pc (25 g) | R122: 74aa405e-238e-4103-abb3-096bd7e6f553 | S122: 25 | T122: g | U122: 400051 | V122: https://www.zepto.com/pn/cadbury-dairy-milk-chocolate-bar/pvid/97f20fe1-cf1b-4017-828a-f88336202c42 | W122: 2026-09-10 16:20:26
A123: 400051 | B123: Amul Gold Vanilla Magic Ice Cream Tub | C123: Go Zero Belgian Dark Chocolate Guilt Free Ice Cream Tub | D123: In Stock | F123: 1 ltr | G123: 1000 | H123: ml | I123: Sweet Tooth | J123: Ice Cream & Frozen Dessert | L123: https://www.zepto.com/pn/amul-vanilla-magic-ice-cream-tub-creamy-delight/pvid/47be7781-bcb1-44e1-8ecd-9ba393386c69 | N123: 194 | O123: 195 | Q123: 1 pack (1 L) | R123: 74aa405e-238e-4103-abb3-096bd7e6f553 | S123: 1000 | T123: ml | U123: 400051 | V123: https://www.zepto.com/pn/amul-vanilla-magic-ice-cream-tub-creamy-delight/pvid/47be7781-bcb1-44e1-8ecd-9ba393386c69 | W123: 2026-09-10 16:20:34
A124: 400051 | B124: Kwality Walls Cornetto Double Chocolate Frozen Dessert Cone | C124: Go Zero Blueberry Cheesecake Guilt Free Ice Cream Cup | D124: In Stock | F124: 105 ml | G124: 105 | H124: ml | I124: Sweet Tooth | J124: Ice Cream & Frozen Dessert | L124: https://www.zepto.com/pn/kwality-walls-cornetto-double-chocolate-cone/pvid/a4fc31a2-f678-47cd-b0b7-54b2c798fa14 | N124: 39 | O124: 40 | Q124: 1 pc (105 ml) | R124: 74aa405e-238e-4103-abb3-096bd7e6f553 | S124: 105 | T124: ml | U124: 400051 | V124: https://www.zepto.com/pn/kwality-walls-cornetto-double-chocolate-cone/pvid/a4fc31a2-f678-47cd-b0b7-54b2c798fa14 | W124: 2026-09-10 16:20:43
...

Sheet 2026-09-10 2149
A1: Pincode | B1: Item | C1: ProductName | D1: is_out_of_stock | E1: Serviceable | F1: Quantity | G1: Base_Final quantity | H1: Base_Final unit | I1: Segment | J1: Grocery | K1: National / PL | L1: Product_Link | M1: Backup_Links | N1: Price | O1: MRP | P1: ZeptoSaverPrice | Q1: Weight | R1: Store_ID | S1: Final_Qty | T1: Final_unit | U1: Pincode_Used | V1: Used_Link | W1: Captured_At
A2: 400051 | B2: Aashirvaad Select | Pure MP Sharbati Wheat Atta for Soft Makhmali Rotis | C2: Aashirvaad Select | D2: In Stock | F2: 5 kg | G2: 5000 | H2: g | I2: Atta, Rice & Dal | J2: Atta | L2: https://www.zepto.com/pn/aashirvaad-select-pure-mp-sharbati-wheat-atta-for-soft-makhmali-rotis/pvid/2e1f7fe5-2d09-4282-81c7-b4eaf6b1d86d | N2: 307 | O2: 384 | Q2: 1 pack (5 kg) | R2: 48328608-7aaf-4857-b869-dae167d5f320 | S2: 5000 | T2: g | U2: 400051 | V2: https://www.zepto.com/pn/aashirvaad-select-pure-mp-sharbati-wheat-atta-for-soft-makhmali-rotis/pvid/2e1f7fe5-2d09-4282-81c7-b4eaf6b1d86d | W2: 2026-09-10 21:50:23
A3: 400051 | B3: Fortune Chakki Fresh Atta | C3: Fortune Chakki Fresh Atta | D3: Out of Stock | F3: 5 kg | G3: 5000 | H3: g | I3: Atta, Rice & Dal | J3: Atta | L3: https://www.zepto.com/pn/fortune-chakki-fresh-atta/pvid/14a11cfe-fd72-4901-bf2e-22bc0aba21c0 | N3: 220 | O3: 277 | Q3: 1 pack (5 kg) | R3: 48328608-7aaf-4857-b869-dae167d5f320 | S3: 5000 | T3: g | U3: 400051 | V3: https://www.zepto.com/pn/fortune-chakki-fresh-atta/pvid/14a11cfe-fd72-4901-bf2e-22bc0aba21c0 | W3: 2026-09-10 21:50:32
A4: 400051 | B4: Fortune 100% Chana Dal Besan | C4: Fortune Besan | D4: In Stock | F4: 1 kg | G4: 1000 | H4: g | I4: Atta, Rice & Dal | J4: Besan, Sooji & Maida | L4: https://www.zepto.com/pn/fortune-besan/pvid/1a091cc5-bcde-4ba9-aa49-c81cf27efa72 | N4: 119 | O4: 169 | Q4: 1 pack (1 kg) | R4: 48328608-7aaf-4857-b869-dae167d5f320 | S4: 1000 | T4: g | U4: 400051 | V4: https://www.zepto.com/pn/fortune-besan/pvid/1a091cc5-bcde-4ba9-aa49-c81cf27efa72 | W4: 2026-09-10 21:50:40
A5: 400051 | B5: Rajdhani Sooji/Rava | C5: Rajdhani Premium Sooji | D5: In Stock | F5: 1 kg | G5: 1000 | H5: g | I5: Atta, Rice & Dal | J5: Besan, Sooji & Maida | L5: https://www.zepto.com/pn/rajdhani-premium-sooji/pvid/3d19b418-0df7-4dce-ae3a-a642ab84c1e0 | N5: 84 | O5: 98 | Q5: 1 pack (1 kg) | R5: 48328608-7aaf-4857-b869-dae167d5f320 | S5: 1000 | T5: g | U5: 400051 | V5: https://www.zepto.com/pn/rajdhani-premium-sooji/pvid/3d19b418-0df7-4dce-ae3a-a642ab84c1e0 | W5: 2026-09-10 21:50:48
A6: 400051 | B6: Tata Sampann Unpolished Masoor Dal | C6: Tata Sampann Masoor Dal - Split | D6: Out of Stock | F6: 500 g | G6: 500 | H6: g | I6: Atta, Rice & Dal | J6: Moong & Masoor | L6: https://www.zepto.com/pn/tata-sampann-masoor-dal-split/pvid/216e3985-3ce7-4849-9990-cd3a98196f04 | N6: 81 | O6: 87 | Q6: 1 pack (500 g) | R6: 48328608-7aaf-4857-b869-dae167d5f320 | S6: 500 | T6: g | U6: 400051 | V6: https://www.zepto.com/pn/tata-sampann-masoor-dal-split/pvid/216e3985-3ce7-4849-9990-cd3a98196f04 | W6: 2026-09-10 21:50:56
A7: 400051 | B7: Tata Sampann Unpolished Organic Moong Sabut | C7: Tata Sampann Organic Unpolished Moong Dal | D7: In Stock | F7: 1 kg | G7: 1000 | H7: g | I7: Atta, Rice & Dal | J7: Moong & Masoor | L7: https://www.zepto.com/pn/tata-sampann-organic-unpolished-moong-dal/pvid/770af74d-f995-46af-9a5a-f2e282371016 | N7: 242 | O7: 270 | Q7: 1 pack (1 kg) | R7: 48328608-7aaf-4857-b869-dae167d5f320 | S7: 1000 | T7: g | U7: 400051 | V7: https://www.zepto.com/pn/tata-sampann-organic-unpolished-moong-dal/pvid/770af74d-f995-46af-9a5a-f2e282371016 | W7: 2026-09-10 21:51:05
A8: 400051 | B8: Nutrela Soya Mini Chunks | C8: Nutrela Mini Soya Chunks | D8: Out of Stock | F8: 200 g | G8: 200 | H8: g | I8: Atta, Rice & Dal | J8: Rajma, Chhole & Others | L8: https://www.zepto.com/pn/nutrela-mini-soya-chunks/pvid/eacffa26-2c0e-4931-8f26-29faa228472f | N8: 50 | O8: 55 | Q8: 1 pack (200 g) | R8: 48328608-7aaf-4857-b869-dae167d5f320 | S8: 200 | T8: g | U8: 400051 | V8: https://www.zepto.com/pn/nutrela-mini-soya-chunks/pvid/eacffa26-2c0e-4931-8f26-29faa228472f | W8: 2026-09-10 21:51:13
A9: 400051 | B9: Tata Sampann Unpolished Kabuli Chana (Big Size) | C9: Tata Sampann Unpolished Kabuli Chana | D9: Out of Stock | F9: 500 g | G9: 500 | H9: g | I9: Atta, Rice & Dal | J9: Rajma, Chhole & Others | L9: https://www.zepto.com/pn/tata-sampann-unpolished-kabuli-chana-medium-size/pvid/ea6f2d5d-4f9d-4323-9513-09b1b8029e12 | N9: 145 | O9: 168 | Q9: 1 pack (1 kg) | R9: 48328608-7aaf-4857-b869-dae167d5f320 | S9: 1000 | T9: g | U9: 400051 | V9: https://www.zepto.com/pn/tata-sampann-unpolished-kabuli-chana-medium-size/pvid/ea6f2d5d-4f9d-4323-9513-09b1b8029e12 | W9: 2026-09-10 21:51:22
A10: 400051 | B10: Tata Sampann Unpolished Rajma | C10: Tata Sampann Unpolished Rajma | D10: In Stock | F10: 500 g | G10: 500 | H10: g | I10: Atta, Rice & Dal | J10: Rajma, Chhole & Others | L10: https://www.zepto.com/pn/tata-sampann-unpolished-rajma-chitra/pvid/2e047530-c785-4480-ad13-80874d0a0a02 | N10: 89 | O10: 108 | Q10: 1 pack (500 g) | R10: 48328608-7aaf-4857-b869-dae167d5f320 | S10: 500 | T10: g | U10: 400051 | V10: https://www.zepto.com/pn/tata-sampann-unpolished-rajma-chitra/pvid/2e047530-c785-4480-ad13-80874d0a0a02 | W10: 2026-09-10 21:51:31
A11: 400051 | B11: Daawat Super Basmati Rice (Long Grain) | C11: Daawat Super Pure Basmati Rice | D11: In Stock | F11: 5 kg | G11: 5000 | H11: g | I11: Atta, Rice & Dal | J11: Rice | L11: https://www.zepto.com/pn/daawat-super-basmati-rice-long-grain/pvid/2da2dcca-ab8e-4e00-afbc-7dd0652fcaca | N11: 832 | O11: 995 | Q11: 1 pack (5 kg) | R11: 48328608-7aaf-4857-b869-dae167d5f320 | S11: 5000 | T11: g | U11: 400051 | V11: https://www.zepto.com/pn/daawat-super-basmati-rice-long-grain/pvid/2da2dcca-ab8e-4e00-afbc-7dd0652fcaca | W11: 2026-09-10 21:51:39
A12: 400051 | B12: India Gate Daily Premium Basmati Rice (Long Grain) | C12: India Gate Flavourful and Fine Daily Premium Basmati Rice | Long and Slender Grains | D12: In Stock | F12: 5 kg | G12: 5000 | H12: g | I12: Atta, Rice & Dal | J12: Rice | L12: https://www.zepto.com/pn/india-gate-flavourful-and-fine-daily-premium-basmati-rice-long-and-slender-grains/pvid/82afa262-7f22-4fa4-b73b-8476d0cf5e6c | N12: 528 | O12: 680 | Q12: 1 pack (5 kg) | R12: 48328608-7aaf-4857-b869-dae167d5f320 | S12: 5000 | T12: g | U12: 400051 | V12: https://www.zepto.com/pn/india-gate-flavourful-and-fine-daily-premium-basmati-rice-long-and-slender-grains/pvid/82afa262-7f22-4fa4-b73b-8476d0cf5e6c | W12: 2026-09-10 21:51:47
A13: 400051 | B13: Tata Sampann Unpolished Chana Dal | C13: Tata Sampann Unpolished Chana Dal | D13: Out of Stock | F13: 500 g | G13: 500 | H13: g | I13: Atta, Rice & Dal | J13: Toor, Urad & Chana | L13: https://www.zepto.com/pn/tata-sampann-unpolished-chana-dal/pvid/2aa43aa2-14b5-45ee-b2c4-502193df52c3 | N13: 70 | O13: 81 | Q13: 1 pack (500 g) | R13: 48328608-7aaf-4857-b869-dae167d5f320 | S13: 500 | T13: g | U13: 400051 | V13: https://www.zepto.com/pn/tata-sampann-unpolished-chana-dal/pvid/2aa43aa2-14b5-45ee-b2c4-502193df52c3 | W13: 2026-09-10 21:51:55
... A15: 400051 | B15: Nestle Cerelac Wheat Apple Baby Cereal (6 - 24 Months) | C15: Nestle CERELAC Wheat Apple Baby Food Cereal, No Preservatives, 6 to 24 Months Baby | D15: In Stock | F15: 350 g | G15: 350 | H15: g | I15: Baby Care | J15: Baby Food | L15: https://www.zepto.com/pn/nestle-cerelac-wheat-apple-baby-food-cereal-no-preservatives-6-to-24-months-baby/pvid/eceafd23-1aaa-489f-aea6-f33d59ff8f1e | N15: 280 | O15: 280 | Q15: 1 pack (350 g) | R15: 48328608-7aaf-4857-b869-dae167d5f320 | S15: 350 | T15: g | U15: 400051 | V15: https://www.zepto.com/pn/nestle-cerelac-wheat-apple-baby-food-cereal-no-preservatives-6-to-24-months-baby/pvid/eceafd23-1aaa-489f-aea6-f33d59ff8f1e | W15: 2026-09-10 21:52:11
A16: 400051 | B16: Himalaya Gentle Baby Wipes | C16: Himalaya Gentle Baby Wipes | D16: Out of Stock | F16: 2 x 72 wipes | G16: 144 | H16: pcs | I16: Baby Care | J16: Baby Wipes | L16: https://www.zepto.com/pn/himalaya-gentle-baby-wipes/pvid/f4b0a5d7-49e0-471b-bc93-72131ebfe0dc | N16: 258 | O16: 280 | Q16: 72pcs | R16: 48328608-7aaf-4857-b869-dae167d5f320 | U16: 400051 | V16: https://www.zepto.com/pn/himalaya-gentle-baby-wipes/pvid/f4b0a5d7-49e0-471b-bc93-72131ebfe0dc | W16: 2026-09-10 21:52:19
A17: 400051 | B17: Johnson's Baby Soap | C17: Johnson Baby Soap Blossoms | D17: In Stock | F17: 3 pcs | G17: 3 | H17: pcs | I17: Baby Care | J17: Bathing Needs | L17: https://www.zepto.com/pn/johnson-baby-soap-blossoms/pvid/1aa108a6-25c8-4ec0-8c99-91e9e0bb1548 | N17: 72 | O17: 75 | Q17: 1 pc (75 g) | R17: 48328608-7aaf-4857-b869-dae167d5f320 | S17: 75 | T17: g | U17: 400051 | V17: https://www.zepto.com/pn/johnson-baby-soap-blossoms/pvid/1aa108a6-25c8-4ec0-8c99-91e9e0bb1548 | W17: 2026-09-10 21:52:27
A18: 400051 | B18: Pampers Happy Sleep Pant Style Baby Diaper (M) | C18: Pampers Premium Care Pants M 20 | D18: Out of Stock | F18: 48 pcs | G18: 48 | H18: pcs | I18: Baby Care | J18: Diapers & More | L18: https://www.zepto.com/pn/pampers-premium-care-pants-m-20-no-marks-design-indias-softest-diaper/pvid/c24ab2ac-660d-4e8a-89a5-4519cb1e7942 | N18: 320 | O18: 350 | Q18: 20pcs | R18: 48328608-7aaf-4857-b869-dae167d5f320 | U18: 400051 | V18: https://www.zepto.com/pn/pampers-premium-care-pants-m-20-no-marks-design-indias-softest-diaper/pvid/c24ab2ac-660d-4e8a-89a5-4519cb1e7942 | W18: 2026-09-10 21:52:36
A19: 400051 | B19: Johnson's Baby Lotion | C19: Johnson's Baby Lotion | D19: In Stock | F19: 200 ml | G19: 200 | H19: ml | I19: Baby Care | J19: Skin & Hair Care | L19: https://www.zepto.com/pn/johnsons-baby-lotion/pvid/2c157578-52ac-4ac6-84c0-d24747d8c894 | N19: 202 | O19: 230 | Q19: 1 pc (200 ml) | R19: 48328608-7aaf-4857-b869-dae167d5f320 | S19: 200 | T19: ml | U19: 400051 | V19: https://www.zepto.com/pn/johnsons-baby-lotion/pvid/2c157578-52ac-4ac6-84c0-d24747d8c894 | W19: 2026-09-10 21:52:45
A20: 400051 | B20: Weikfield Double Action Baking Powder | C20: Weikfield Baking Powder Jar | D20: In Stock | F20: 100 g | G20: 100 | H20: g | I20: Bakery & Biscuits | J20: Baking Ingredients | L20: https://www.zepto.com/pn/weikfield-baking-powder-jar-double-acting/pvid/d0d7ef4e-617d-4029-8d60-82e490c2ac6e | N20: 39 | O20: 40 | Q20: 1 pc (100 g) | R20: 48328608-7aaf-4857-b869-dae167d5f320 | S20: 100 | T20: g | U20: 400051 | V20: https://www.zepto.com/pn/weikfield-baking-powder-jar-double-acting/pvid/d0d7ef4e-617d-4029-8d60-82e490c2ac6e | W20: 2026-09-10 21:52:53
A21: 400051 | B21: Lotte Choco Pie | C21: Lotte Choco Pie | D21: In Stock | F21: 168 g | G21: 168 | H21: g | I21: Bakery & Biscuits | J21: Cakes & Rolls | L21: https://www.zepto.com/pn/lotte-choco-pie-soft-cake-snack/pvid/6e6d41b4-c7c4-4cf4-929c-491aec13a436 | N21: 88 | O21: 99 | Q21: 1 pack (168 g) | R21: 48328608-7aaf-4857-b869-dae167d5f320 | S21: 168 | T21: g | U21: 400051 | V21: https://www.zepto.com/pn/lotte-choco-pie-soft-cake-snack/pvid/6e6d41b4-c7c4-4cf4-929c-491aec13a436 | W21: 2026-09-10 21:53:01
A22: 400051 | B22: Britannia Original Bourbon Creme Biscuit | C22: Britannia The Original Bourbon | D22: In Stock | F22: 150 g | G22: 150 | H22: g | I22: Bakery & Biscuits | J22: Cookies | L22: https://www.zepto.com/pn/britannia-the-original-bourbon-creme-biscuit-with-chocolate-chocolatey-indulgence-in-every-layer/pvid/18cfaa3d-559e-487d-b1c4-33d200c4f757 | N22: 31 | O22: 40 | Q22: 1 pack (160 g) | R22: 48328608-7aaf-4857-b869-dae167d5f320 | S22: 160 | T22: g | U22: 400051 | V22: https://www.zepto.com/pn/britannia-the-original-bourbon-creme-biscuit-with-chocolate-chocolatey-indulgence-in-every-layer/pvid/18cfaa3d-559e-487d-b1c4-33d200c4f757 | W22: 2026-09-10 21:53:10
A23: 400051 | B23: Britannia Good Day Cashew Biscuit | C23: Britannia Good Day Cashew Cookies | D23: In Stock | F23: 200 g | G23: 200 | H23: g | I23: Bakery & Biscuits | J23: Cookies | L23: https://www.zepto.com/pn/britannia-good-day-cashew-cookies-trans-fat-free/pvid/aab332df-fbc5-48a0-b289-e3b223661b5c | N23: 44 | O23: 45 | Q23: 1 pack (200 g) | R23: 48328608-7aaf-4857-b869-dae167d5f320 | S23: 200 | T23: g | U23: 400051 | V23: https://www.zepto.com/pn/britannia-good-day-cashew-cookies-trans-fat-free/pvid/aab332df-fbc5-48a0-b289-e3b223661b5c | W23: 2026-09-10 21:53:18
A24: 400051 | B24: Malkist Cheese Flavoured Cracker Biscuit - Family Pack | C24: Malkist Cheese Crunchy Layered Crackers | D24: In Stock | F24: 144 g | G24: 144 | H24: g | I24: Bakery & Biscuits | J24: Cream Biscuits | L24: https://www.zepto.com/pn/malkist-cheese-crunchy-layered-crackers/pvid/ff124783-3c69-427e-8e35-510a857135b7 | N24: 57 | O24: 60 | Q24: 1 pack (144 g or 150 g) | R24: 48328608-7aaf-4857-b869-dae167d5f320 | S24: 144 | T24: g | U24: 400051 | V24: https://www.zepto.com/pn/malkist-cheese-crunchy-layered-crackers/pvid/ff124783-3c69-427e-8e35-510a857135b7 | W24: 2026-09-10 21:53:26
A25: 400051 | B25: Britannia Marie Gold Marie Biscuits (208 g) | C25: Britannia Vita Marie Gold Biscuits | D25: In Stock | F25: 208 g | G25: 208 | H25: g | I25: Bakery & Biscuits | J25: Glucose & Marie | L25: https://www.zepto.com/pn/britannia-vita-marie-gold-biscuits-trans-fat-free/pvid/51ffd532-68d7-4620-993d-c0ea1d01dfc5 | N25: 38 | O25: 45 | Q25: 1 pack (248 g) | R25: 48328608-7aaf-4857-b869-dae167d5f320 | S25: 248 | T25: g | U25: 400051 | V25: https://www.zepto.com/pn/britannia-vita-marie-gold-biscuits-trans-fat-free/pvid/51ffd532-68d7-4620-993d-c0ea1d01dfc5 | W25: 2026-09-10 21:53:34
A26: 400051 | B26: Britannia NutriChoice Digestive High Fibre Biscuit - 250 g Family Pack | C26: Britannia Nutrichoice High-Fibre Digestive Biscuits | D26: In Stock | F26: 250 g | G26: 250 | H26: g | I26: Bakery & Biscuits | J26: Healthy & Digestive | L26: https://www.zepto.com/pn/britannia-nutrichoice-high-fibre-digestive-biscuits/pvid/f586520f-750a-4593-998f-6cbf0ba8a9a2 | N26: 24 | O26: 25 | Q26: 1 pack (91.7 g or 100 g) | R26: 48328608-7aaf-4857-b869-dae167d5f320 | S26: 91.7 | T26: g | U26: 400051 | V26: https://www.zepto.com/pn/britannia-nutrichoice-high-fibre-digestive-biscuits/pvid/f586520f-750a-4593-998f-6cbf0ba8a9a2 | W26: 2026-09-10 21:53:43
A27: 400051 | B27: McVitie's Digestive High Fibre Biscuit | C27: Mcvitie's Digestive High Fibre Biscuits With Goodness Of Wholewheat,Super Saver Family Pack | D27: In Stock | F27: 959.1 g | G27: 959.1 | H27: g | I27: Bakery & Biscuits | J27: Healthy & Digestive | L27: https://www.zepto.com/pn/mcvities-digestive-high-fibre-biscuits-with-goodness-of-wholewheatsuper-saver-family-pack/pvid/b004a8a7-269a-4d4a-91bc-046ff039d3e8 | N27: 130 | O27: 220 | Q27: 1 pack (959.1 g) | R27: 48328608-7aaf-4857-b869-dae167d5f320 | S27: 959.1 | T27: g | U27: 400051 | V27: https://www.zepto.com/pn/mcvities-digestive-high-fibre-biscuits-with-goodness-of-wholewheatsuper-saver-family-pack/pvid/b004a8a7-269a-4d4a-91bc-046ff039d3e8 | W27: 2026-09-10 21:53:52
A28: 400051 | B28: Nivea Nourishing Body Lotion | C28: NIVEA Nourishing Body Lotion Body Milk | D28: In Stock | F28: 600 ml | G28: 600 | H28: ml | I28: Beauty & Cosmetics | J28: Body & Skin Care | L28: https://www.zepto.com/pn/nivea-nourishing-body-lotion-body-milk48-h-moisturization2x-almond-oilfor-very-dry-skin/pvid/beb074f2-5177-4d23-bcf6-2809bebf7e3e | N28: 322 | O28: 550 | Q28: 1 pc (400 ml) | R28: 48328608-7aaf-4857-b869-dae167d5f320 | S28: 400 | T28: ml | U28: 400051 | V28: https://www.zepto.com/pn/nivea-nourishing-body-lotion-body-milk48-h-moisturization2x-almond-oilfor-very-dry-skin/pvid/beb074f2-5177-4d23-bcf6-2809bebf7e3e | W28: 2026-09-10 21:54:01
A29: 400051 | B29: Maybelline New York Colossal Kajal (Deep Black) | C29: Maybelline New York The Colossal Kajal, Smudgeproof &amp; Waterproof Lasts Up To 24H - Deep Black | D29: In Stock | F29: 0.35 g | G29: 0.35 | H29: g | I29: Beauty & Cosmetics | J29: Eye Makeup | L29: https://www.zepto.com/pn/maybelline-new-york-the-colossal-kajal-smudgeproof-waterproof-lasts-up-to-24h-deep-black/pvid/7a27d6ad-6398-43b7-bc6e-36487651a732 | N29: 173 | O29: 220 | Q29: 1 pc (0.35 g) | R29: 48328608-7aaf-4857-b869-dae167d5f320 | S29: 0.35 | T29: g | U29: 400051 | V29: https://www.zepto.com/pn/maybelline-new-york-the-colossal-kajal-smudgeproof-waterproof-lasts-up-to-24h-deep-black/pvid/7a27d6ad-6398-43b7-bc6e-36487651a732 | W29: 2026-09-10 21:54:09
A30: 400051 | B30: Pond's Bright Beauty Serum Skin Treatment Cream 34 g | C30: Pond's Bright Beauty Anti-Spot Serum Cream With Niacinamide And SPF 15 PA++ | D30: In Stock | F30: 35 g | G30: 35 | H30: g | I30: Beauty & Cosmetics | J30: Face Care | L30: https://www.zepto.com/pn/ponds-bright-beauty-anti-spot-serum-cream-with-niacinamide-and-spf-15-pa/pvid/5554b8fd-d11e-4637-a134-d4da7f091c88 | N30: 298 | O30: 359 | Q30: 1 pc (50 g) | R30: 48328608-7aaf-4857-b869-dae167d5f320 | S30: 50 | T30: g | U30: 400051 | V30: https://www.zepto.com/pn/ponds-bright-beauty-anti-spot-serum-cream-with-niacinamide-and-spf-15-pa/pvid/5554b8fd-d11e-4637-a134-d4da7f091c88 | W30: 2026-09-10 21:54:17
... A37: 400051 | B37: Surf Excel Easy Wash Detergent Powder | C37: Surf Excel Easy Wash Detergent Powder | D37: In Stock | F37: 1 kg | G37: 1000 | H37: g | I37: Cleaning Essentials | J37: Detergent Powder & Bars | L37: https://www.zepto.com/pn/surf-excel-easy-wash-detergent-powder/pvid/05167024-5986-44c6-af23-9011d9738402 | N37: 166 | O37: 167 | Q37: 1 pack (1 kg) | R37: 4a54d5f5-0bd9-4b8f-b08a-120d8e7926d7 | S37: 1000 | T37: g | U37: 400051 | V37: https://www.zepto.com/pn/surf-excel-easy-wash-detergent-powder/pvid/05167024-5986-44c6-af23-9011d9738402 | W37: 2026-09-10 21:55:14
A38: 400051 | B38: Scotch Brite Scrub Pad | C38: Scotch Brite Scrub Pad (Pack of 5) | D38: Out of Stock | F38: 5 pcs | G38: 5 | H38: pcs | I38: Cleaning Essentials | J38: Dishwashing Accessories | L38: https://www.zepto.com/pn/scotch-brite-scrub-pad-pack-of-5/pvid/4d2944bd-38ef-4482-8843-4a86e9009683 | N38: 75 | O38: 90 | Q38: 1 pack (5 pcs) | R38: 4a54d5f5-0bd9-4b8f-b08a-120d8e7926d7 | U38: 400051 | V38: https://www.zepto.com/pn/scotch-brite-scrub-pad-pack-of-5/pvid/4d2944bd-38ef-4482-8843-4a86e9009683 | W38: 2026-09-10 21:55:23
A39: 400051 | B39: Vim Lemon Dishwash Bar (300 g) | C39: Vim Lemon Dishwash Bar | D39: In Stock | F39: 300 g | G39: 300 | H39: g | I39: Cleaning Essentials | J39: Dishwashing Bars & Tubs | L39: https://www.zepto.com/pn/vim-lemon-dishwash-bar/pvid/28eeaa3f-f739-45fd-b797-e138fd64fc62 | N39: 55 | O39: 55 | Q39: 1 pc (480 g) | R39: 4a54d5f5-0bd9-4b8f-b08a-120d8e7926d7 | S39: 480 | T39: g | U39: 400051 | V39: https://www.zepto.com/pn/vim-lemon-dishwash-bar/pvid/28eeaa3f-f739-45fd-b797-e138fd64fc62 | W39: 2026-09-10 21:55:32
A40: 400051 | B40: Vim Lemon Dishwash Gel | C40: Vim Lemon Dishwash Liquid Gel | D40: In Stock | F40: 750 ml | G40: 750 | H40: ml | I40: Cleaning Essentials | J40: Dishwashing Gels & Tablets | L40: https://www.zepto.com/pn/vim-lemon-dishwash-liquid-gel/pvid/ff2f7925-64d6-4fd5-8fe8-c093de4c6488 | N40: 139 | O40: 140 | Q40: 1 pc (500 ml) | R40: 4a54d5f5-0bd9-4b8f-b08a-120d8e7926d7 | S40: 500 | T40: ml | U40: 400051 | V40: https://www.zepto.com/pn/vim-lemon-dishwash-liquid-gel/pvid/ff2f7925-64d6-4fd5-8fe8-c093de4c6488 | W40: 2026-09-10 21:55:40
A41: 400051 | B41: Comfort After Wash Fabric Conditioner (Lily Fresh) | C41: Comfort Morning Fresh After Wash Fabric Conditioner | D41: In Stock | F41: 860 ml | G41: 860 | H41: ml | I41: Cleaning Essentials | J41: Fabric Conditioner & Additives | L41: https://www.zepto.com/pn/comfort-morning-fresh-after-wash-fabric-conditioner/pvid/7d9316fc-60ec-4b2f-93c0-e95af778c2e7 | N41: 188 | O41: 245 | Q41: 1 pc (860 ml) | R41: 4a54d5f5-0bd9-4b8f-b08a-120d8e7926d7 | S41: 860 | T41: ml | U41: 400051 | V41: https://www.zepto.com/pn/comfort-morning-fresh-after-wash-fabric-conditioner/pvid/7d9316fc-60ec-4b2f-93c0-e95af778c2e7 | W41: 2026-09-10 21:55:47
A42: 400051 | B42: Lizol Disinfectant Surface & Floor Cleaner (Citrus) 2 l | C42: Lizol Citrus Floor Cleaner Liquid | D42: Out of Stock | F42: 2 ltr | G42: 2000 | H42: ml | I42: Cleaning Essentials | J42: Floor & Surface Cleaners | L42: https://www.zepto.com/pn/lizol-citrus-floor-cleaner-liquid/pvid/1c17d5d5-f472-4e57-8e76-a49225ef107c | N42: 155 | O42: 169 | Q42: 1 pack (625 ml) | R42: 4a54d5f5-0bd9-4b8f-b08a-120d8e7926d7 | S42: 625 | T42: ml | U42: 400051 | V42: https://www.zepto.com/pn/lizol-citrus-floor-cleaner-liquid/pvid/1c17d5d5-f472-4e57-8e76-a49225ef107c | W42: 2026-09-10 21:55:56
A43: 400051 | B43: Surf Excel Matic Top Load Liquid Detergent | C43: Surf Excel Matic Liquid Detergent for Top Load | D43: In Stock | F43: 1 kg | G43: 1000 | H43: g | I43: Cleaning Essentials | J43: Liquid Detergents | L43: https://www.zepto.com/pn/surf-excel-matic-top-load-detergent-liquid-refill-tough-dried-stain-removal/pvid/fec05601-e917-47c0-954e-0db9b9851924 | N43: 322 | O43: 355 | Q43: 1 pack (2 kg) | R43: 4a54d5f5-0bd9-4b8f-b08a-120d8e7926d7 | S43: 2000 | T43: g | U43: 400051 | V43: https://www.zepto.com/pn/surf-excel-matic-top-load-detergent-liquid-refill-tough-dried-stain-removal/pvid/fec05601-e917-47c0-954e-0db9b9851924 | W43: 2026-09-10 21:56:03
A44: 400051 | B44: Harpic Disinfectant Liquid Toilet Cleaner - (Original) | C44: Harpic Marine Toilet Cleaner Liquid | D44: In Stock | F44: 1 ltr | G44: 1000 | H44: ml | I44: Cleaning Essentials | J44: Toilet & Bathroom Cleaners | L44: https://www.zepto.com/pn/harpic-marine-toilet-cleaner-liquid/pvid/cb28438a-f793-40fc-a994-c8b2438205c4 | N44: 229 | O44: 249 | Q44: 1 pc (1 L) | R44: 4a54d5f5-0bd9-4b8f-b08a-120d8e7926d7 | S44: 1000 | T44: ml | U44: 400051 | V44: https://www.zepto.com/pn/harpic-marine-toilet-cleaner-liquid/pvid/cb28438a-f793-40fc-a994-c8b2438205c4 | W44: 2026-09-10 21:56:11
A45: 400051 | B45: Storia Tender Concentrate Coconut Water - No Added Sugar | C45: Storia Tender Coconut Water | D45: In Stock | F45: 1 ltr | G45: 1000 | H45: ml | I45: Cold Drinks & Juices | J45: Coconut Water | L45: https://www.zepto.com/pn/storia-tender-coconut-water/pvid/7f630712-149f-46c9-b52f-4b2c09e3d27d | N45: 98 | O45: 178 | Q45: 1 pc (1 L ) | R45: 4a54d5f5-0bd9-4b8f-b08a-120d8e7926d7 | S45: 1000 | T45: ml | U45: 400051 | V45: https://www.zepto.com/pn/storia-tender-coconut-water/pvid/7f630712-149f-46c9-b52f-4b2c09e3d27d | W45: 2026-09-10 21:56:19
A46: 400051 | B46: Lipton Lemon Iced Tea | C46: Nestea Lemon Iced Tea Premix | D46: In Stock | F46: 350 ml | G46: 350 | H46: ml | I46: Cold Drinks & Juices | J46: Cold Coffee & Ice Tea | L46: https://www.zepto.com/pn/nestea-lemon-iced-tea-premix/pvid/7f8ee41e-37c9-4a2a-88f1-1d6656efa7ec | N46: 197 | O46: 220 | Q46: 1 pack (400 g) | R46: 4a54d5f5-0bd9-4b8f-b08a-120d8e7926d7 | S46: 400 | T46: g | U46: 400051 | V46: https://www.zepto.com/pn/nestea-lemon-iced-tea-premix/pvid/7f8ee41e-37c9-4a2a-88f1-1d6656efa7ec | W46: 2026-09-10 21:56:28
A47: 400051 | B47: Nescafe Ready to Drink Cold Coffee, Iced Latte | C47: Nescafe Ready to Drink Cold Coffee| Iced Latte | D47: In Stock | F47: 180 ml | G47: 180 | H47: ml | I47: Cold Drinks & Juices | J47: Cold Coffee & Ice Tea | L47: https://www.zepto.com/pn/nescafe-ready-to-drink-coffee-flavoured-milk-iced-latte-cold-coffee/pvid/23af84bb-d823-4783-8f7e-aac7ba7346cd | N47: 40 | O47: 45 | Q47: 1 pc (180 ml) | R47: 4a54d5f5-0bd9-4b8f-b08a-120d8e7926d7 | S47: 180 | T47: ml | U47: 400051 | V47: https://www.zepto.com/pn/nescafe-ready-to-drink-coffee-flavoured-milk-iced-latte-cold-coffee/pvid/23af84bb-d823-4783-8f7e-aac7ba7346cd | W47: 2026-09-10 21:56:36
A48: 400051 | B48: Hamdard Rooh Afza Rose Sharbat | C48: Hamdard Rooh Afza Rose Sharbat | D48: Out of Stock | F48: 750 ml | G48: 750 | H48: ml | I48: Cold Drinks & Juices | J48: Concentrates & Syrups | L48: https://www.zepto.com/pn/hamdard-rooh-afza-rose-sharbat/pvid/84a94db7-dc56-4738-96f6-ee1740ae42f0 | N48: 170 | O48: 170 | Q48: 1 pc (750 ml) | R48: 4a54d5f5-0bd9-4b8f-b08a-120d8e7926d7 | S48: 750 | T48: ml | U48: 400051 | V48: https://www.zepto.com/pn/hamdard-rooh-afza-rose-sharbat/pvid/84a94db7-dc56-4738-96f6-ee1740ae42f0 | W48: 2026-09-10 21:56:45
A49: 400051 | B49: Red Bull Energy Drink | C49: Red Bull Energy Drink | D49: In Stock | F49: 250 ml | G49: 250 | H49: ml | I49: Cold Drinks & Juices | J49: Energy Drinks | L49: https://www.zepto.com/pn/red-bull-energy-drink-ready-to-drink-beverage/pvid/6d6381a9-3992-4e77-84b8-0d5200d6e92a | N49: 109 | O49: 125 | Q49: 1 pc (250 ml) | R49: 4a54d5f5-0bd9-4b8f-b08a-120d8e7926d7 | S49: 250 | T49: ml | U49: 400051 | V49: https://www.zepto.com/pn/red-bull-energy-drink-ready-to-drink-beverage/pvid/6d6381a9-3992-4e77-84b8-0d5200d6e92a | W49: 2026-09-10 21:56:53
A50: 400051 | B50: Real Activ Fibre+ Multi Fruit Juice | C50: Real Activ Mixed Fruit Juice | D50: Out of Stock | F50: 1 ltr | G50: 1000 | H50: ml | I50: Cold Drinks & Juices | J50: Fruit Juice | L50: https://www.zepto.com/pn/real-activ-mixed-fruit-juice-no-added-sugars-preservatives/pvid/3d8616d1-16f2-4590-bbc1-a7003cb10f50 | N50: 144 | O50: 160 | Q50: 1 pc (1 L) | R50: 4a54d5f5-0bd9-4b8f-b08a-120d8e7926d7 | S50: 1000 | T50: ml | U50: 400051 | V50: https://www.zepto.com/pn/real-activ-mixed-fruit-juice-no-added-sugars-preservatives/pvid/3d8616d1-16f2-4590-bbc1-a7003cb10f50 | W50: 2026-09-10 21:57:01
... A67: 400051 | B67: Epigamia Alphonso Mango Flavoured Yogurt | C67: Epigamia Greek Yogurt- Alphonso Mango | D67: In Stock | F67: 75 g | G67: 75 | H67: g | I67: Dairy & Breakfast | J67: Curd & Yogurt | L67: https://www.zepto.com/pn/epigamia-greek-yogurt-alphonso-mango/pvid/03ea892c-6de0-423a-a2a2-e531f220fb86 | N67: 60 | O67: 60 | Q67: 1 pc (85 g) | R67: 4a54d5f5-0bd9-4b8f-b08a-120d8e7926d7 | S67: 85 | T67: g | U67: 400051 | V67: https://www.zepto.com/pn/epigamia-greek-yogurt-alphonso-mango/pvid/03ea892c-6de0-423a-a2a2-e531f220fb86 | W67: 2026-09-10 21:59:24
A68: 400051 | B68: Licious Farm Fresh Classic White Protein Rich Eggs | C68: Eggoz Protein Rich Farm Fresh White Eggs | D68: In Stock | F68: 6 pcs | G68: 6 | H68: pcs | I68: Dairy & Breakfast | J68: Eggs | L68: https://www.zepto.com/pn/eggoz-protein-rich-farm-fresh-white-eggs/pvid/3e5b5972-959f-4862-b1f9-b478d4c710a4 | N68: 132 | O68: 165 | Q68: 1 pack (10 pcs) | R68: 4a54d5f5-0bd9-4b8f-b08a-120d8e7926d7 | U68: 400051 | V68: https://www.zepto.com/pn/eggoz-protein-rich-farm-fresh-white-eggs/pvid/3e5b5972-959f-4862-b1f9-b478d4c710a4 | W68: 2026-09-10 21:59:32
A69: 400051 | B69: Kellogg's Corn Flakes Original | C69: Kellogg's Corn Flakes Original | Power Breakfast | 7 Vitamins | D69: Out of Stock | F69: 475 g | G69: 475 | H69: g | I69: Dairy & Breakfast | J69: Flakes & Kids Cereals | L69: https://www.zepto.com/pn/kelloggs-corn-flakes-original-power-breakfast-7-vitamins/pvid/c651ae42-04a6-47a9-8695-ea3465358483 | N69: 110 | O69: 115 | Q69: 1 pack (250 g) | R69: 4a54d5f5-0bd9-4b8f-b08a-120d8e7926d7 | S69: 250 | T69: g | U69: 400051 | V69: https://www.zepto.com/pn/kelloggs-corn-flakes-original-power-breakfast-7-vitamins/pvid/c651ae42-04a6-47a9-8695-ea3465358483 | W69: 2026-09-10 21:59:40
A70: 400051 | B70: Dabur Honey Squeezy | C70: Dabur Honey Squeezy | Totally Pure | World's No.1 Honey Brand | Buy 1 Get 1 Free | D70: In Stock | F70: 450 g | G70: 450 | H70: g | I70: Dairy & Breakfast | J70: Honey & Chyawanprash | L70: https://www.zepto.com/pn/dabur-honey-squeezy-totally-pure-worlds-no1-honey-brand-buy-1-get-1-free/pvid/2a43440c-846b-4fb5-9bc7-3a8e5f329e9a | N70: 167 | O70: 249 | Q70: 2 x 225 g | R70: 4a54d5f5-0bd9-4b8f-b08a-120d8e7926d7 | S70: 450 | T70: g | U70: 400051 | V70: https://www.zepto.com/pn/dabur-honey-squeezy-totally-pure-worlds-no1-honey-brand-buy-1-get-1-free/pvid/2a43440c-846b-4fb5-9bc7-3a8e5f329e9a | W70: 2026-09-10 21:59:47
A71: 400051 | B71: Amul Sweet Lassi | C71: Amul Lassi | D71: In Stock | F71: 200 ml | G71: 200 | H71: ml | I71: Dairy & Breakfast | J71: Lassi, Shakes & More | L71: https://www.zepto.com/pn/amul-lassi/pvid/f022d1d5-14a0-4c0f-a084-4339f3a84b1b | N71: 20 | O71: 20 | Q71: 1 pack (200 ml) | R71: 4a54d5f5-0bd9-4b8f-b08a-120d8e7926d7 | S71: 200 | T71: ml | U71: 400051 | V71: https://www.zepto.com/pn/amul-lassi/pvid/f022d1d5-14a0-4c0f-a084-4339f3a84b1b | W71: 2026-09-10 21:59:56
A72: 400051 | B72: Amul Cow Milk | C72: Amul Cow Fresh Milk | Pouch | D72: Out of Stock | F72: 500 ml | G72: 500 | H72: ml | I72: Dairy & Breakfast | J72: Milk | L72: https://www.zepto.com/pn/amul-cow-fresh-milk-pouch/pvid/8de1592a-3b72-4b0a-8527-ef59c4620410 | N72: 26 | O72: 30 | Q72: 1 pack (500 ml) | R72: 4a54d5f5-0bd9-4b8f-b08a-120d8e7926d7 | S72: 500 | T72: ml | U72: 400051 | V72: https://www.zepto.com/pn/amul-cow-fresh-milk-pouch/pvid/8de1592a-3b72-4b0a-8527-ef59c4620410 | W72: 2026-09-10 22:00:04
A73: 400051 | B73: Amul Taaza Toned Milk | C73: Amul Taaza Toned Fresh Milk | Pouch | D73: Out of Stock | F73: 500 ml | G73: 500 | H73: ml | I73: Dairy & Breakfast | J73: Milk | L73: https://www.zepto.com/pn/amul-taaza-toned-fresh-milk-pouch/pvid/9d447ba5-1d35-46e1-bc64-e932135d026f | N73: 30 | O73: 30 | Q73: 1 pack (500 ml) | R73: 74aa405e-238e-4103-abb3-096bd7e6f553 | S73: 500 | T73: ml | U73: 400051 | V73: https://www.zepto.com/pn/amul-taaza-toned-fresh-milk-pouch/pvid/9d447ba5-1d35-46e1-bc64-e932135d026f | W73: 2026-09-10 22:00:13
A74: 400051 | B74: Kellogg's Fruit, Nut & Seeds Muesli | C74: Kellogg's Muesli Fruit Nut &amp; Seeds | D74: In Stock | F74: 500 g | G74: 500 | H74: g | I74: Dairy & Breakfast | J74: Muesli & Granola | L74: https://www.zepto.com/pn/kelloggs-muesli-fruit-nut-and-seeds-12-in-1-power-breakfast-no-maida-no-palm-oil/pvid/df4df3dc-e21f-4ee1-a829-07b1b0dcd351 | N74: 354 | O74: 365 | Q74: 1 pack (500 g) | R74: 74aa405e-238e-4103-abb3-096bd7e6f553 | S74: 500 | T74: g | U74: 400051 | V74: https://www.zepto.com/pn/kelloggs-muesli-fruit-nut-and-seeds-12-in-1-power-breakfast-no-maida-no-palm-oil/pvid/df4df3dc-e21f-4ee1-a829-07b1b0dcd351 | W74: 2026-09-10 22:00:22
A75: 400051 | B75: Quaker Rolled Instant Oats | C75: Quaker Rolled Instant Oats | High Protein Breakfast Cereal | D75: In Stock | F75: 400 g | G75: 400 | H75: g | I75: Dairy & Breakfast | J75: Oats | L75: https://www.zepto.com/pn/quaker-rolled-instant-oats-high-protein-breakfast-cereal/pvid/e3c72ece-b8f3-4443-b12c-500be91dc767 | N75: 159 | O75: 210 | Q75: 1 pack (1 kg) | R75: 74aa405e-238e-4103-abb3-096bd7e6f553 | S75: 1000 | T75: g | U75: 400051 | V75: https://www.zepto.com/pn/quaker-rolled-instant-oats-high-protein-breakfast-cereal/pvid/e3c72ece-b8f3-4443-b12c-500be91dc767 | W75: 2026-09-10 22:00:30
A76: 400051 | B76: Amul Fresh Malai Paneer | C76: Amul Fresh Malai Paneer | D76: In Stock | F76: 200 g | G76: 200 | H76: g | I76: Dairy & Breakfast | J76: Paneer & Tofu | L76: https://www.zepto.com/pn/amul-fresh-malai-paneer/pvid/54099eb2-2d08-4013-a822-a3eebc72f19f | N76: 95 | O76: 95 | Q76: 1 pack (200 g) | R76: 74aa405e-238e-4103-abb3-096bd7e6f553 | S76: 200 | T76: g | U76: 400051 | V76: https://www.zepto.com/pn/amul-fresh-malai-paneer/pvid/54099eb2-2d08-4013-a822-a3eebc72f19f | W76: 2026-09-10 22:00:39
A77: 400051 | B77: Tata Sampann Thin Poha | C77: Tata Sampann High in Fibre Poha | D77: In Stock | F77: 500 g | G77: 500 | H77: g | I77: Dairy & Breakfast | J77: Poha, Daliya & Other Grains | L77: https://www.zepto.com/pn/tata-sampann-high-in-fibre-poha/pvid/21d8b605-47ae-4e2d-8ec0-5e7e728a68de | N77: 49 | O77: 57 | Q77: 1 pack (500 g) | R77: 74aa405e-238e-4103-abb3-096bd7e6f553 | S77: 500 | T77: g | U77: 400051 | V77: https://www.zepto.com/pn/tata-sampann-high-in-fibre-poha/pvid/21d8b605-47ae-4e2d-8ec0-5e7e728a68de | W77: 2026-09-10 22:00:47
A78: 400051 | B78: MTR Roasted Vermicelli | C78: MTR Roasted Vermicelli | D78: Out of Stock | F78: 850 g | G78: 850 | H78: g | I78: Dairy & Breakfast | J78: Vermicelli | L78: https://www.zepto.com/pn/mtr-roasted-vermicelli/pvid/676f68e5-b139-442f-85d0-e5a98df7a982 | N78: 61 | O78: 67 | Q78: 1 pack (400 g) | R78: 74aa405e-238e-4103-abb3-096bd7e6f553 | S78: 400 | T78: g | U78: 400051 | V78: https://www.zepto.com/pn/mtr-roasted-vermicelli/pvid/676f68e5-b139-442f-85d0-e5a98df7a982 | W78: 2026-09-10 22:00:56
A79: 400051 | B79: Happilo Premium Natural Californian Almonds | C79: Happilo Popular California Almonds | D79: In Stock | F79: 200 g | G79: 200 | H79: g | I79: Dry Fruits, Masala & Oil | J79: Dry Fruits | L79: https://www.zepto.com/pn/happilo-popular-california-almonds-badam-giri-dry-fruits/pvid/001c9b87-508c-4d3c-ac83-dcae6dc92d25 | N79: 532 | O79: 650 | Q79: 1 pack (400 g) | R79: 74aa405e-238e-4103-abb3-096bd7e6f553 | S79: 400 | T79: g | U79: 400051 | V79: https://www.zepto.com/pn/happilo-popular-california-almonds-badam-giri-dry-fruits/pvid/001c9b87-508c-4d3c-ac83-dcae6dc92d25 | W79: 2026-09-10 22:01:04
A80: 400051 | B80: Amul Pure Ghee | C80: Amul Pure Ghee Pouch | D80: Out of Stock | F80: 1 ltr | G80: 1000 | H80: ml | I80: Dry Fruits, Masala & Oil | J80: Ghee & Vanaspati | L80: https://www.zepto.com/pn/amul-pure-ghee-pouch-classic-authentic/pvid/b3627f55-0813-4b59-9133-ba0f7d956b88 | N80: 623 | O80: 640 | Q80: 1 pack (1 L) | R80: 74aa405e-238e-4103-abb3-096bd7e6f553 | S80: 1000 | T80: ml | U80: 400051 | V80: https://www.zepto.com/pn/amul-pure-ghee-pouch-classic-authentic/pvid/b3627f55-0813-4b59-9133-ba0f7d956b88 | W80: 2026-09-10 22:01:13
... A96: 400051 | B96: Kettle Studio Rock Sea Salt & English Vinegar Potato Chips | C96: Kettle Studio Rock Sea Salt &amp; English Vinegar Potato Chips | D96: Out of Stock | F96: 113 g | G96: 113 | H96: g | I96: Organic & Premium | J96: Snacks & Munchies | L96: https://www.zepto.com/pn/kettle-studio-rock-sea-salt-english-vinegar-potato-chips/pvid/2ce31646-4aba-41c8-a5f6-2aa57c9597bd | N96: 99 | O96: 99 | Q96: 1 pack (113 g or 120 g) | R96: 74aa405e-238e-4103-abb3-096bd7e6f553 | S96: 113 | T96: g | U96: 400051 | V96: https://www.zepto.com/pn/kettle-studio-rock-sea-salt-english-vinegar-potato-chips/pvid/2ce31646-4aba-41c8-a5f6-2aa57c9597bd | W96: 2026-09-10 22:03:27
A97: 400051 | B97: Marlboro Advance Compact | C97: Marlboro Gold Advance | D97: In Stock | F97: 10 pcs | G97: 10 | H97: pcs | I97: Paan Corner | J97: Cigarettes | L97: https://www.zepto.com/pn/marlboro-gold-advance/pvid/dd123d9e-6538-4481-9bbc-82d8b1846dcf | N97: 240 | O97: 240 | Q97: 1 pack (10 pcs) | R97: 74aa405e-238e-4103-abb3-096bd7e6f553 | U97: 400051 | V97: https://www.zepto.com/pn/marlboro-gold-advance/pvid/dd123d9e-6538-4481-9bbc-82d8b1846dcf | W97: 2026-09-10 22:03:35
A98: 400051 | B98: Nicotex Mint Plus Nicotine Gum | C98: Nicotex Gums Mint Plus 2mg Tin | D98: Out of Stock | F98: 44 pcs | G98: 44 | H98: pcs | I98: Paan Corner | J98: Smoking Cessation | L98: https://www.zepto.com/pn/nicotex-gums-mint-plus-2mg-tin/pvid/8234eb8e-6114-4361-9ce4-55444988cc49 | N98: 279 | O98: 300.01 | Q98: 1 pack (25 pcs) | R98: 74aa405e-238e-4103-abb3-096bd7e6f553 | U98: 400051 | V98: https://www.zepto.com/pn/nicotex-gums-mint-plus-2mg-tin/pvid/8234eb8e-6114-4361-9ce4-55444988cc49 | W98: 2026-09-10 22:03:43
A99: 400051 | B99: Dettol Original Bathing Bar | C99: Dettol Original Bathing Soap Bar with 12hr Protective Shield | D99: In Stock | F99: 150 g | G99: 150 | H99: g | I99: Personal Care | J99: Bathing Soaps | L99: https://www.zepto.com/pn/dettol-original-bathing-soap-bar-with-12hr-protective-shield/pvid/e58800c0-17aa-4d6a-80d0-c900ccea9d51 | N99: 160 | O99: 178 | Q99: 1 pack (4 x 100 g) | R99: 74aa405e-238e-4103-abb3-096bd7e6f553 | S99: 400 | T99: g | U99: 400051 | V99: https://www.zepto.com/pn/dettol-original-bathing-soap-bar-with-12hr-protective-shield/pvid/e58800c0-17aa-4d6a-80d0-c900ccea9d51 | W99: 2026-09-10 22:03:52
A100: 400051 | B100: Nivea Men Fresh Active Men's Roll On | C100: Nivea Fresh Active Underarm Roll On 72h Protection | D100: Out of Stock | F100: 50 ml | G100: 50 | H100: ml | I100: Personal Care | J100: Deodorant & Talc | L100: https://www.zepto.com/pn/nivea-fresh-active-underarm-roll-on-72h-protection/pvid/1a57ddc5-bfa3-414e-bc20-67decf8ad872 | N100: 162 | O100: 249 | Q100: 1 pc (50 ml) | R100: 74aa405e-238e-4103-abb3-096bd7e6f553 | S100: 50 | T100: ml | U100: 400051 | V100: https://www.zepto.com/pn/nivea-fresh-active-underarm-roll-on-72h-protection/pvid/1a57ddc5-bfa3-414e-bc20-67decf8ad872 | W100: 2026-09-10 22:04:00
A101: 400051 | B101: Nivea Cocoa Nourish Body Lotion | C101: NIVEA Cocoa Nourish Body Lotion | D101: Out of Stock | F101: 400 ml | G101: 400 | H101: ml | I101: Personal Care | J101: Face & Body Moisturizers | L101: https://www.zepto.com/pn/nivea-cocoa-nourish-body-lotiondeep-moisture-serumnon-greasymoisturiser-for-very-dry-skin/pvid/c3b939d1-e0cf-4af1-92b0-c6a7223034ce | N101: 294 | O101: 599 | Q101: 1 pc (400 ml) | R101: 74aa405e-238e-4103-abb3-096bd7e6f553 | S101: 400 | T101: ml | U101: 400051 | V101: https://www.zepto.com/pn/nivea-cocoa-nourish-body-lotiondeep-moisture-serumnon-greasymoisturiser-for-very-dry-skin/pvid/c3b939d1-e0cf-4af1-92b0-c6a7223034ce | W101: 2026-09-10 22:04:08
A102: 400051 | B102: Himalaya Purifying Neem Face Wash | C102: Himalaya Natural Glow Kesar Face Wash | D102: Out of Stock | F102: 150 ml | G102: 150 | H102: ml | I102: Personal Care | J102: Face Cleaning | L102: https://www.zepto.com/pn/himalaya-natural-glow-kesar-face-wash/pvid/68d5eacf-33ae-459b-a6c1-310f1fd1c4a4 | N102: 179 | O102: 279 | Q102: 1 pc (150 ml) | R102: 74aa405e-238e-4103-abb3-096bd7e6f553 | S102: 150 | T102: ml | U102: 400051 | V102: https://www.zepto.com/pn/himalaya-natural-glow-kesar-face-wash/pvid/68d5eacf-33ae-459b-a6c1-310f1fd1c4a4 | W102: 2026-09-10 22:04:16
A103: 400051 | B103: Whisper Choice Ultra Sanitary Pads | C103: Whisper Choice Ultra XL Sanitary Pads | D103: In Stock | F103: 20 pcs | G103: 20 | H103: pcs | I103: Personal Care | J103: Feminine Care | L103: https://www.zepto.com/pn/whisper-choice-ultra-xl-sanitary-pads/pvid/f0673c5f-92d3-4a63-90c4-54ae0e764887 | N103: 50 | O103: 50 | Q103: 1 pack (6 pcs) | R103: 74aa405e-238e-4103-abb3-096bd7e6f553 | U103: 400051 | V103: https://www.zepto.com/pn/whisper-choice-ultra-xl-sanitary-pads/pvid/f0673c5f-92d3-4a63-90c4-54ae0e764887 | W103: 2026-09-10 22:04:25
A104: 400051 | B104: Dove Daily Shine Shampoo For Dull Hair | C104: Dove Daily Shine Shampoo | D104: In Stock | F104: 340 ml | G104: 340 | H104: ml | I104: Personal Care | J104: Hair Care | L104: https://www.zepto.com/pn/dove-daily-shine-shampoo/pvid/b45fe06f-fd6c-4f9f-acdb-55a7868e9561 | N104: 188 | O104: 189 | Q104: 1 pc (180 ml) | R104: 74aa405e-238e-4103-abb3-096bd7e6f553 | S104: 180 | T104: ml | U104: 400051 | V104: https://www.zepto.com/pn/dove-daily-shine-shampoo/pvid/b45fe06f-fd6c-4f9f-acdb-55a7868e9561 | W104: 2026-09-10 22:04:33
A105: 400051 | B105: Parachute 100% Pure Coconut Oil | C105: Parachute Coconut Oil | D105: In Stock | F105: 300 ml | G105: 300 | H105: ml | I105: Personal Care | J105: Hair Care | L105: https://www.zepto.com/pn/parachute-100-pure-coconut-oil/pvid/709bd327-baf4-4104-a46d-fdba2b80b99c | N105: 170 | O105: 199 | Q105: 1 pc (300 ml or 330 ml) | R105: 74aa405e-238e-4103-abb3-096bd7e6f553 | S105: 300 | T105: ml | U105: 400051 | V105: https://www.zepto.com/pn/parachute-100-pure-coconut-oil/pvid/709bd327-baf4-4104-a46d-fdba2b80b99c | W105: 2026-09-10 22:04:42
A106: 400051 | B106: Dettol Skincare Hand Wash Refill | C106: Dettol Skincare Hand Wash Refill | D106: In Stock | F106: 675 ml | G106: 675 | H106: ml | I106: Personal Care | J106: Handwash | L106: https://www.zepto.com/pn/dettol-skincare-hand-wash-refill-moisturizing-handwash-ph-balance-gentle-on-skin/pvid/37e5968e-ebfc-482e-a645-1c499aa4f75b | N106: 101 | O106: 109 | Q106: 675 ml | R106: 74aa405e-238e-4103-abb3-096bd7e6f553 | S106: 675 | T106: ml | U106: 400051 | V106: https://www.zepto.com/pn/dettol-skincare-hand-wash-refill-moisturizing-handwash-ph-balance-gentle-on-skin/pvid/37e5968e-ebfc-482e-a645-1c499aa4f75b | W106: 2026-09-10 22:04:50
A107: 400051 | B107: Gillette Mach 3 Men's Razor | C107: Gillette Mach3 Men's Razor with 2 Cartridges | D107: Out of Stock | F107: 1 pc | G107: 1 | H107: pcs | I107: Personal Care | J107: Men's Grooming | L107: https://www.zepto.com/pn/gillette-mach3-mens-razor-with-2-cartridges/pvid/2ca03ded-aefb-4238-b02c-2574a851d3cc | N107: 399 | O107: 474 | Q107: 1 set | R107: 74aa405e-238e-4103-abb3-096bd7e6f553 | U107: 400051 | V107: https://www.zepto.com/pn/gillette-mach3-mens-razor-with-2-cartridges/pvid/2ca03ded-aefb-4238-b02c-2574a851d3cc | W107: 2026-09-10 22:04:58
A108: 400051 | B108: Colgate Strong Teeth Anticavity Toothpaste (150 g) | C108: Colgate Strong Teeth Anticavity Toothpaste | D108: In Stock | F108: 150 g | G108: 150 | H108: g | I108: Personal Care | J108: Oral Care | L108: https://www.zepto.com/pn/colgate-strong-teeth-anticavity-toothpaste/pvid/832ae6e2-385b-41c3-823e-d08b41a9a9a7 | N108: 103 | O108: 103 | Q108: 1 pc (150 g) | R108: 74aa405e-238e-4103-abb3-096bd7e6f553 | S108: 150 | T108: g | U108: 400051 | V108: https://www.zepto.com/pn/colgate-strong-teeth-anticavity-toothpaste/pvid/832ae6e2-385b-41c3-823e-d08b41a9a9a7 | W108: 2026-09-10 22:05:06
A109: 400051 | B109: Dove Refreshing Body Wash | C109: Dove Deeply Nourishing Body Wash | D109: In Stock | F109: 190 ml | G109: 190 | H109: ml | I109: Personal Care | J109: Shower Gels & Body Wash | L109: https://www.zepto.com/pn/dove-deeply-nourishing-body-wash/pvid/dca9c355-4eb0-463c-8378-5d6f5e7cf94e | N109: 170 | O109: 195 | Q109: 1 pack (250 ml or 300 ml) | R109: 74aa405e-238e-4103-abb3-096bd7e6f553 | S109: 250 | T109: ml | U109: 400051 | V109: https://www.zepto.com/pn/dove-deeply-nourishing-body-wash/pvid/dca9c355-4eb0-463c-8378-5d6f5e7cf94e | W109: 2026-09-10 22:05:14
A110: 400051 | B110: Lakme Sunscreen Gel (SPF 50 PA++++) | C110: Lakme Matte Sunscreen SPF 50 PA+++ UVA | D110: Out of Stock | F110: 50 g | G110: 50 | H110: g | I110: Personal Care | J110: Sunscreen | L110: https://www.zepto.com/pn/lakme-matte-sunscreen-spf-50-pa-uvab-protection/pvid/e988bffa-4f4e-44fa-8421-3e7c68555fd4 | N110: 279 | O110: 395 | Q110: 1 pc (50 ml) | R110: 74aa405e-238e-4103-abb3-096bd7e6f553 | S110: 50 | T110: ml | U110: 400051 | V110: https://www.zepto.com/pn/lakme-matte-sunscreen-spf-50-pa-uvab-protection/pvid/e988bffa-4f4e-44fa-8421-3e7c68555fd4 | W110: 2026-09-10 22:05:23
A111: 400051 | B111: Dettol Antiseptic Liquid - 250 ml | C111: Dettol Antiseptic Liquid for First Aid, Surface Disinfection and Personal Hygiene | D111: In Stock | F111: 250 ml | G111: 250 | H111: ml | I111: Pharma & Wellness | J111: Antiseptic Liquid | L111: https://www.zepto.com/pn/dettol-antiseptic-liquid-for-first-aid-surface-disinfection-and-personal-hygiene/pvid/47d17b95-f6b5-413d-9f67-5b8bc04a31fb | N111: 167 | O111: 167.34 | Q111: 1 pc (250 ml) | R111: 74aa405e-238e-4103-abb3-096bd7e6f553 | S111: 250 | T111: ml | U111: 400051 | V111: https://www.zepto.com/pn/dettol-antiseptic-liquid-for-first-aid-surface-disinfection-and-personal-hygiene/pvid/47d17b95-f6b5-413d-9f67-5b8bc04a31fb | W111: 2026-09-10 22:05:31
A112: 400051 | B112: Dettol Original Instant Hand Sanitizer | C112: Dettol Original Instant Hand Sanitizer Bottle | D112: Out of Stock | F112: 50 ml | G112: 50 | H112: ml | I112: Pharma & Wellness | J112: Masks & Sanitizers | L112: https://www.zepto.com/pn/dettol-original-instant-hand-sanitizer-bottle/pvid/1d0e0824-4bf0-4380-b0d4-6bc9f7ac0c15 | N112: 33 | O112: 35 | Q112: 1 pc (52 ml) | R112: 74aa405e-238e-4103-abb3-096bd7e6f553 | S112: 52 | T112: ml | U112: 400051 | V112: https://www.zepto.com/pn/dettol-original-instant-hand-sanitizer-bottle/pvid/1d0e0824-4bf0-4380-b0d4-6bc9f7ac0c15 | W112: 2026-09-10 22:05:39
A113: 400051 | B113: Crocin 650 Tablets | C113: Crocin Advance Tablet | D113: Out of Stock | F113: 15 tabs | G113: 15 | H113: pcs | I113: Pharma & Wellness | J113: Non-Prescription Medicines | L113: https://www.zepto.com/pn/crocin-advance-tablet/pvid/7193df5a-5e43-4403-b9d6-03de1fc7dff4 | N113: 18 | O113: 19.31 | Q113: 20 Tablets | R113: 74aa405e-238e-4103-abb3-096bd7e6f553 | U113: 400051 | V113: https://www.zepto.com/pn/crocin-advance-tablet/pvid/7193df5a-5e43-4403-b9d6-03de1fc7dff4 | W113: 2026-09-10 22:05:48
A114: 400051 | B114: Eno Lemon Antacid | C114: ENO Lemon Ayurvedic Antacid, Gets to Work in 6 Secs for Instant Acidity Relief - Pack of 6 Sachets | D114: In Stock | F114: 30 g | G114: 30 | H114: g | I114: Pharma & Wellness | J114: Pure OTC | L114: https://www.zepto.com/pn/eno-lemon-ayurvedic-antacid-gets-to-work-in-6-secs-for-instant-acidity-relief-pack-of-6-sachets/pvid/7ded9498-26ea-4b7d-bb39-5302752ab96a | N114: 54 | O114: 60 | Q114: 1 pack (6 pcs) | R114: 74aa405e-238e-4103-abb3-096bd7e6f553 | U114: 400051 | V114: https://www.zepto.com/pn/eno-lemon-ayurvedic-antacid-gets-to-work-in-6-secs-for-instant-acidity-relief-pack-of-6-sachets/pvid/7ded9498-26ea-4b7d-bb39-5302752ab96a | W114: 2026-09-10 22:05:56
A115: 400051 | B115: Durex Extra Dots Condom | C115: Durex Extra Ribbed \u0026 Dotted Condom | D115: Out of Stock | F115: 10 pcs | G115: 10 | H115: pcs | I115: Pharma & Wellness | J115: Sexual Wellness | L115: https://www.zepto.com/pn/durex-extra-ribbed-dotted-condom/pvid/d3763834-3b0c-40fe-8a17-17a6050aac83 | N115: 376 | O115: 427 | Q115: 1pack (12 pcs) | R115: 74aa405e-238e-4103-abb3-096bd7e6f553 | U115: 400051 | V115: https://www.zepto.com/pn/durex-extra-ribbed-dotted-condom/pvid/d3763834-3b0c-40fe-8a17-17a6050aac83 | W115: 2026-09-10 22:06:04
A116: 400051 | B116: Ching's Secret Dark Soy Sauce Rich, Brown and Zesty | C116: Ching's Secret Dark Soy Sauce, Rich, Brown and Zesty | D116: Out of Stock | F116: 210 g | G116: 210 | H116: g | I116: Sauces & Spreads | J116: Asian Sauces | L116: https://www.zepto.com/pn/chings-secret-dark-soy-sauce-rich-brown-and-zesty/pvid/c1694850-d698-470b-ba2d-3fba83d3a49b | N116: 56 | O116: 60 | Q116: 1 pc (210 g) | R116: 74aa405e-238e-4103-abb3-096bd7e6f553 | S116: 210 | T116: g | U116: 400051 | V116: https://www.zepto.com/pn/chings-secret-dark-soy-sauce-rich-brown-and-zesty/pvid/c1694850-d698-470b-ba2d-3fba83d3a49b | W116: 2026-09-10 22:06:13
A117: 400051 | B117: Veeba Salsa Dip | C117: Veeba Salsa Dip | D117: Out of Stock | F117: 360 g | G117: 360 | H117: g | I117: Sauces & Spreads | J117: Dips & Salad Dressings | L117: https://www.zepto.com/pn/veeba-salsa-dip/pvid/aeecb788-d5a5-4adc-8f53-8c1e0fd5f9c5 | N117: 150 | O117: 175 | Q117: 1 pc (360 g) | R117: 74aa405e-238e-4103-abb3-096bd7e6f553 | S117: 360 | T117: g | U117: 400051 | V117: https://www.zepto.com/pn/veeba-salsa-dip/pvid/aeecb788-d5a5-4adc-8f53-8c1e0fd5f9c5 | W117: 2026-09-10 22:06:21
A118: 400051 | B118: Mother's Recipe Mango Pickle | C118: Mother's Recipe Mango Pickle | D118: Out of Stock | F118: 1 kg | G118: 1000 | H118: g | I118: Sauces & Spreads | J118: Indian Chutney & Pickle | L118: https://www.zepto.com/pn/mothers-recipe-mango-pickle/pvid/4b4f3888-d771-4486-9735-1cc3f94f0e98 | N118: 110 | O118: 110 | Q118: 1 pc (300 g) | R118: 74aa405e-238e-4103-abb3-096bd7e6f553 | S118: 300 | T118: g | U118: 400051 | V118: https://www.zepto.com/pn/mothers-recipe-mango-pickle/pvid/4b4f3888-d771-4486-9735-1cc3f94f0e98 | W118: 2026-09-10 22:06:29
A119: 400051 | B119: Kissan Mixed Fruit Jam | C119: Kissan Mixed Fruit Jam | D119: In Stock | F119: 700 g | G119: 700 | H119: g | I119: Sauces & Spreads | J119: Jam & Spreads | L119: https://www.zepto.com/pn/kissan-mixed-fruit-jam/pvid/d8d5be26-c3b0-4d88-87d5-eaa91c493a49 | N119: 89 | O119: 90 | Q119: 1 pc (200 g) | R119: 74aa405e-238e-4103-abb3-096bd7e6f553 | S119: 200 | T119: g | U119: 400051 | V119: https://www.zepto.com/pn/kissan-mixed-fruit-jam/pvid/d8d5be26-c3b0-4d88-87d5-eaa91c493a49 | W119: 2026-09-10 22:06:38
A120: 400051 | B120: Veeba Veg Mayonnaise | C120: Veeba Veg Mayonnaise Eggless | D120: In Stock | F120: 250 g | G120: 250 | H120: g | I120: Sauces & Spreads | J120: Mayonnaise | L120: https://www.zepto.com/pn/veeba-veg-mayonnaise-eggless/pvid/d5848e12-f9e0-4c7c-b664-ece2cf622f43 | N120: 74 | O120: 95 | Q120: 1 pc (250 g) | R120: 74aa405e-238e-4103-abb3-096bd7e6f553 | S120: 250 | T120: g | U120: 400051 | V120: https://www.zepto.com/pn/veeba-veg-mayonnaise-eggless/pvid/d5848e12-f9e0-4c7c-b664-ece2cf622f43 | W120: 2026-09-10 22:06:46
A121: 400051 | B121: Maggi Rich Tomato Ketchup | C121: Maggi Rich Tomato Ketchup | D121: Out of Stock | F121: 190 g | G121: 190 | H121: g | I121: Sauces & Spreads | J121: Tomato & Chilli Ketchup | L121: https://www.zepto.com/pn/maggi-rich-tomato-ketchup/pvid/707b0ef0-2bb4-46d1-bcef-6671d283ceb2 | N121: 153 | O121: 170 | Q121: 1 pc (960 g) | R121: 74aa405e-238e-4103-abb3-096bd7e6f553 | S121: 960 | T121: g | U121: 400051 | V121: https://www.zepto.com/pn/maggi-rich-tomato-ketchup/pvid/707b0ef0-2bb4-46d1-bcef-6671d283ceb2 | W121: 2026-09-10 22:06:55
A122: 400051 | B122: Cadbury Dairy Milk Chocolate Bar | C122: Cadbury Dairy Milk Chocolate Bar | D122: In Stock | F122: 26 g | G122: 26 | H122: g | I122: Sweet Tooth | J122: Chocolates | L122: https://www.zepto.com/pn/cadbury-dairy-milk-chocolate-bar/pvid/97f20fe1-cf1b-4017-828a-f88336202c42 | N122: 26 | O122: 26 | Q122: 1 pc (25 g) | R122: 74aa405e-238e-4103-abb3-096bd7e6f553 | S122: 25 | T122: g | U122: 400051 | V122: https://www.zepto.com/pn/cadbury-dairy-milk-chocolate-bar/pvid/97f20fe1-cf1b-4017-828a-f88336202c42 | W122: 2026-09-10 22:07:04
A123: 400051 | B123: Amul Gold Vanilla Magic Ice Cream Tub | C123: Go Zero French Vanilla Guilt Free Ice Cream Tub | D123: In Stock | F123: 1 ltr | G123: 1000 | H123: ml | I123: Sweet Tooth | J123: Ice Cream & Frozen Dessert | L123: https://www.zepto.com/pn/amul-vanilla-magic-ice-cream-tub-creamy-delight/pvid/47be7781-bcb1-44e1-8ecd-9ba393386c69 | N123: 194 | O123: 195 | Q123: 1 pack (1 L) | R123: 74aa405e-238e-4103-abb3-096bd7e6f553 | S123: 1000 | T123: ml | U123: 400051 | V123: https://www.zepto.com/pn/amul-vanilla-magic-ice-cream-tub-creamy-delight/pvid/47be7781-bcb1-44e1-8ecd-9ba393386c69 | W123: 2026-09-10 22:07:13
A124: 400051 | B124: Kwality Walls Cornetto Double Chocolate Frozen Dessert Cone | C124: Go Zero Blueberry Cheesecake Guilt Free Ice Cream Cup | D124: In Stock | F124: 105 ml | G124: 105 | H124: ml | I124: Sweet Tooth | J124: Ice Cream & Frozen Dessert | L124: https://www.zepto.com/pn/kwality-walls-cornetto-double-chocolate-cone/pvid/a4fc31a2-f678-47cd-b0b7-54b2c798fa14 | N124: 39 | O124: 40 | Q124: 1 pc (105 ml) | R124: 74aa405e-238e-4103-abb3-096bd7e6f553 | S124: 105 | T124: ml | U124: 400051 | V124: https://www.zepto.com/pn/kwality-walls-cornetto-double-chocolate-cone/pvid/a4fc31a2-f678-47cd-b0b7-54b2c798fa14 | W124: 2026-09-10 22:07:21
A125: 400051 | B125: Gulab Jamun by Haldiram's | C125: Haldiram's Ghee Gulab Jamun | D125: In Stock | F125: 1 kg | G125: 1000 | H125: g | I125: Sweet Tooth | J125: Indian Sweets | L125: https://www.zepto.com/pn/haldirams-gulab-jamun-authentic-indian-sweet/pvid/b93e6d61-be84-4012-bc00-cf5c12efedc7 | N125: 225 | O125: 225 | Q125: 1 pack (1 kg) | R125: 74aa405e-238e-4103-abb3-096bd7e6f553 | S125: 1000 | T125: g | U125: 400051 | V125: https://www.zepto.com/pn/haldirams-gulab-jamun-authentic-indian-sweet/pvid/b93e6d61-be84-4012-bc00-cf5c12efedc7 | W125: 2026-09-10 22:07:30
A126: 400051 | B126: Nescafe Classic - 100% Pure Instant Coffee Powder | C126: Nescafe Classic - Instant Coffee Powder - Pure Coffee | D126: Out of Stock | F126: 90 g | G126: 90 | H126: g | I126: Tea, Coffee & Milk Drinks | J126: Coffee | L126: https://www.zepto.com/pn/nescafe-classic-instant-coffee-powder-pure-coffee/pvid/777028b6-f2f0-4ce2-aec2-23a0b99cfb41 | N126: 725 | O126: 725 | Q126: 1 pc (180 g) | R126: 74aa405e-238e-4103-abb3-096bd7e6f553 | S126: 180 | T126: g | U126: 400051 | V126: https://www.zepto.com/pn/nescafe-classic-instant-coffee-powder-pure-coffee/pvid/777028b6-f2f0-4ce2-aec2-23a0b99cfb41 | W126: 2026-09-10 22:07:38
A127: 400051 | B127: Lipton Clear & Light Green Tea Bags | C127: Lipton Green Tea| Pure \u0026 Light | D127: Out of Stock | F127: 50 pcs | G127: 50 | H127: pcs | I127: Tea, Coffee & Milk Drinks | J127: Green & Flavoured Tea | L127: https://www.zepto.com/pn/lipton-green-tea-pure-light/pvid/b4c7880a-bf17-4ec6-a459-f8dec064188c | N127: 180 | O127: 200 | Q127: 1 pack (25 pcs) | R127: 74aa405e-238e-4103-abb3-096bd7e6f553 | U127: 400051 | V127: https://www.zepto.com/pn/lipton-green-tea-pure-light/pvid/b4c7880a-bf17-4ec6-a459-f8dec064188c | W127: 2026-09-10 22:07:46
A128: 400051 | B128: Cadbury Hot Chocolate Drink Powder Mix | C128: Cadbury Hot Chocolate Powder | D128: In Stock | F128: 200 g | G128: 200 | H128: g | I128: Tea, Coffee & Milk Drinks | J128: Hot Chocolate | L128: https://www.zepto.com/pn/cadbury-hot-chocolate-powder/pvid/51ba7650-26e0-40b3-8721-e0d6c59e36e9 | N128: 244 | O128: 289 | Q128: 1 pc (200 g) | R128: 74aa405e-238e-4103-abb3-096bd7e6f553 | S128: 200 | T128: g | U128: 400051 | V128: https://www.zepto.com/pn/cadbury-hot-chocolate-powder/pvid/51ba7650-26e0-40b3-8721-e0d6c59e36e9 | W128: 2026-09-10 22:07:55
A129: 400051 | B129: Brooke Bond Red Label Natural Care Tea | C129: Brooke Bond Red Label Natural Care Tea | D129: Out of Stock | F129: 250 g | G129: 250 | H129: g | I129: Tea, Coffee & Milk Drinks | J129: Tea | L129: https://www.zepto.com/pn/brooke-bond-red-label-natural-care-tea/pvid/e68d72eb-60e7-4af3-b212-ba09a4870b67 | N129: 60 | O129: 60 | Q129: 100 g | R129: 74aa405e-238e-4103-abb3-096bd7e6f553 | S129: 100 | T129: g | U129: 400051 | V129: https://www.zepto.com/pn/brooke-bond-red-label-natural-care-tea/pvid/e68d72eb-60e7-4af3-b212-ba09a4870b67 | W129: 2026-09-10 22:08:04
A130: 400051 | B130: Banana | C130: Banana Robusta | D130: In Stock | F130: 3 pcs | G130: 3 | H130: pcs | I130: Vegetables & Fruits | J130: Fresh Fruits | L130: https://www.zepto.com/pn/banana-robusta/pvid/ff9d770d-07e4-422b-925c-1bd9bf06215b | N130: 36 | O130: 87 | Q130: 4 pcs | R130: 74aa405e-238e-4103-abb3-096bd7e6f553 | U130: 400051 | V130: https://www.zepto.com/pn/banana-robusta/pvid/ff9d770d-07e4-422b-925c-1bd9bf06215b | W130: 2026-09-10 22:08:12
A131: 400051 | B131: Guava (Amrud) | C131: Organically Grown Guava Thai Pink | D131: Out of Stock | F131: 500 g | G131: 500 | H131: g | I131: Vegetables & Fruits | J131: Fresh Fruits | L131: https://www.zepto.com/pn/organically-grown-guava-thai-pink/pvid/9bef6487-18ed-41e4-a80a-d75ef8b2bf6b | N131: 39.38 | O131: 82 | Q131: 1 pc | R131: 74aa405e-238e-4103-abb3-096bd7e6f553 | U131: 400051 | V131: https://www.zepto.com/pn/organically-grown-guava-thai-pink/pvid/9bef6487-18ed-41e4-a80a-d75ef8b2bf6b | W131: 2026-09-10 22:08:21
A132: 400051 | B132: Kashmiri Apple | C132: Snacky Apple | D132: In Stock | F132: 280 g | G132: 280 | H132: g | I132: Vegetables & Fruits | J132: Fresh Fruits | L132: https://www.zepto.com/pn/snacky-apple/pvid/8de5b360-c890-4e1f-967c-4717f2867db9 | N132: 65 | O132: 107 | Q132: 2 pcs | R132: 74aa405e-238e-4103-abb3-096bd7e6f553 | U132: 400051 | V132: https://www.zepto.com/pn/snacky-apple/pvid/8de5b360-c890-4e1f-967c-4717f2867db9 | W132: 2026-09-10 22:08:30
A133: 400051 | B133: Nagpur - Orange (Santra) | C133: Orange Imported | D133: In Stock | F133: 500 g | G133: 500 | H133: g | I133: Vegetables & Fruits | J133: Fresh Fruits | L133: https://www.zepto.com/pn/orange-imported/pvid/5dc90c97-076f-456f-a113-f6fd687c66dd | N133: 148 | O133: 280 | Q133: 4 pcs | R133: 74aa405e-238e-4103-abb3-096bd7e6f553 | U133: 400051 | V133: https://www.zepto.com/pn/orange-imported/pvid/5dc90c97-076f-456f-a113-f6fd687c66dd | W133: 2026-09-10 22:08:38
A134: 400051 | B134: Valencia Orange | C134: Baby Orange (Mandarin) | D134: In Stock | F134: 550 g | G134: 550 | H134: g | I134: Vegetables & Fruits | J134: Fresh Fruits | L134: https://www.zepto.com/pn/baby-orange-mandarin/pvid/af5a46a1-12de-4d86-9a45-2e4c3dec9206 | N134: 104 | O134: 156 | Q134: 3 pcs | R134: 74aa405e-238e-4103-abb3-096bd7e6f553 | U134: 400051 | V134: https://www.zepto.com/pn/baby-orange-mandarin/pvid/af5a46a1-12de-4d86-9a45-2e4c3dec9206 | W134: 2026-09-10 22:08:47
A135: 400051 | B135: Washington Red Delicious Apple | C135: Apple Washington | D135: In Stock | F135: 350 g | G135: 350 | H135: g | I135: Vegetables & Fruits | J135: Fresh Fruits | L135: https://www.zepto.com/pn/apple-washington/pvid/a22f1885-4580-488e-908a-86542f7a0c94 | N135: 158 | O135: 238 | Q135: 2 pcs | R135: 74aa405e-238e-4103-abb3-096bd7e6f553 | U135: 400051 | V135: https://www.zepto.com/pn/apple-washington/pvid/a22f1885-4580-488e-908a-86542f7a0c94 | W135: 2026-09-10 22:08:56
A136: 400051 | B136: Baby Corn - Packet | C136: Baby Corn Peeled | D136: In Stock | F136: 200 g | G136: 200 | H136: g | I136: Vegetables & Fruits | J136: Fresh Vegetables | L136: https://www.zepto.com/pn/baby-corn-peeled/pvid/5785012a-c61d-45b3-93b3-3f4ad4dd309e | N136: 65 | O136: 85 | Q136: 250 g | R136: 74aa405e-238e-4103-abb3-096bd7e6f553 | S136: 250 | T136: g | U136: 400051 | V136: https://www.zepto.com/pn/baby-corn-peeled/pvid/5785012a-c61d-45b3-93b3-3f4ad4dd309e | W136: 2026-09-10 22:09:04
A137: 400051 | B137: Bottle Gourd (Lauki) | C137: Bottle Gourd | D137: In Stock | F137: 400 g | G137: 400 | H137: g | I137: Vegetables & Fruits | J137: Fresh Vegetables | L137: https://www.zepto.com/pn/bottle-gourd/pvid/f613462d-a4c2-4e35-9388-aa520fd90ef4 | N137: 32 | O137: 59 | Q137: 1 pc | R137: 74aa405e-238e-4103-abb3-096bd7e6f553 | U137: 400051 | V137: https://www.zepto.com/pn/bottle-gourd/pvid/f613462d-a4c2-4e35-9388-aa520fd90ef4 | W137: 2026-09-10 22:09:13
A138: 400051 | B138: Broccoli | C138: Broccoli | D138: Out of Stock | F138: 200 g | G138: 200 | H138: g | I138: Vegetables & Fruits | J138: Fresh Vegetables | L138: https://www.zepto.com/pn/broccoli/pvid/f01dca9c-929f-4650-b55b-6f7a07c41008 | N138: 52 | O138: 120 | Q138: 1 pc | R138: 74aa405e-238e-4103-abb3-096bd7e6f553 | U138: 400051 | V138: https://www.zepto.com/pn/broccoli/pvid/f01dca9c-929f-4650-b55b-6f7a07c41008 | W138: 2026-09-10 22:09:22
...

Sheet 2026-09-11 1201
A1: Pincode | B1: Item | C1: ProductName | D1: is_out_of_stock | E1: Serviceable | F1: Segment | G1: Grocery | H1: Product_Link | I1: Price | J1: MRP | K1: ZeptoSaverPrice | L1: Weight | M1: Store_ID | N1: Final_Qty | O1: Final_unit | P1: Pincode_Used | Q1: Used_Link | R1: Captured_At
A2: 400051 | B2: Aashirvaad Select | Pure MP Sharbati Wheat Atta for Soft Makhmali Rotis | C2: Aashirvaad Select | D2: In Stock | E2: No | F2: Atta, Rice & Dal | G2: Atta | H2: https://www.zepto.com/pn/aashirvaad-select-pure-mp-sharbati-wheat-atta-for-soft-makhmali-rotis/pvid/2e1f7fe5-2d09-4282-81c7-b4eaf6b1d86d | I2: 307 | J2: 384 | L2: 1 pack (5 kg) | M2: 74aa405e-238e-4103-abb3-096bd7e6f553 | N2: 5000 | O2: g | P2: 400051 | Q2: https://www.zepto.com/pn/aashirvaad-select-pure-mp-sharbati-wheat-atta-for-soft-makhmali-rotis/pvid/2e1f7fe5-2d09-4282-81c7-b4eaf6b1d86d | R2: 2026-09-11 12:01:21
A3: 400051 | B3: Fortune Chakki Fresh Atta | C3: Fortune Chakki Fresh Atta | D3: In Stock | E3: No | F3: Atta, Rice & Dal | G3: Atta | H3: https://www.zepto.com/pn/fortune-chakki-fresh-atta/pvid/14a11cfe-fd72-4901-bf2e-22bc0aba21c0 | I3: 220 | J3: 277 | L3: 1 pack (5 kg) | M3: 74aa405e-238e-4103-abb3-096bd7e6f553 | N3: 5000 | O3: g | P3: 400051 | Q3: https://www.zepto.com/pn/fortune-chakki-fresh-atta/pvid/14a11cfe-fd72-4901-bf2e-22bc0aba21c0 | R3: 2026-09-11 12:01:24
A4: 400051 | B4: Fortune 100% Chana Dal Besan | C4: Fortune Besan | D4: In Stock | E4: No | F4: Atta, Rice & Dal | G4: Besan, Sooji & Maida | H4: https://www.zepto.com/pn/fortune-besan/pvid/1a091cc5-bcde-4ba9-aa49-c81cf27efa72 | I4: 118 | J4: 169 | L4: 1 pack (1 kg) | M4: 74aa405e-238e-4103-abb3-096bd7e6f553 | N4: 1000 | O4: g | P4: 400051 | Q4: https://www.zepto.com/pn/fortune-besan/pvid/1a091cc5-bcde-4ba9-aa49-c81cf27efa72 | R4: 2026-09-11 12:01:27
A5: 400051 | B5: Rajdhani Sooji/Rava | C5: Rajdhani Premium Sooji | D5: In Stock | E5: No | F5: Atta, Rice & Dal | G5: Besan, Sooji & Maida | H5: https://www.zepto.com/pn/rajdhani-premium-sooji/pvid/3d19b418-0df7-4dce-ae3a-a642ab84c1e0 | I5: 84 | J5: 98 | L5: 1 pack (1 kg) | M5: 74aa405e-238e-4103-abb3-096bd7e6f553 | N5: 1000 | O5: g | P5: 400051 | Q5: https://www.zepto.com/pn/rajdhani-premium-sooji/pvid/3d19b418-0df7-4dce-ae3a-a642ab84c1e0 | R5: 2026-09-11 12:01:30
A6: 400051 | B6: Tata Sampann Unpolished Masoor Dal | C6: Tata Sampann Masoor Dal - Split | D6: In Stock | E6: No | F6: Atta, Rice & Dal | G6: Moong & Masoor | H6: https://www.zepto.com/pn/tata-sampann-masoor-dal-split/pvid/216e3985-3ce7-4849-9990-cd3a98196f04 | I6: 81 | J6: 87 | L6: 1 pack (500 g) | M6: 74aa405e-238e-4103-abb3-096bd7e6f553 | N6: 500 | O6: g | P6: 400051 | Q6: https://www.zepto.com/pn/tata-sampann-masoor-dal-split/pvid/216e3985-3ce7-4849-9990-cd3a98196f04 | R6: 2026-09-11 12:01:33
A7: 400051 | B7: Tata Sampann Unpolished Organic Moong Sabut | C7: Tata Sampann Organic Unpolished Moong Dal | D7: In Stock | E7: No | F7: Atta, Rice & Dal | G7: Moong & Masoor | H7: https://www.zepto.com/pn/tata-sampann-organic-unpolished-moong-dal/pvid/770af74d-f995-46af-9a5a-f2e282371016 | I7: 242 | J7: 270 | L7: 1 pack (1 kg) | M7: 74aa405e-238e-4103-abb3-096bd7e6f553 | N7: 1000 | O7: g | P7: 400051 | Q7: https://www.zepto.com/pn/tata-sampann-organic-unpolished-moong-dal/pvid/770af74d-f995-46af-9a5a-f2e282371016 | R7: 2026-09-11 12:01:36
A8: 400051 | B8: Nutrela Soya Mini Chunks | C8: Nutrela Mini Soya Chunks | D8: Out of Stock | E8: No | F8: Atta, Rice & Dal | G8: Rajma, Chhole & Others | H8: https://www.zepto.com/pn/nutrela-mini-soya-chunks/pvid/eacffa26-2c0e-4931-8f26-29faa228472f | I8: 50 | J8: 55 | L8: 1 pack (200 g) | M8: 74aa405e-238e-4103-abb3-096bd7e6f553 | N8: 200 | O8: g | P8: 400051 | Q8: https://www.zepto.com/pn/nutrela-mini-soya-chunks/pvid/eacffa26-2c0e-4931-8f26-29faa228472f | R8: 2026-09-11 12:01:38
A9: 400051 | B9: Tata Sampann Unpolished Kabuli Chana (Big Size) | C9: Tata Sampann Unpolished Kabuli Chana | D9: In Stock | E9: No | F9: Atta, Rice & Dal | G9: Rajma, Chhole & Others | H9: https://www.zepto.com/pn/tata-sampann-unpolished-kabuli-chana-medium-size/pvid/ea6f2d5d-4f9d-4323-9513-09b1b8029e12 | I9: 145 | J9: 168 | L9: 1 pack (1 kg) | M9: 74aa405e-238e-4103-abb3-096bd7e6f553 | N9: 1000 | O9: g | P9: 400051 | Q9: https://www.zepto.com/pn/tata-sampann-unpolished-kabuli-chana-medium-size/pvid/ea6f2d5d-4f9d-4323-9513-09b1b8029e12 | R9: 2026-09-11 12:01:42
A10: 400051 | B10: Tata Sampann Unpolished Rajma | C10: Tata Sampann Unpolished Rajma | D10: Out of Stock | E10: No | F10: Atta, Rice & Dal | G10: Rajma, Chhole & Others | H10: https://www.zepto.com/pn/tata-sampann-unpolished-rajma-chitra/pvid/2e047530-c785-4480-ad13-80874d0a0a02 | I10: 89 | J10: 105 | L10: 1 pack (500 g) | M10: 74aa405e-238e-4103-abb3-096bd7e6f553 | N10: 500 | O10: g | P10: 400051 | Q10: https://www.zepto.com/pn/tata-sampann-unpolished-rajma-chitra/pvid/2e047530-c785-4480-ad13-80874d0a0a02 | R10: 2026-09-11 12:01:44
A11: 400051 | B11: Daawat Super Basmati Rice (Long Grain) | C11: Daawat Super Pure Basmati Rice | D11: In Stock | E11: No | F11: Atta, Rice & Dal | G11: Rice | H11: https://www.zepto.com/pn/daawat-super-basmati-rice-long-grain/pvid/2da2dcca-ab8e-4e00-afbc-7dd0652fcaca | I11: 832 | J11: 995 | L11: 1 pack (5 kg) | M11: 74aa405e-238e-4103-abb3-096bd7e6f553 | N11: 5000 | O11: g | P11: 400051 | Q11: https://www.zepto.com/pn/daawat-super-basmati-rice-long-grain/pvid/2da2dcca-ab8e-4e00-afbc-7dd0652fcaca | R11: 2026-09-11 12:01:47
A12: 400051 | B12: India Gate Daily Premium Basmati Rice (Long Grain) | C12: India Gate Flavourful and Fine Daily Premium Basmati Rice | Long and Slender Grains | D12: Out of Stock | E12: No | F12: Atta, Rice & Dal | G12: Rice | H12: https://www.zepto.com/pn/india-gate-flavourful-and-fine-daily-premium-basmati-rice-long-and-slender-grains/pvid/82afa262-7f22-4fa4-b73b-8476d0cf5e6c | I12: 527 | J12: 680 | L12: 1 pack (5 kg) | M12: 74aa405e-238e-4103-abb3-096bd7e6f553 | N12: 5000 | O12: g | P12: 400051 | Q12: https://www.zepto.com/pn/india-gate-flavourful-and-fine-daily-premium-basmati-rice-long-and-slender-grains/pvid/82afa262-7f22-4fa4-b73b-8476d0cf5e6c | R12: 2026-09-11 12:01:51
A13: 400051 | B13: Tata Sampann Unpolished Chana Dal | C13: Tata Sampann Unpolished Chana Dal | D13: In Stock | E13: No | F13: Atta, Rice & Dal | G13: Toor, Urad & Chana | H13: https://www.zepto.com/pn/tata-sampann-unpolished-chana-dal/pvid/2aa43aa2-14b5-45ee-b2c4-502193df52c3 | I13: 70 | J13: 81 | L13: 1 pack (500 g) | M13: 74aa405e-238e-4103-abb3-096bd7e6f553 | N13: 500 | O13: g | P13: 400051 | Q13: https://www.zepto.com/pn/tata-sampann-unpolished-chana-dal/pvid/2aa43aa2-14b5-45ee-b2c4-502193df52c3 | R13: 2026-09-11 12:01:54
... A15: 400051 | B15: Nestle Cerelac Wheat Apple Baby Cereal (6 - 24 Months) | C15: Nestle CERELAC Wheat Apple Baby Food Cereal, No Preservatives, 6 to 24 Months Baby | D15: Out of Stock | E15: No | F15: Baby Care | G15: Baby Food | H15: https://www.zepto.com/pn/nestle-cerelac-wheat-apple-baby-food-cereal-no-preservatives-6-to-24-months-baby/pvid/eceafd23-1aaa-489f-aea6-f33d59ff8f1e | I15: 280 | J15: 280 | L15: 1 pack (350 g) | M15: 74aa405e-238e-4103-abb3-096bd7e6f553 | N15: 350 | O15: g | P15: 400051 | Q15: https://www.zepto.com/pn/nestle-cerelac-wheat-apple-baby-food-cereal-no-preservatives-6-to-24-months-baby/pvid/eceafd23-1aaa-489f-aea6-f33d59ff8f1e | R15: 2026-09-11 12:02:00
A16: 400051 | B16: Himalaya Gentle Baby Wipes | C16: Himalaya Gentle Baby Wipes | D16: Out of Stock | E16: No | F16: Baby Care | G16: Baby Wipes | H16: https://www.zepto.com/pn/himalaya-gentle-baby-wipes/pvid/f4b0a5d7-49e0-471b-bc93-72131ebfe0dc | I16: 258 | J16: 280 | L16: 72pcs | M16: 74aa405e-238e-4103-abb3-096bd7e6f553 | P16: 400051 | Q16: https://www.zepto.com/pn/himalaya-gentle-baby-wipes/pvid/f4b0a5d7-49e0-471b-bc93-72131ebfe0dc | R16: 2026-09-11 12:02:03
A17: 400051 | B17: Johnson's Baby Soap | C17: Johnson Baby Soap Blossoms | D17: In Stock | E17: No | F17: Baby Care | G17: Bathing Needs | H17: https://www.zepto.com/pn/johnson-baby-soap-blossoms/pvid/1aa108a6-25c8-4ec0-8c99-91e9e0bb1548 | I17: 72 | J17: 75 | L17: 1 pc (75 g) | M17: 74aa405e-238e-4103-abb3-096bd7e6f553 | N17: 75 | O17: g | P17: 400051 | Q17: https://www.zepto.com/pn/johnson-baby-soap-blossoms/pvid/1aa108a6-25c8-4ec0-8c99-91e9e0bb1548 | R17: 2026-09-11 12:02:06
A18: 400051 | B18: Pampers Happy Sleep Pant Style Baby Diaper (M) | C18: Pampers Premium Care Pants M 20 | D18: Out of Stock | E18: No | F18: Baby Care | G18: Diapers & More | H18: https://www.zepto.com/pn/pampers-premium-care-pants-m-20-no-marks-design-indias-softest-diaper/pvid/c24ab2ac-660d-4e8a-89a5-4519cb1e7942 | I18: 320 | J18: 350 | L18: 20pcs | M18: 74aa405e-238e-4103-abb3-096bd7e6f553 | P18: 400051 | Q18: https://www.zepto.com/pn/pampers-premium-care-pants-m-20-no-marks-design-indias-softest-diaper/pvid/c24ab2ac-660d-4e8a-89a5-4519cb1e7942 | R18: 2026-09-11 12:02:09
A19: 400051 | B19: Johnson's Baby Lotion | C19: Johnson&#x27;s Baby Lotion | D19: In Stock | E19: No | F19: Baby Care | G19: Skin & Hair Care | H19: https://www.zepto.com/pn/johnsons-baby-lotion/pvid/2c157578-52ac-4ac6-84c0-d24747d8c894 | I19: 202 | J19: 230 | L19: 1 pc (200 ml) | M19: 74aa405e-238e-4103-abb3-096bd7e6f553 | N19: 200 | O19: ml | P19: 400051 | Q19: https://www.zepto.com/pn/johnsons-baby-lotion/pvid/2c157578-52ac-4ac6-84c0-d24747d8c894 | R19: 2026-09-11 12:02:12
A20: 400051 | B20: Weikfield Double Action Baking Powder | C20: Weikfield Baking Powder Jar | D20: Out of Stock | E20: No | F20: Bakery & Biscuits | G20: Baking Ingredients | H20: https://www.zepto.com/pn/weikfield-baking-powder-jar-double-acting/pvid/d0d7ef4e-617d-4029-8d60-82e490c2ac6e | I20: 39 | J20: 40 | L20: 1 pc (100 g) | M20: 74aa405e-238e-4103-abb3-096bd7e6f553 | N20: 100 | O20: g | P20: 400051 | Q20: https://www.zepto.com/pn/weikfield-baking-powder-jar-double-acting/pvid/d0d7ef4e-617d-4029-8d60-82e490c2ac6e | R20: 2026-09-11 12:02:15
A21: 400051 | B21: Lotte Choco Pie | C21: Lotte Choco Pie | D21: Out of Stock | E21: No | F21: Bakery & Biscuits | G21: Cakes & Rolls | H21: https://www.zepto.com/pn/lotte-choco-pie-soft-cake-snack/pvid/6e6d41b4-c7c4-4cf4-929c-491aec13a436 | I21: 88 | J21: 99 | L21: 1 pack (168 g) | M21: 74aa405e-238e-4103-abb3-096bd7e6f553 | N21: 168 | O21: g | P21: 400051 | Q21: https://www.zepto.com/pn/lotte-choco-pie-soft-cake-snack/pvid/6e6d41b4-c7c4-4cf4-929c-491aec13a436 | R21: 2026-09-11 12:02:19
A22: 400051 | B22: Britannia Original Bourbon Creme Biscuit | C22: Britannia The Original Bourbon | D22: In Stock | E22: No | F22: Bakery & Biscuits | G22: Cookies | H22: https://www.zepto.com/pn/britannia-the-original-bourbon-creme-biscuit-with-chocolate-chocolatey-indulgence-in-every-layer/pvid/18cfaa3d-559e-487d-b1c4-33d200c4f757 | I22: 31 | J22: 40 | L22: 1 pack (160 g) | M22: 74aa405e-238e-4103-abb3-096bd7e6f553 | N22: 160 | O22: g | P22: 400051 | Q22: https://www.zepto.com/pn/britannia-the-original-bourbon-creme-biscuit-with-chocolate-chocolatey-indulgence-in-every-layer/pvid/18cfaa3d-559e-487d-b1c4-33d200c4f757 | R22: 2026-09-11 12:02:22
A23: 400051 | B23: Britannia Good Day Cashew Biscuit | C23: Britannia Good Day Cashew Cookies | D23: In Stock | E23: No | F23: Bakery & Biscuits | G23: Cookies | H23: https://www.zepto.com/pn/britannia-good-day-cashew-cookies-trans-fat-free/pvid/aab332df-fbc5-48a0-b289-e3b223661b5c | I23: 44 | J23: 45 | L23: 1 pack (200 g) | M23: 74aa405e-238e-4103-abb3-096bd7e6f553 | N23: 200 | O23: g | P23: 400051 | Q23: https://www.zepto.com/pn/britannia-good-day-cashew-cookies-trans-fat-free/pvid/aab332df-fbc5-48a0-b289-e3b223661b5c | R23: 2026-09-11 12:02:24
A24: 400051 | B24: Malkist Cheese Flavoured Cracker Biscuit - Family Pack | C24: Malkist Cheese Crunchy Layered Crackers | D24: In Stock | E24: No | F24: Bakery & Biscuits | G24: Cream Biscuits | H24: https://www.zepto.com/pn/malkist-cheese-crunchy-layered-crackers/pvid/ff124783-3c69-427e-8e35-510a857135b7 | I24: 57 | J24: 60 | L24: 1 pack (144 g or 150 g) | M24: 74aa405e-238e-4103-abb3-096bd7e6f553 | N24: 144 | O24: g | P24: 400051 | Q24: https://www.zepto.com/pn/malkist-cheese-crunchy-layered-crackers/pvid/ff124783-3c69-427e-8e35-510a857135b7 | R24: 2026-09-11 12:02:27
A25: 400051 | B25: Britannia Marie Gold Marie Biscuits (208 g) | C25: Britannia Vita Marie Gold Biscuits | D25: In Stock | E25: No | F25: Bakery & Biscuits | G25: Glucose & Marie | H25: https://www.zepto.com/pn/britannia-vita-marie-gold-biscuits-trans-fat-free/pvid/51ffd532-68d7-4620-993d-c0ea1d01dfc5 | I25: 38 | J25: 45 | L25: 1 pack (248 g) | M25: 74aa405e-238e-4103-abb3-096bd7e6f553 | N25: 248 | O25: g | P25: 400051 | Q25: https://www.zepto.com/pn/britannia-vita-marie-gold-biscuits-trans-fat-free/pvid/51ffd532-68d7-4620-993d-c0ea1d01dfc5 | R25: 2026-09-11 12:02:30
A26: 400051 | B26: Britannia NutriChoice Digestive High Fibre Biscuit - 250 g Family Pack | C26: Britannia Nutrichoice High-Fibre Digestive Biscuits | D26: In Stock | E26: No | F26: Bakery & Biscuits | G26: Healthy & Digestive | H26: https://www.zepto.com/pn/britannia-nutrichoice-high-fibre-digestive-biscuits/pvid/f586520f-750a-4593-998f-6cbf0ba8a9a2 | I26: 24 | J26: 25 | L26: 1 pack (91.7 g or 100 g) | M26: 74aa405e-238e-4103-abb3-096bd7e6f553 | N26: 91.7 | O26: g | P26: 400051 | Q26: https://www.zepto.com/pn/britannia-nutrichoice-high-fibre-digestive-biscuits/pvid/f586520f-750a-4593-998f-6cbf0ba8a9a2 | R26: 2026-09-11 12:02:33
A27: 400051 | B27: McVitie's Digestive High Fibre Biscuit | C27: Mcvitie's Digestive High Fibre Biscuits With Goodness Of Wholewheat,Super Saver Family Pack | D27: In Stock | E27: No | F27: Bakery & Biscuits | G27: Healthy & Digestive | H27: https://www.zepto.com/pn/mcvities-digestive-high-fibre-biscuits-with-goodness-of-wholewheatsuper-saver-family-pack/pvid/b004a8a7-269a-4d4a-91bc-046ff039d3e8 | I27: 130 | J27: 220 | L27: 1 pack (959.1 g) | M27: 74aa405e-238e-4103-abb3-096bd7e6f553 | N27: 959.1 | O27: g | P27: 400051 | Q27: https://www.zepto.com/pn/mcvities-digestive-high-fibre-biscuits-with-goodness-of-wholewheatsuper-saver-family-pack/pvid/b004a8a7-269a-4d4a-91bc-046ff039d3e8 | R27: 2026-09-11 12:02:37
A28: 400051 | B28: Nivea Nourishing Body Lotion | C28: NIVEA Nourishing Body Lotion Body Milk | D28: In Stock | E28: No | F28: Beauty & Cosmetics | G28: Body & Skin Care | H28: https://www.zepto.com/pn/nivea-nourishing-body-lotion-body-milk48-h-moisturization2x-almond-oilfor-very-dry-skin/pvid/beb074f2-5177-4d23-bcf6-2809bebf7e3e | I28: 322 | J28: 550 | L28: 1 pc (400 ml) | M28: 74aa405e-238e-4103-abb3-096bd7e6f553 | N28: 400 | O28: ml | P28: 400051 | Q28: https://www.zepto.com/pn/nivea-nourishing-body-lotion-body-milk48-h-moisturization2x-almond-oilfor-very-dry-skin/pvid/beb074f2-5177-4d23-bcf6-2809bebf7e3e | R28: 2026-09-11 12:02:40
A29: 400051 | B29: Maybelline New York Colossal Kajal (Deep Black) | C29: Maybelline New York The Colossal Kajal, Smudgeproof &amp; Waterproof Lasts Up To 24H - Deep Black | D29: In Stock | E29: No | F29: Beauty & Cosmetics | G29: Eye Makeup | H29: https://www.zepto.com/pn/maybelline-new-york-the-colossal-kajal-smudgeproof-waterproof-lasts-up-to-24h-deep-black/pvid/7a27d6ad-6398-43b7-bc6e-36487651a732 | I29: 173 | J29: 220 | L29: 1 pc (0.35 g) | M29: 74aa405e-238e-4103-abb3-096bd7e6f553 | N29: 0.35 | O29: g | P29: 400051 | Q29: https://www.zepto.com/pn/maybelline-new-york-the-colossal-kajal-smudgeproof-waterproof-lasts-up-to-24h-deep-black/pvid/7a27d6ad-6398-43b7-bc6e-36487651a732 | R29: 2026-09-11 12:02:43
A30: 400051 | B30: Pond's Bright Beauty Serum Skin Treatment Cream 34 g | C30: Pond&#x27;s Bright Beauty Anti-Spot Serum Cream With Niacinamide And SPF 15 PA++ | D30: In Stock | E30: No | F30: Beauty & Cosmetics | G30: Face Care | H30: https://www.zepto.com/pn/ponds-bright-beauty-anti-spot-serum-cream-with-niacinamide-and-spf-15-pa/pvid/5554b8fd-d11e-4637-a134-d4da7f091c88 | I30: 298 | J30: 359 | L30: 1 pc (50 g) | M30: 74aa405e-238e-4103-abb3-096bd7e6f553 | N30: 50 | O30: g | P30: 400051 | Q30: https://www.zepto.com/pn/ponds-bright-beauty-anti-spot-serum-cream-with-niacinamide-and-spf-15-pa/pvid/5554b8fd-d11e-4637-a134-d4da7f091c88 | R30: 2026-09-11 12:02:46
... A37: 400051 | B37: Surf Excel Easy Wash Detergent Powder | C37: Surf Excel Easy Wash Detergent Powder | D37: In Stock | E37: No | F37: Cleaning Essentials | G37: Detergent Powder & Bars | H37: https://www.zepto.com/pn/surf-excel-easy-wash-detergent-powder/pvid/05167024-5986-44c6-af23-9011d9738402 | I37: 162 | J37: 167 | L37: 1 pack (1 kg) | M37: 74aa405e-238e-4103-abb3-096bd7e6f553 | N37: 1000 | O37: g | P37: 400051 | Q37: https://www.zepto.com/pn/surf-excel-easy-wash-detergent-powder/pvid/05167024-5986-44c6-af23-9011d9738402 | R37: 2026-09-11 12:03:36
A38: 400051 | B38: Scotch Brite Scrub Pad | C38: Scotch Brite Scrub Pad (Pack of 5) | D38: Out of Stock | E38: No | F38: Cleaning Essentials | G38: Dishwashing Accessories | H38: https://www.zepto.com/pn/scotch-brite-scrub-pad-pack-of-5/pvid/4d2944bd-38ef-4482-8843-4a86e9009683 | I38: 75 | J38: 90 | L38: 1 pack (5 pcs) | M38: 74aa405e-238e-4103-abb3-096bd7e6f553 | P38: 400051 | Q38: https://www.zepto.com/pn/scotch-brite-scrub-pad-pack-of-5/pvid/4d2944bd-38ef-4482-8843-4a86e9009683 | R38: 2026-09-11 12:03:39
A39: 400051 | B39: Vim Lemon Dishwash Bar (300 g) | C39: Vim Lemon Dishwash Bar | D39: In Stock | E39: No | F39: Cleaning Essentials | G39: Dishwashing Bars & Tubs | H39: https://www.zepto.com/pn/vim-lemon-dishwash-bar/pvid/28eeaa3f-f739-45fd-b797-e138fd64fc62 | I39: 55 | J39: 55 | L39: 1 pc (480 g) | M39: 74aa405e-238e-4103-abb3-096bd7e6f553 | N39: 480 | O39: g | P39: 400051 | Q39: https://www.zepto.com/pn/vim-lemon-dishwash-bar/pvid/28eeaa3f-f739-45fd-b797-e138fd64fc62 | R39: 2026-09-11 12:03:42
A40: 400051 | B40: Vim Lemon Dishwash Gel | C40: Vim Lemon Dishwash Liquid Gel | D40: In Stock | E40: No | F40: Cleaning Essentials | G40: Dishwashing Gels & Tablets | H40: https://www.zepto.com/pn/vim-lemon-dishwash-liquid-gel/pvid/ff2f7925-64d6-4fd5-8fe8-c093de4c6488 | I40: 139 | J40: 140 | L40: 1 pc (500 ml) | M40: 74aa405e-238e-4103-abb3-096bd7e6f553 | N40: 500 | O40: ml | P40: 400051 | Q40: https://www.zepto.com/pn/vim-lemon-dishwash-liquid-gel/pvid/ff2f7925-64d6-4fd5-8fe8-c093de4c6488 | R40: 2026-09-11 12:03:45
A41: 400051 | B41: Comfort After Wash Fabric Conditioner (Lily Fresh) | C41: Comfort Morning Fresh After Wash Fabric Conditioner | D41: In Stock | E41: No | F41: Cleaning Essentials | G41: Fabric Conditioner & Additives | H41: https://www.zepto.com/pn/comfort-morning-fresh-after-wash-fabric-conditioner/pvid/7d9316fc-60ec-4b2f-93c0-e95af778c2e7 | I41: 188 | J41: 245 | L41: 1 pc (860 ml) | M41: 74aa405e-238e-4103-abb3-096bd7e6f553 | N41: 860 | O41: ml | P41: 400051 | Q41: https://www.zepto.com/pn/comfort-morning-fresh-after-wash-fabric-conditioner/pvid/7d9316fc-60ec-4b2f-93c0-e95af778c2e7 | R41: 2026-09-11 12:03:49
A42: 400051 | B42: Lizol Disinfectant Surface & Floor Cleaner (Citrus) 2 l | C42: Lizol Citrus Floor Cleaner Liquid | D42: In Stock | E42: No | F42: Cleaning Essentials | G42: Floor & Surface Cleaners | H42: https://www.zepto.com/pn/lizol-citrus-floor-cleaner-liquid/pvid/1c17d5d5-f472-4e57-8e76-a49225ef107c | I42: 155 | J42: 169 | L42: 1 pack (625 ml) | M42: 74aa405e-238e-4103-abb3-096bd7e6f553 | N42: 625 | O42: ml | P42: 400051 | Q42: https://www.zepto.com/pn/lizol-citrus-floor-cleaner-liquid/pvid/1c17d5d5-f472-4e57-8e76-a49225ef107c | R42: 2026-09-11 12:03:51
A43: 400051 | B43: Surf Excel Matic Top Load Liquid Detergent | C43: Surf Excel Matic Liquid Detergent for Top Load | D43: In Stock | E43: No | F43: Cleaning Essentials | G43: Liquid Detergents | H43: https://www.zepto.com/pn/surf-excel-matic-top-load-detergent-liquid-refill-tough-dried-stain-removal/pvid/fec05601-e917-47c0-954e-0db9b9851924 | I43: 321 | J43: 355 | L43: 1 pack (2 kg) | M43: 74aa405e-238e-4103-abb3-096bd7e6f553 | N43: 2000 | O43: g | P43: 400051 | Q43: https://www.zepto.com/pn/surf-excel-matic-top-load-detergent-liquid-refill-tough-dried-stain-removal/pvid/fec05601-e917-47c0-954e-0db9b9851924 | R43: 2026-09-11 12:03:54
A44: 400051 | B44: Harpic Disinfectant Liquid Toilet Cleaner - (Original) | C44: Harpic Marine Toilet Cleaner Liquid | D44: In Stock | E44: No | F44: Cleaning Essentials | G44: Toilet & Bathroom Cleaners | H44: https://www.zepto.com/pn/harpic-marine-toilet-cleaner-liquid/pvid/cb28438a-f793-40fc-a994-c8b2438205c4 | I44: 224 | J44: 249 | L44: 1 pc (1 L) | M44: 74aa405e-238e-4103-abb3-096bd7e6f553 | N44: 1000 | O44: ml | P44: 400051 | Q44: https://www.zepto.com/pn/harpic-marine-toilet-cleaner-liquid/pvid/cb28438a-f793-40fc-a994-c8b2438205c4 | R44: 2026-09-11 12:03:56
A45: 400051 | B45: Storia Tender Concentrate Coconut Water - No Added Sugar | C45: Storia Tender Coconut Water | D45: In Stock | E45: No | F45: Cold Drinks & Juices | G45: Coconut Water | H45: https://www.zepto.com/pn/storia-tender-coconut-water/pvid/7f630712-149f-46c9-b52f-4b2c09e3d27d | I45: 98 | J45: 178 | L45: 1 pc (1 L ) | M45: 74aa405e-238e-4103-abb3-096bd7e6f553 | N45: 1000 | O45: ml | P45: 400051 | Q45: https://www.zepto.com/pn/storia-tender-coconut-water/pvid/7f630712-149f-46c9-b52f-4b2c09e3d27d | R45: 2026-09-11 12:03:59
A46: 400051 | B46: Lipton Lemon Iced Tea | C46: Nestea Lemon Iced Tea Premix | D46: In Stock | E46: No | F46: Cold Drinks & Juices | G46: Cold Coffee & Ice Tea | H46: https://www.zepto.com/pn/nestea-lemon-iced-tea-premix/pvid/7f8ee41e-37c9-4a2a-88f1-1d6656efa7ec | I46: 198 | J46: 220 | L46: 1 pack (400 g) | M46: 74aa405e-238e-4103-abb3-096bd7e6f553 | N46: 400 | O46: g | P46: 400051 | Q46: https://www.zepto.com/pn/nestea-lemon-iced-tea-premix/pvid/7f8ee41e-37c9-4a2a-88f1-1d6656efa7ec | R46: 2026-09-11 12:04:03
A47: 400051 | B47: Nescafe Ready to Drink Cold Coffee, Iced Latte | C47: Nescafe Ready to Drink Cold Coffee| Iced Latte | D47: In Stock | E47: No | F47: Cold Drinks & Juices | G47: Cold Coffee & Ice Tea | H47: https://www.zepto.com/pn/nescafe-ready-to-drink-coffee-flavoured-milk-iced-latte-cold-coffee/pvid/23af84bb-d823-4783-8f7e-aac7ba7346cd | I47: 40 | J47: 45 | L47: 1 pc (180 ml) | M47: 74aa405e-238e-4103-abb3-096bd7e6f553 | N47: 180 | O47: ml | P47: 400051 | Q47: https://www.zepto.com/pn/nescafe-ready-to-drink-coffee-flavoured-milk-iced-latte-cold-coffee/pvid/23af84bb-d823-4783-8f7e-aac7ba7346cd | R47: 2026-09-11 12:04:06
A48: 400051 | B48: Hamdard Rooh Afza Rose Sharbat | C48: Hamdard Rooh Afza Rose Sharbat | D48: Out of Stock | E48: No | F48: Cold Drinks & Juices | G48: Concentrates & Syrups | H48: https://www.zepto.com/pn/hamdard-rooh-afza-rose-sharbat/pvid/84a94db7-dc56-4738-96f6-ee1740ae42f0 | I48: 170 | J48: 170 | L48: 1 pc (750 ml) | M48: 74aa405e-238e-4103-abb3-096bd7e6f553 | N48: 750 | O48: ml | P48: 400051 | Q48: https://www.zepto.com/pn/hamdard-rooh-afza-rose-sharbat/pvid/84a94db7-dc56-4738-96f6-ee1740ae42f0 | R48: 2026-09-11 12:04:09
A49: 400051 | B49: Red Bull Energy Drink | C49: Red Bull Energy Drink | D49: In Stock | E49: No | F49: Cold Drinks & Juices | G49: Energy Drinks | H49: https://www.zepto.com/pn/red-bull-energy-drink-ready-to-drink-beverage/pvid/6d6381a9-3992-4e77-84b8-0d5200d6e92a | I49: 118 | J49: 125 | L49: 1 pc (250 ml) | M49: 74aa405e-238e-4103-abb3-096bd7e6f553 | N49: 250 | O49: ml | P49: 400051 | Q49: https://www.zepto.com/pn/red-bull-energy-drink-ready-to-drink-beverage/pvid/6d6381a9-3992-4e77-84b8-0d5200d6e92a | R49: 2026-09-11 12:04:12
A50: 400051 | B50: Real Activ Fibre+ Multi Fruit Juice | C50: Real Activ Mixed Fruit Juice | D50: In Stock | E50: No | F50: Cold Drinks & Juices | G50: Fruit Juice | H50: https://www.zepto.com/pn/real-activ-mixed-fruit-juice-no-added-sugars-preservatives/pvid/3d8616d1-16f2-4590-bbc1-a7003cb10f50 | I50: 144 | J50: 160 | L50: 1 pc (1 L) | M50: 74aa405e-238e-4103-abb3-096bd7e6f553 | N50: 1000 | O50: ml | P50: 400051 | Q50: https://www.zepto.com/pn/real-activ-mixed-fruit-juice-no-added-sugars-preservatives/pvid/3d8616d1-16f2-4590-bbc1-a7003cb10f50 | R50: 2026-09-11 12:04:14
... A67: 400051 | B67: Epigamia Alphonso Mango Flavoured Yogurt | C67: Epigamia Greek Yogurt- Alphonso Mango | D67: In Stock | E67: No | F67: Dairy & Breakfast | G67: Curd & Yogurt | H67: https://www.zepto.com/pn/epigamia-greek-yogurt-alphonso-mango/pvid/03ea892c-6de0-423a-a2a2-e531f220fb86 | I67: 60 | J67: 60 | L67: 1 pc (85 g) | M67: 74aa405e-238e-4103-abb3-096bd7e6f553 | N67: 85 | O67: g | P67: 400051 | Q67: https://www.zepto.com/pn/epigamia-greek-yogurt-alphonso-mango/pvid/03ea892c-6de0-423a-a2a2-e531f220fb86 | R67: 2026-09-11 12:05:33
A68: 400051 | B68: Licious Farm Fresh Classic White Protein Rich Eggs | C68: Eggoz Protein Rich Farm Fresh White Eggs | D68: In Stock | E68: No | F68: Dairy & Breakfast | G68: Eggs | H68: https://www.zepto.com/pn/eggoz-protein-rich-farm-fresh-white-eggs/pvid/3e5b5972-959f-4862-b1f9-b478d4c710a4 | I68: 137 | J68: 165 | L68: 1 pack (10 pcs) | M68: 74aa405e-238e-4103-abb3-096bd7e6f553 | P68: 400051 | Q68: https://www.zepto.com/pn/eggoz-protein-rich-farm-fresh-white-eggs/pvid/3e5b5972-959f-4862-b1f9-b478d4c710a4 | R68: 2026-09-11 12:05:35
A69: 400051 | B69: Kellogg's Corn Flakes Original | C69: Kellogg's Corn Flakes Original | Power Breakfast | 7 Vitamins | D69: In Stock | E69: No | F69: Dairy & Breakfast | G69: Flakes & Kids Cereals | H69: https://www.zepto.com/pn/kelloggs-corn-flakes-original-power-breakfast-7-vitamins/pvid/c651ae42-04a6-47a9-8695-ea3465358483 | I69: 110 | J69: 115 | L69: 1 pack (250 g) | M69: 74aa405e-238e-4103-abb3-096bd7e6f553 | N69: 250 | O69: g | P69: 400051 | Q69: https://www.zepto.com/pn/kelloggs-corn-flakes-original-power-breakfast-7-vitamins/pvid/c651ae42-04a6-47a9-8695-ea3465358483 | R69: 2026-09-11 12:05:38
A70: 400051 | B70: Dabur Honey Squeezy | C70: Dabur Honey Squeezy | Totally Pure | World's No.1 Honey Brand | Buy 1 Get 1 Free | D70: In Stock | E70: No | F70: Dairy & Breakfast | G70: Honey & Chyawanprash | H70: https://www.zepto.com/pn/dabur-honey-squeezy-totally-pure-worlds-no1-honey-brand-buy-1-get-1-free/pvid/2a43440c-846b-4fb5-9bc7-3a8e5f329e9a | I70: 167 | J70: 249 | L70: 2 x 225 g | M70: 74aa405e-238e-4103-abb3-096bd7e6f553 | N70: 450 | O70: g | P70: 400051 | Q70: https://www.zepto.com/pn/dabur-honey-squeezy-totally-pure-worlds-no1-honey-brand-buy-1-get-1-free/pvid/2a43440c-846b-4fb5-9bc7-3a8e5f329e9a | R70: 2026-09-11 12:05:41
A71: 400051 | B71: Amul Sweet Lassi | C71: Amul Lassi | D71: In Stock | E71: No | F71: Dairy & Breakfast | G71: Lassi, Shakes & More | H71: https://www.zepto.com/pn/amul-lassi/pvid/f022d1d5-14a0-4c0f-a084-4339f3a84b1b | I71: 20 | J71: 20 | L71: 1 pack (200 ml) | M71: 74aa405e-238e-4103-abb3-096bd7e6f553 | N71: 200 | O71: ml | P71: 400051 | Q71: https://www.zepto.com/pn/amul-lassi/pvid/f022d1d5-14a0-4c0f-a084-4339f3a84b1b | R71: 2026-09-11 12:05:44
A72: 400051 | B72: Amul Cow Milk | C72: Amul Cow Fresh Milk | Pouch | D72: In Stock | E72: No | F72: Dairy & Breakfast | G72: Milk | H72: https://www.zepto.com/pn/amul-cow-fresh-milk-pouch/pvid/8de1592a-3b72-4b0a-8527-ef59c4620410 | I72: 30 | J72: 30 | L72: 1 pack (500 ml) | M72: 74aa405e-238e-4103-abb3-096bd7e6f553 | N72: 500 | O72: ml | P72: 400051 | Q72: https://www.zepto.com/pn/amul-cow-fresh-milk-pouch/pvid/8de1592a-3b72-4b0a-8527-ef59c4620410 | R72: 2026-09-11 12:05:46
A73: 400051 | B73: Amul Taaza Toned Milk | C73: Amul Taaza Toned Fresh Milk | Pouch | D73: In Stock | E73: No | F73: Dairy & Breakfast | G73: Milk | H73: https://www.zepto.com/pn/amul-taaza-toned-fresh-milk-pouch/pvid/9d447ba5-1d35-46e1-bc64-e932135d026f | I73: 30 | J73: 30 | L73: 1 pack (500 ml) | M73: 74aa405e-238e-4103-abb3-096bd7e6f553 | N73: 500 | O73: ml | P73: 400051 | Q73: https://www.zepto.com/pn/amul-taaza-toned-fresh-milk-pouch/pvid/9d447ba5-1d35-46e1-bc64-e932135d026f | R73: 2026-09-11 12:05:50
A74: 400051 | B74: Kellogg's Fruit, Nut & Seeds Muesli | C74: Kellogg&#x27;s Muesli Fruit Nut &amp; Seeds | D74: In Stock | E74: No | F74: Dairy & Breakfast | G74: Muesli & Granola | H74: https://www.zepto.com/pn/kelloggs-muesli-fruit-nut-and-seeds-12-in-1-power-breakfast-no-maida-no-palm-oil/pvid/df4df3dc-e21f-4ee1-a829-07b1b0dcd351 | I74: 354 | J74: 365 | L74: 1 pack (500 g) | M74: 74aa405e-238e-4103-abb3-096bd7e6f553 | N74: 500 | O74: g | P74: 400051 | Q74: https://www.zepto.com/pn/kelloggs-muesli-fruit-nut-and-seeds-12-in-1-power-breakfast-no-maida-no-palm-oil/pvid/df4df3dc-e21f-4ee1-a829-07b1b0dcd351 | R74: 2026-09-11 12:05:53
A75: 400051 | B75: Quaker Rolled Instant Oats | C75: Quaker Rolled Instant Oats | High Protein Breakfast Cereal | D75: In Stock | E75: No | F75: Dairy & Breakfast | G75: Oats | H75: https://www.zepto.com/pn/quaker-rolled-instant-oats-high-protein-breakfast-cereal/pvid/e3c72ece-b8f3-4443-b12c-500be91dc767 | I75: 159 | J75: 210 | L75: 1 pack (1 kg) | M75: 74aa405e-238e-4103-abb3-096bd7e6f553 | N75: 1000 | O75: g | P75: 400051 | Q75: https://www.zepto.com/pn/quaker-rolled-instant-oats-high-protein-breakfast-cereal/pvid/e3c72ece-b8f3-4443-b12c-500be91dc767 | R75: 2026-09-11 12:05:57
A76: 400051 | B76: Amul Fresh Malai Paneer | C76: Amul Fresh Malai Paneer | D76: In Stock | E76: No | F76: Dairy & Breakfast | G76: Paneer & Tofu | H76: https://www.zepto.com/pn/amul-fresh-malai-paneer/pvid/54099eb2-2d08-4013-a822-a3eebc72f19f | I76: 95 | J76: 95 | L76: 1 pack (200 g) | M76: 74aa405e-238e-4103-abb3-096bd7e6f553 | N76: 200 | O76: g | P76: 400051 | Q76: https://www.zepto.com/pn/amul-fresh-malai-paneer/pvid/54099eb2-2d08-4013-a822-a3eebc72f19f | R76: 2026-09-11 12:06:01
A77: 400051 | B77: Tata Sampann Thin Poha | C77: Tata Sampann High in Fibre Poha | D77: In Stock | E77: No | F77: Dairy & Breakfast | G77: Poha, Daliya & Other Grains | H77: https://www.zepto.com/pn/tata-sampann-high-in-fibre-poha/pvid/21d8b605-47ae-4e2d-8ec0-5e7e728a68de | I77: 49 | J77: 57 | L77: 1 pack (500 g) | M77: 74aa405e-238e-4103-abb3-096bd7e6f553 | N77: 500 | O77: g | P77: 400051 | Q77: https://www.zepto.com/pn/tata-sampann-high-in-fibre-poha/pvid/21d8b605-47ae-4e2d-8ec0-5e7e728a68de | R77: 2026-09-11 12:06:04
A78: 400051 | B78: MTR Roasted Vermicelli | C78: MTR Roasted Vermicelli | D78: In Stock | E78: No | F78: Dairy & Breakfast | G78: Vermicelli | H78: https://www.zepto.com/pn/mtr-roasted-vermicelli/pvid/676f68e5-b139-442f-85d0-e5a98df7a982 | I78: 61 | J78: 67 | L78: 1 pack (400 g) | M78: 74aa405e-238e-4103-abb3-096bd7e6f553 | N78: 400 | O78: g | P78: 400051 | Q78: https://www.zepto.com/pn/mtr-roasted-vermicelli/pvid/676f68e5-b139-442f-85d0-e5a98df7a982 | R78: 2026-09-11 12:06:08
A79: 400051 | B79: Happilo Premium Natural Californian Almonds | C79: Happilo Popular California Almonds | D79: In Stock | E79: No | F79: Dry Fruits, Masala & Oil | G79: Dry Fruits | H79: https://www.zepto.com/pn/happilo-popular-california-almonds-badam-giri-dry-fruits/pvid/001c9b87-508c-4d3c-ac83-dcae6dc92d25 | I79: 532 | J79: 650 | L79: 1 pack (400 g) | M79: 74aa405e-238e-4103-abb3-096bd7e6f553 | N79: 400 | O79: g | P79: 400051 | Q79: https://www.zepto.com/pn/happilo-popular-california-almonds-badam-giri-dry-fruits/pvid/001c9b87-508c-4d3c-ac83-dcae6dc92d25 | R79: 2026-09-11 12:06:10
A80: 400051 | B80: Amul Pure Ghee | C80: Amul Pure Ghee Pouch | D80: Out of Stock | E80: No | F80: Dry Fruits, Masala & Oil | G80: Ghee & Vanaspati | H80: https://www.zepto.com/pn/amul-pure-ghee-pouch-classic-authentic/pvid/b3627f55-0813-4b59-9133-ba0f7d956b88 | I80: 623 | J80: 640 | L80: 1 pack (1 L) | M80: 74aa405e-238e-4103-abb3-096bd7e6f553 | N80: 1000 | O80: ml | P80: 400051 | Q80: https://www.zepto.com/pn/amul-pure-ghee-pouch-classic-authentic/pvid/b3627f55-0813-4b59-9133-ba0f7d956b88 | R80: 2026-09-11 12:06:13
... A96: 400051 | B96: Kettle Studio Rock Sea Salt & English Vinegar Potato Chips | C96: Kettle Studio Rock Sea Salt &amp; English Vinegar Potato Chips | D96: In Stock | E96: No | F96: Organic & Premium | G96: Snacks & Munchies | H96: https://www.zepto.com/pn/kettle-studio-rock-sea-salt-english-vinegar-potato-chips/pvid/2ce31646-4aba-41c8-a5f6-2aa57c9597bd | I96: 99 | J96: 99 | L96: 1 pack (113 g or 120 g) | M96: f9e3aef6-a8b9-4bb4-9177-a7ca316dfd71 | N96: 113 | O96: g | P96: 400051 | Q96: https://www.zepto.com/pn/kettle-studio-rock-sea-salt-english-vinegar-potato-chips/pvid/2ce31646-4aba-41c8-a5f6-2aa57c9597bd | R96: 2026-09-11 12:07:48
A97: 400051 | B97: Marlboro Advance Compact | C97: Marlboro Gold Advance | D97: In Stock | E97: No | F97: Paan Corner | G97: Cigarettes | H97: https://www.zepto.com/pn/marlboro-gold-advance/pvid/dd123d9e-6538-4481-9bbc-82d8b1846dcf | I97: 240 | J97: 240 | L97: 1 pack (10 pcs) | M97: f9e3aef6-a8b9-4bb4-9177-a7ca316dfd71 | P97: 400051 | Q97: https://www.zepto.com/pn/marlboro-gold-advance/pvid/dd123d9e-6538-4481-9bbc-82d8b1846dcf | R97: 2026-09-11 12:07:51
A98: 400051 | B98: Nicotex Mint Plus Nicotine Gum | C98: Nicotex Gums Mint Plus 2mg Tin | D98: In Stock | E98: No | F98: Paan Corner | G98: Smoking Cessation | H98: https://www.zepto.com/pn/nicotex-gums-mint-plus-2mg-tin/pvid/8234eb8e-6114-4361-9ce4-55444988cc49 | I98: 279 | J98: 300.01 | L98: 1 pack (25 pcs) | M98: f9e3aef6-a8b9-4bb4-9177-a7ca316dfd71 | P98: 400051 | Q98: https://www.zepto.com/pn/nicotex-gums-mint-plus-2mg-tin/pvid/8234eb8e-6114-4361-9ce4-55444988cc49 | R98: 2026-09-11 12:07:54
A99: 400051 | B99: Dettol Original Bathing Bar | C99: Dettol Original Bathing Soap Bar with 12hr Protective Shield | D99: In Stock | E99: No | F99: Personal Care | G99: Bathing Soaps | H99: https://www.zepto.com/pn/dettol-original-bathing-soap-bar-with-12hr-protective-shield/pvid/e58800c0-17aa-4d6a-80d0-c900ccea9d51 | I99: 160 | J99: 178 | L99: 1 pack (4 x 100 g) | M99: f9e3aef6-a8b9-4bb4-9177-a7ca316dfd71 | N99: 400 | O99: g | P99: 400051 | Q99: https://www.zepto.com/pn/dettol-original-bathing-soap-bar-with-12hr-protective-shield/pvid/e58800c0-17aa-4d6a-80d0-c900ccea9d51 | R99: 2026-09-11 12:07:58
A100: 400051 | B100: Nivea Men Fresh Active Men's Roll On | C100: Nivea Fresh Active Underarm Roll On 72h Protection | D100: In Stock | E100: No | F100: Personal Care | G100: Deodorant & Talc | H100: https://www.zepto.com/pn/nivea-fresh-active-underarm-roll-on-72h-protection/pvid/1a57ddc5-bfa3-414e-bc20-67decf8ad872 | I100: 162 | J100: 249 | L100: 1 pc (50 ml) | M100: f9e3aef6-a8b9-4bb4-9177-a7ca316dfd71 | N100: 50 | O100: ml | P100: 400051 | Q100: https://www.zepto.com/pn/nivea-fresh-active-underarm-roll-on-72h-protection/pvid/1a57ddc5-bfa3-414e-bc20-67decf8ad872 | R100: 2026-09-11 12:08:01
A101: 400051 | B101: Nivea Cocoa Nourish Body Lotion | C101: NIVEA Cocoa Nourish Body Lotion | D101: In Stock | E101: No | F101: Personal Care | G101: Face & Body Moisturizers | H101: https://www.zepto.com/pn/nivea-cocoa-nourish-body-lotiondeep-moisture-serumnon-greasymoisturiser-for-very-dry-skin/pvid/c3b939d1-e0cf-4af1-92b0-c6a7223034ce | I101: 294 | J101: 599 | L101: 1 pc (400 ml) | M101: f9e3aef6-a8b9-4bb4-9177-a7ca316dfd71 | N101: 400 | O101: ml | P101: 400051 | Q101: https://www.zepto.com/pn/nivea-cocoa-nourish-body-lotiondeep-moisture-serumnon-greasymoisturiser-for-very-dry-skin/pvid/c3b939d1-e0cf-4af1-92b0-c6a7223034ce | R101: 2026-09-11 12:08:04
A102: 400051 | B102: Himalaya Purifying Neem Face Wash | C102: Himalaya Natural Glow Kesar Face Wash | D102: Out of Stock | E102: No | F102: Personal Care | G102: Face Cleaning | H102: https://www.zepto.com/pn/himalaya-natural-glow-kesar-face-wash/pvid/68d5eacf-33ae-459b-a6c1-310f1fd1c4a4 | I102: 190 | J102: 279 | L102: 1 pc (150 ml) | M102: f9e3aef6-a8b9-4bb4-9177-a7ca316dfd71 | N102: 150 | O102: ml | P102: 400051 | Q102: https://www.zepto.com/pn/himalaya-natural-glow-kesar-face-wash/pvid/68d5eacf-33ae-459b-a6c1-310f1fd1c4a4 | R102: 2026-09-11 12:08:06
A103: 400051 | B103: Whisper Choice Ultra Sanitary Pads | C103: Whisper Choice Ultra XL Sanitary Pads | D103: Out of Stock | E103: No | F103: Personal Care | G103: Feminine Care | H103: https://www.zepto.com/pn/whisper-choice-ultra-xl-sanitary-pads/pvid/f0673c5f-92d3-4a63-90c4-54ae0e764887 | I103: 50 | J103: 50 | L103: 1 pack (6 pcs) | M103: f9e3aef6-a8b9-4bb4-9177-a7ca316dfd71 | P103: 400051 | Q103: https://www.zepto.com/pn/whisper-choice-ultra-xl-sanitary-pads/pvid/f0673c5f-92d3-4a63-90c4-54ae0e764887 | R103: 2026-09-11 12:08:09
A104: 400051 | B104: Dove Daily Shine Shampoo For Dull Hair | C104: Dove Daily Shine Shampoo | D104: In Stock | E104: No | F104: Personal Care | G104: Hair Care | H104: https://www.zepto.com/pn/dove-daily-shine-shampoo/pvid/b45fe06f-fd6c-4f9f-acdb-55a7868e9561 | I104: 188 | J104: 189 | L104: 1 pc (180 ml) | M104: f9e3aef6-a8b9-4bb4-9177-a7ca316dfd71 | N104: 180 | O104: ml | P104: 400051 | Q104: https://www.zepto.com/pn/dove-daily-shine-shampoo/pvid/b45fe06f-fd6c-4f9f-acdb-55a7868e9561 | R104: 2026-09-11 12:08:12
A105: 400051 | B105: Parachute 100% Pure Coconut Oil | C105: Parachute Coconut Oil | D105: In Stock | E105: No | F105: Personal Care | G105: Hair Care | H105: https://www.zepto.com/pn/parachute-100-pure-coconut-oil/pvid/709bd327-baf4-4104-a46d-fdba2b80b99c | I105: 170 | J105: 199 | L105: 1 pc (300 ml or 330 ml) | M105: f9e3aef6-a8b9-4bb4-9177-a7ca316dfd71 | N105: 300 | O105: ml | P105: 400051 | Q105: https://www.zepto.com/pn/parachute-100-pure-coconut-oil/pvid/709bd327-baf4-4104-a46d-fdba2b80b99c | R105: 2026-09-11 12:08:14
A106: 400051 | B106: Dettol Skincare Hand Wash Refill | C106: Dettol Skincare Hand Wash Refill | D106: Out of Stock | E106: No | F106: Personal Care | G106: Handwash | H106: https://www.zepto.com/pn/dettol-skincare-hand-wash-refill-moisturizing-handwash-ph-balance-gentle-on-skin/pvid/37e5968e-ebfc-482e-a645-1c499aa4f75b | I106: 101 | J106: 109 | L106: 675 ml | M106: f9e3aef6-a8b9-4bb4-9177-a7ca316dfd71 | N106: 675 | O106: ml | P106: 400051 | Q106: https://www.zepto.com/pn/dettol-skincare-hand-wash-refill-moisturizing-handwash-ph-balance-gentle-on-skin/pvid/37e5968e-ebfc-482e-a645-1c499aa4f75b | R106: 2026-09-11 12:08:17
A107: 400051 | B107: Gillette Mach 3 Men's Razor | C107: Gillette Mach3 Men&#x27;s Razor with 2 Cartridges | D107: In Stock | E107: No | F107: Personal Care | G107: Men's Grooming | H107: https://www.zepto.com/pn/gillette-mach3-mens-razor-with-2-cartridges/pvid/2ca03ded-aefb-4238-b02c-2574a851d3cc | I107: 399 | J107: 474 | L107: 1 set | M107: f9e3aef6-a8b9-4bb4-9177-a7ca316dfd71 | P107: 400051 | Q107: https://www.zepto.com/pn/gillette-mach3-mens-razor-with-2-cartridges/pvid/2ca03ded-aefb-4238-b02c-2574a851d3cc | R107: 2026-09-11 12:08:20
A108: 400051 | B108: Colgate Strong Teeth Anticavity Toothpaste (150 g) | C108: Colgate Strong Teeth Anticavity Toothpaste | D108: Out of Stock | E108: No | F108: Personal Care | G108: Oral Care | H108: https://www.zepto.com/pn/colgate-strong-teeth-anticavity-toothpaste/pvid/832ae6e2-385b-41c3-823e-d08b41a9a9a7 | I108: 103 | J108: 103 | L108: 1 pc (150 g) | M108: f9e3aef6-a8b9-4bb4-9177-a7ca316dfd71 | N108: 150 | O108: g | P108: 400051 | Q108: https://www.zepto.com/pn/colgate-strong-teeth-anticavity-toothpaste/pvid/832ae6e2-385b-41c3-823e-d08b41a9a9a7 | R108: 2026-09-11 12:08:24
A109: 400051 | B109: Dove Refreshing Body Wash | C109: Dove Deeply Nourishing Body Wash | D109: In Stock | E109: No | F109: Personal Care | G109: Shower Gels & Body Wash | H109: https://www.zepto.com/pn/dove-deeply-nourishing-body-wash/pvid/dca9c355-4eb0-463c-8378-5d6f5e7cf94e | I109: 170 | J109: 195 | L109: 1 pack (250 ml or 300 ml) | M109: f9e3aef6-a8b9-4bb4-9177-a7ca316dfd71 | N109: 250 | O109: ml | P109: 400051 | Q109: https://www.zepto.com/pn/dove-deeply-nourishing-body-wash/pvid/dca9c355-4eb0-463c-8378-5d6f5e7cf94e | R109: 2026-09-11 12:08:27
A110: 400051 | B110: Lakme Sunscreen Gel (SPF 50 PA++++) | C110: Lakme Matte Sunscreen SPF 50 PA+++ UVA | D110: In Stock | E110: No | F110: Personal Care | G110: Sunscreen | H110: https://www.zepto.com/pn/lakme-matte-sunscreen-spf-50-pa-uvab-protection/pvid/e988bffa-4f4e-44fa-8421-3e7c68555fd4 | I110: 279 | J110: 395 | L110: 1 pc (50 ml) | M110: f9e3aef6-a8b9-4bb4-9177-a7ca316dfd71 | N110: 50 | O110: ml | P110: 400051 | Q110: https://www.zepto.com/pn/lakme-matte-sunscreen-spf-50-pa-uvab-protection/pvid/e988bffa-4f4e-44fa-8421-3e7c68555fd4 | R110: 2026-09-11 12:08:30
A111: 400051 | B111: Dettol Antiseptic Liquid - 250 ml | C111: Dettol Antiseptic Liquid for First Aid, Surface Disinfection and Personal Hygiene | D111: In Stock | E111: No | F111: Pharma & Wellness | G111: Antiseptic Liquid | H111: https://www.zepto.com/pn/dettol-antiseptic-liquid-for-first-aid-surface-disinfection-and-personal-hygiene/pvid/47d17b95-f6b5-413d-9f67-5b8bc04a31fb | I111: 167 | J111: 167.34 | L111: 1 pc (250 ml) | M111: f9e3aef6-a8b9-4bb4-9177-a7ca316dfd71 | N111: 250 | O111: ml | P111: 400051 | Q111: https://www.zepto.com/pn/dettol-antiseptic-liquid-for-first-aid-surface-disinfection-and-personal-hygiene/pvid/47d17b95-f6b5-413d-9f67-5b8bc04a31fb | R111: 2026-09-11 12:08:34
A112: 400051 | B112: Dettol Original Instant Hand Sanitizer | C112: Dettol Original Instant Hand Sanitizer Bottle | D112: In Stock | E112: No | F112: Pharma & Wellness | G112: Masks & Sanitizers | H112: https://www.zepto.com/pn/dettol-original-instant-hand-sanitizer-bottle/pvid/1d0e0824-4bf0-4380-b0d4-6bc9f7ac0c15 | I112: 33 | J112: 35 | L112: 1 pc (52 ml) | M112: f9e3aef6-a8b9-4bb4-9177-a7ca316dfd71 | N112: 52 | O112: ml | P112: 400051 | Q112: https://www.zepto.com/pn/dettol-original-instant-hand-sanitizer-bottle/pvid/1d0e0824-4bf0-4380-b0d4-6bc9f7ac0c15 | R112: 2026-09-11 12:08:36
A113: 400051 | B113: Crocin 650 Tablets | C113: Crocin Advance Tablet | D113: In Stock | E113: No | F113: Pharma & Wellness | G113: Non-Prescription Medicines | H113: https://www.zepto.com/pn/crocin-advance-tablet/pvid/7193df5a-5e43-4403-b9d6-03de1fc7dff4 | I113: 18 | J113: 19.31 | L113: 20 Tablets | M113: f9e3aef6-a8b9-4bb4-9177-a7ca316dfd71 | P113: 400051 | Q113: https://www.zepto.com/pn/crocin-advance-tablet/pvid/7193df5a-5e43-4403-b9d6-03de1fc7dff4 | R113: 2026-09-11 12:08:40
A114: 400051 | B114: Eno Lemon Antacid | C114: ENO Lemon Ayurvedic Antacid, Gets to Work in 6 Secs for Instant Acidity Relief - Pack of 6 Sachets | D114: In Stock | E114: No | F114: Pharma & Wellness | G114: Pure OTC | H114: https://www.zepto.com/pn/eno-lemon-ayurvedic-antacid-gets-to-work-in-6-secs-for-instant-acidity-relief-pack-of-6-sachets/pvid/7ded9498-26ea-4b7d-bb39-5302752ab96a | I114: 54 | J114: 60 | L114: 1 pack (6 pcs) | M114: f9e3aef6-a8b9-4bb4-9177-a7ca316dfd71 | P114: 400051 | Q114: https://www.zepto.com/pn/eno-lemon-ayurvedic-antacid-gets-to-work-in-6-secs-for-instant-acidity-relief-pack-of-6-sachets/pvid/7ded9498-26ea-4b7d-bb39-5302752ab96a | R114: 2026-09-11 12:08:43
A115: 400051 | B115: Durex Extra Dots Condom | C115: Durex Extra Ribbed \u0026 Dotted Condom | D115: Out of Stock | E115: No | F115: Pharma & Wellness | G115: Sexual Wellness | H115: https://www.zepto.com/pn/durex-extra-ribbed-dotted-condom/pvid/d3763834-3b0c-40fe-8a17-17a6050aac83 | I115: 363 | J115: 427 | L115: 1pack (12 pcs) | M115: f9e3aef6-a8b9-4bb4-9177-a7ca316dfd71 | P115: 400051 | Q115: https://www.zepto.com/pn/durex-extra-ribbed-dotted-condom/pvid/d3763834-3b0c-40fe-8a17-17a6050aac83 | R115: 2026-09-11 12:08:46
A116: 400051 | B116: Ching's Secret Dark Soy Sauce Rich, Brown and Zesty | C116: Ching's Secret Dark Soy Sauce, Rich, Brown and Zesty | D116: In Stock | E116: No | F116: Sauces & Spreads | G116: Asian Sauces | H116: https://www.zepto.com/pn/chings-secret-dark-soy-sauce-rich-brown-and-zesty/pvid/c1694850-d698-470b-ba2d-3fba83d3a49b | I116: 56 | J116: 60 | L116: 1 pc (210 g) | M116: f9e3aef6-a8b9-4bb4-9177-a7ca316dfd71 | N116: 210 | O116: g | P116: 400051 | Q116: https://www.zepto.com/pn/chings-secret-dark-soy-sauce-rich-brown-and-zesty/pvid/c1694850-d698-470b-ba2d-3fba83d3a49b | R116: 2026-09-11 12:08:50
A117: 400051 | B117: Veeba Salsa Dip | C117: Veeba Salsa Dip | D117: Out of Stock | E117: No | F117: Sauces & Spreads | G117: Dips & Salad Dressings | H117: https://www.zepto.com/pn/veeba-salsa-dip/pvid/aeecb788-d5a5-4adc-8f53-8c1e0fd5f9c5 | I117: 150 | J117: 175 | L117: 1 pc (360 g) | M117: f9e3aef6-a8b9-4bb4-9177-a7ca316dfd71 | N117: 360 | O117: g | P117: 400051 | Q117: https://www.zepto.com/pn/veeba-salsa-dip/pvid/aeecb788-d5a5-4adc-8f53-8c1e0fd5f9c5 | R117: 2026-09-11 12:08:52
A118: 400051 | B118: Mother's Recipe Mango Pickle | C118: Mother&#x27;s Recipe Mango Pickle | D118: In Stock | E118: No | F118: Sauces & Spreads | G118: Indian Chutney & Pickle | H118: https://www.zepto.com/pn/mothers-recipe-mango-pickle/pvid/4b4f3888-d771-4486-9735-1cc3f94f0e98 | I118: 110 | J118: 110 | L118: 1 pc (300 g) | M118: f9e3aef6-a8b9-4bb4-9177-a7ca316dfd71 | N118: 300 | O118: g | P118: 400051 | Q118: https://www.zepto.com/pn/mothers-recipe-mango-pickle/pvid/4b4f3888-d771-4486-9735-1cc3f94f0e98 | R118: 2026-09-11 12:08:56
